수집일,위스키명,top_product_id,데일리샷상품명,seller_id,셀러명,업종,지역,가격_KRW,할인율,sales_count,vivino_score,review_count,국내위치,정확도
2026-08-16,1792 스몰배치,14532,1792 스몰 배치 700ml,18609,스마일 슈퍼 강동점,주류전문샵,서울 강동구,59000,0,,,2,이마트 / 트레이더스,정확
2026-08-16,가쿠빈,2981,산토리 가쿠빈,14600,CU 서초동아타워점,CU편의점,서울특별시 서초구,35800,20,"구매 8,000+",,3642,코스트코 / 트레이더스,근접
2026-08-16,가쿠빈,2981,산토리 가쿠빈,52133,이마트24 서초네오점,이마트24,서울특별시 서초구,35840,20,"구매 8,000+",,3642,코스트코 / 트레이더스,근접
2026-08-16,가쿠빈,2981,산토리 가쿠빈,16362,리쿼하우스,주류전문샵,서울 강남구,37900,0,"구매 8,000+",,3642,코스트코 / 트레이더스,근접
2026-08-16,가쿠빈,2981,산토리 가쿠빈,51587,팔도밀방 강남본점,픽업제휴,서울 강남구,37900,11,"구매 8,000+",,3642,코스트코 / 트레이더스,근접
2026-08-16,골든블루 다이아몬드,4975,골든블루 더 다이아몬드,15038,보틀즈 논현,주류전문샵,서울 강남구,49000,0,,,18,트레이더스,근접
2026-08-16,골든블루 다이아몬드,4975,골든블루 더 다이아몬드,46605,이마트24 역삼초교점,이마트24,서울특별시 강남구,57000,0,,,18,트레이더스,근접
2026-08-16,골든블루 다이아몬드,4975,골든블루 더 다이아몬드,41431,참치집 진주초전점,픽업제휴,경남 진주시,50200,0,,,18,트레이더스,근접
2026-08-16,골든블루 다이아몬드,4975,골든블루 더 다이아몬드,41525,CU 서초삼성타운점,CU편의점,서울특별시 서초구,59000,0,,,18,트레이더스,근접
2026-08-16,골든블루 사피루스,24358,골든블루 더 사피루스 330ml,41431,참치집 진주초전점,픽업제휴,경남 진주시,25200,0,,,1,트레이더스,근접
2026-08-16,글렌그란트 12년,3155,더 글렌그란트 12년,34631,CU 강남푸르지오점,CU편의점,서울특별시 강남구,57800,46,"구매 5,700+",,875,트레이더스,근접
2026-08-16,글렌그란트 12년,3155,더 글렌그란트 12년,16362,리쿼하우스,주류전문샵,서울 강남구,59900,0,"구매 5,700+",,875,트레이더스,근접
2026-08-16,글렌그란트 12년,3155,더 글렌그란트 12년,53934,나무소리,픽업제휴,경기 가평군,72000,33,"구매 5,700+",,875,트레이더스,근접
2026-08-16,글렌그란트 15년,4307,더 글렌그란트 15년 배치 스트렝스,34631,CU 강남푸르지오점,CU편의점,서울특별시 강남구,109000,31,"구매 6,200+",,756,트레이더스,근접
2026-08-16,글렌그란트 15년,4307,더 글렌그란트 15년 배치 스트렝스,51587,팔도밀방 강남본점,픽업제휴,서울 강남구,142900,0,"구매 6,200+",,756,트레이더스,근접
2026-08-16,글렌그란트 15년,4307,더 글렌그란트 15년 배치 스트렝스,38330,CU 반포미도점,CU편의점,서울특별시 서초구,139000,0,"구매 6,200+",,756,트레이더스,근접
2026-08-16,글렌드로낙 12년,23310,더 글렌드로낙 12년,16362,리쿼하우스,주류전문샵,서울 강남구,77000,0,"구매 3,500+",,245,트레이더스,근접
2026-08-16,글렌드로낙 12년,23310,더 글렌드로낙 12년,16300,60계치킨 천안직산점,픽업제휴,충남 천안시,94900,20,"구매 3,500+",,245,트레이더스,근접
2026-08-16,글렌드로낙 12년,23310,더 글렌드로낙 12년,52133,이마트24 서초네오점,이마트24,서울특별시 서초구,108000,10,"구매 3,500+",,245,트레이더스,근접
2026-08-16,글렌리벳 12년,2330,더 글렌리벳 12년,16362,리쿼하우스,주류전문샵,서울 강남구,60900,0,구매 1만+,,1559,트레이더스,근접
2026-08-16,글렌리벳 12년,2330,더 글렌리벳 12년,42344,CU 역삼HK스퀘어점,CU편의점,서울 강남구,78000,29,구매 1만+,,1559,트레이더스,근접
2026-08-16,글렌리벳 12년,2330,더 글렌리벳 12년,34631,CU 강남푸르지오점,CU편의점,서울특별시 강남구,78000,29,구매 1만+,,1559,트레이더스,근접
2026-08-16,글렌리벳 12년,2330,더 글렌리벳 12년,910,오향한방족발,픽업제휴,경기 수원시,78000,26,구매 1만+,,1559,트레이더스,근접
2026-08-16,글렌리벳 15년,1649,더 글렌리벳 15년,16362,리쿼하우스,주류전문샵,서울 강남구,89000,0,"구매 3,000+",,404,코스트코 / 트레이더스,근접
2026-08-16,글렌리벳 15년,1649,더 글렌리벳 15년,46605,이마트24 역삼초교점,이마트24,서울특별시 강남구,116000,26,"구매 3,000+",,404,코스트코 / 트레이더스,근접
2026-08-16,글렌리벳 15년,1649,더 글렌리벳 15년,41431,참치집 진주초전점,픽업제휴,경남 진주시,106700,0,"구매 3,000+",,404,코스트코 / 트레이더스,근접
2026-08-16,글렌리벳 17년 스몰배치,34654,더 글렌리벳 17년 스몰 배치 2,37542,모닝와인 성남점,주류전문샵,경기 성남시,255000,0,,,4,트레이더스,근접
2026-08-16,글렌리벳 19년 스몰배치,34345,더 글렌리벳 19년 스몰 배치,14553,보틀벙커 잠실점,주류전문샵,서울 송파구,380000,0,,,1,트레이더스,근접
2026-08-16,글렌모렌지 12년,8196,글렌모렌지 라산타 12년,16362,리쿼하우스,주류전문샵,서울 강남구,92000,0,,,230,코스트코 / 트레이더스,근접
2026-08-16,글렌모렌지 12년,8196,[마지막재고 찬스] 글렌모렌지 라산타 12년,51587,팔도밀방 강남본점,픽업제휴,서울 강남구,99900,0,,,230,코스트코 / 트레이더스,근접
2026-08-16,글렌모렌지 15년,29554,글렌모렌지 더 라산타 15년,16362,리쿼하우스,주류전문샵,서울 강남구,97000,0,,,14,트레이더스,근접
2026-08-16,글렌모렌지 15년,29554,글렌모렌지 더 라산타 15년,51587,팔도밀방 강남본점,픽업제휴,서울 강남구,136600,14,,,14,트레이더스,근접
2026-08-16,글렌알라키 10년 루비 포트,23695,글렌알라키 10년 루비 포트 우드 피니시,17260,루원주류마켓,주류전문샵,인천 서구,179100,0,,,3,트레이더스,근접
2026-08-16,글렌피딕 12년,2329,글렌피딕 12년 700ml,16362,리쿼하우스,주류전문샵,서울 강남구,72000,0,구매 1만+,,1346,트레이더스,근접
2026-08-16,글렌피딕 12년,2329,글렌피딕 12년 700ml,34631,CU 강남푸르지오점,CU편의점,서울특별시 강남구,73900,19,구매 1만+,,1346,트레이더스,근접
2026-08-16,글렌피딕 12년,2329,글렌피딕 12년 700ml,46605,이마트24 역삼초교점,이마트24,서울특별시 강남구,74900,35,구매 1만+,,1346,트레이더스,근접
2026-08-16,글렌피딕 12년,2329,글렌피딕 12년 700ml,51587,팔도밀방 강남본점,픽업제휴,서울 강남구,86900,0,구매 1만+,,1346,트레이더스,근접
2026-08-16,글렌피딕 12년,2329,글렌피딕 12년 700ml,52133,이마트24 서초네오점,이마트24,서울특별시 서초구,93000,21,구매 1만+,,1346,트레이더스,근접
2026-08-16,글렌피딕 12년,2329,글렌피딕 12년 700ml,36600,CU 서초에피소드점,CU편의점,서울 서초구,89000,0,구매 1만+,,1346,트레이더스,근접
2026-08-16,글렌피딕 14년 버번배럴,22707,글렌피딕 14년 버번 배럴 리저브,52133,이마트24 서초네오점,이마트24,서울특별시 서초구,111000,17,,,74,트레이더스,근접
2026-08-16,글렌피딕 14년 버번배럴,22707,글렌피딕 14년 버번 배럴 리저브,16362,리쿼하우스,주류전문샵,서울 강남구,105000,0,,,74,트레이더스,근접
2026-08-16,글렌피딕 14년 버번배럴,22707,글렌피딕 14년 버번 배럴 리저브,41431,참치집 진주초전점,픽업제휴,경남 진주시,135300,0,,,74,트레이더스,근접
2026-08-16,글렌피딕 14년 버번배럴,22707,글렌피딕 14년 버번 배럴 리저브,5366,CU 서초도씨에빛점,CU편의점,서울특별시 서초구,120000,0,,,74,트레이더스,근접
2026-08-16,글렌피딕 15년,1650,글렌피딕 15년,2827,와인파크 역삼점,주류전문샵,서울 강남구,169000,0,"구매 5,600+",,1669,코스트코 / 트레이더스,근접
2026-08-16,글렌피딕 15년,1650,글렌피딕 15년,34631,CU 강남푸르지오점,CU편의점,서울특별시 강남구,104900,23,"구매 5,600+",,1669,코스트코 / 트레이더스,근접
2026-08-16,글렌피딕 15년,1650,글렌피딕 15년,46605,이마트24 역삼초교점,이마트24,서울특별시 강남구,108900,32,"구매 5,600+",,1669,코스트코 / 트레이더스,근접
2026-08-16,글렌피딕 15년,1650,글렌피딕 15년,42275,땅땅치킨 매천점,픽업제휴,대구 북구,119900,22,"구매 5,600+",,1669,코스트코 / 트레이더스,근접
2026-08-16,글렌피딕 15년,1650,글렌피딕 15년,42953,CU 서초우리점,CU편의점,서울 서초구,132000,0,"구매 5,600+",,1669,코스트코 / 트레이더스,근접
2026-08-16,글렌피딕 15년,1650,글렌피딕 15년,52133,이마트24 서초네오점,이마트24,서울특별시 서초구,158000,0,"구매 5,600+",,1669,코스트코 / 트레이더스,근접
2026-08-16,글렌피딕 15년 싱글 몰트 위스키,1650,글렌피딕 15년,2827,와인파크 역삼점,주류전문샵,서울 강남구,169000,0,"구매 5,600+",,1669,코스트코,근접
2026-08-16,글렌피딕 15년 싱글 몰트 위스키,1650,글렌피딕 15년,34631,CU 강남푸르지오점,CU편의점,서울특별시 강남구,104900,23,"구매 5,600+",,1669,코스트코,근접
2026-08-16,글렌피딕 15년 싱글 몰트 위스키,1650,글렌피딕 15년,46605,이마트24 역삼초교점,이마트24,서울특별시 강남구,108900,32,"구매 5,600+",,1669,코스트코,근접
2026-08-16,글렌피딕 15년 싱글 몰트 위스키,1650,글렌피딕 15년,42275,땅땅치킨 매천점,픽업제휴,대구 북구,119900,22,"구매 5,600+",,1669,코스트코,근접
2026-08-16,글렌피딕 15년 싱글 몰트 위스키,1650,글렌피딕 15년,52133,이마트24 서초네오점,이마트24,서울특별시 서초구,158000,0,"구매 5,600+",,1669,코스트코,근접
2026-08-16,글렌피딕 15년 싱글 몰트 위스키,1650,글렌피딕 15년,42953,CU 서초우리점,CU편의점,서울 서초구,132000,0,"구매 5,600+",,1669,코스트코,근접
2026-08-16,글렌피딕 15년 싱글트 위스키,1650,글렌피딕 15년,2827,와인파크 역삼점,주류전문샵,서울 강남구,169000,0,"구매 5,600+",,1669,코스트코,근접
2026-08-16,글렌피딕 15년 싱글트 위스키,1650,글렌피딕 15년,34631,CU 강남푸르지오점,CU편의점,서울특별시 강남구,104900,23,"구매 5,600+",,1669,코스트코,근접
2026-08-16,글렌피딕 15년 싱글트 위스키,1650,글렌피딕 15년,46605,이마트24 역삼초교점,이마트24,서울특별시 강남구,108900,32,"구매 5,600+",,1669,코스트코,근접
2026-08-16,글렌피딕 15년 싱글트 위스키,1650,글렌피딕 15년,42275,땅땅치킨 매천점,픽업제휴,대구 북구,119900,22,"구매 5,600+",,1669,코스트코,근접
2026-08-16,글렌피딕 15년 싱글트 위스키,1650,글렌피딕 15년,42953,CU 서초우리점,CU편의점,서울 서초구,132000,0,"구매 5,600+",,1669,코스트코,근접
2026-08-16,글렌피딕 15년 싱글트 위스키,1650,글렌피딕 15년,52133,이마트24 서초네오점,이마트24,서울특별시 서초구,158000,0,"구매 5,600+",,1669,코스트코,근접
2026-08-16,달모어 12년,3167,달모어 12년,16362,리쿼하우스,주류전문샵,서울 강남구,113000,0,"구매 1,000+",,246,트레이더스,근접
2026-08-16,달모어 12년,3167,달모어 12년,34631,CU 강남푸르지오점,CU편의점,서울특별시 강남구,119000,14,"구매 1,000+",,246,트레이더스,근접
2026-08-16,달모어 12년,3167,달모어 12년,5368,CU 서초어벤져스점,CU편의점,서울특별시 서초구,119000,14,"구매 1,000+",,246,트레이더스,근접
2026-08-16,달모어 12년,3167,달모어 12년,41431,참치집 진주초전점,픽업제휴,경남 진주시,117000,0,"구매 1,000+",,246,트레이더스,근접
2026-08-16,달모어 12년,3167,달모어 12년,52133,이마트24 서초네오점,이마트24,서울특별시 서초구,149000,0,"구매 1,000+",,246,트레이더스,근접
2026-08-16,달모어 12년,3167,달모어 12년,46605,이마트24 역삼초교점,이마트24,서울특별시 강남구,119800,18,"구매 1,000+",,246,트레이더스,근접
2026-08-16,달모어 2005 빈티지,5485,[매장행사중 재고확인] 달모어 2005 빈티지,149,고래맥주창고 방이점,주류전문샵,서울 송파구,879000,0,,,2,트레이더스,근접
2026-08-16,듀어스 12년,3695,듀어스 12년 700ml,16362,리쿼하우스,주류전문샵,서울 강남구,48000,0,"구매 7,500+",,1094,트레이더스,근접
2026-08-16,듀어스 12년,3695,듀어스 12년 700ml,34631,CU 강남푸르지오점,CU편의점,서울특별시 강남구,43800,24,"구매 7,500+",,1094,트레이더스,근접
2026-08-16,듀어스 12년,3695,듀어스 12년 700ml,41431,참치집 진주초전점,픽업제휴,경남 진주시,51100,0,"구매 7,500+",,1094,트레이더스,근접
2026-08-16,듀어스 12년,3695,듀어스 12년 700ml,53377,CU 역삼황제펭귄점,CU편의점,서울 강남구,57900,0,"구매 7,500+",,1094,트레이더스,근접
2026-08-16,듀어스 15년,6778,듀어스 15년,34631,CU 강남푸르지오점,CU편의점,서울특별시 강남구,69900,18,,,17,트레이더스,근접
2026-08-16,듀어스 15년,6778,듀어스 15년,16362,리쿼하우스,주류전문샵,서울 강남구,68000,0,,,17,트레이더스,근접
2026-08-16,듀어스 15년,6778,듀어스 15년,41431,참치집 진주초전점,픽업제휴,경남 진주시,78800,9,,,17,트레이더스,근접
2026-08-16,듀어스 18년,4781,듀어스 18년,16362,리쿼하우스,주류전문샵,서울 강남구,118000,0,,,102,트레이더스,근접
2026-08-16,듀어스 18년,4781,듀어스 18년,46605,이마트24 역삼초교점,이마트24,서울특별시 강남구,180000,0,,,102,트레이더스,근접
2026-08-16,듀어스 18년,4781,듀어스 18년,1418,불막열삼 밀양삼문점,픽업제휴,경남 밀양시,163700,23,,,102,트레이더스,근접
2026-08-16,라프로익 10년,27365,라프로익 10년 40% 700ml,4504,바틀드,주류전문샵,서울 강남구,92000,0,,,11,이마트 / 트레이더스,근접
2026-08-16,라프로익 오크 셀렉트,26316,라프로익 오크 셀렉트,34631,CU 강남푸르지오점,CU편의점,서울특별시 강남구,48000,4,,,21,이마트,근접
2026-08-16,라프로익 오크 셀렉트,26316,라프로익 오크 셀렉트,51818,위스키 오크통,주류전문샵,서울 서초구,62000,0,,,21,이마트,근접
2026-08-16,로얄 브라클라 12년,7329,로얄 브라클라 12년,16362,리쿼하우스,주류전문샵,서울 강남구,89900,0,"구매 4,400+",,488,코스트코 / 트레이더스,근접
2026-08-16,로얄 브라클라 12년,7329,로얄 브라클라 12년,34631,CU 강남푸르지오점,CU편의점,서울특별시 강남구,105000,24,"구매 4,400+",,488,코스트코 / 트레이더스,근접
2026-08-16,로얄 브라클라 12년,7329,로얄 브라클라 12년,52133,이마트24 서초네오점,이마트24,서울특별시 서초구,125000,0,"구매 4,400+",,488,코스트코 / 트레이더스,근접
2026-08-16,로얄 브라클라 12년,7329,로얄 브라클라 12년,41431,참치집 진주초전점,픽업제휴,경남 진주시,101900,0,"구매 4,400+",,488,코스트코 / 트레이더스,근접
2026-08-16,로얄 브라클라 12년,7329,로얄 브라클라 12년,14600,CU 서초동아타워점,CU편의점,서울특별시 서초구,109000,8,"구매 4,400+",,488,코스트코 / 트레이더스,근접
2026-08-16,로얄 살루트 21년,3208,로얄살루트 21년 700ml,16362,리쿼하우스,주류전문샵,서울 강남구,195000,0,"구매 6,800+",,1431,트레이더스,근접
2026-08-16,로얄 살루트 21년,3208,로얄살루트 21년 700ml,51587,팔도밀방 강남본점,픽업제휴,서울 강남구,198000,39,"구매 6,800+",,1431,트레이더스,근접
2026-08-16,로얄 살루트 21년,3208,로얄살루트 21년 700ml,34631,CU 강남푸르지오점,CU편의점,서울특별시 강남구,258000,17,"구매 6,800+",,1431,트레이더스,근접
2026-08-16,로얄 살루트 21년,3208,로얄살루트 21년 700ml,46605,이마트24 역삼초교점,이마트24,서울특별시 강남구,258000,22,"구매 6,800+",,1431,트레이더스,근접
2026-08-16,맥캘란 12년 더블캐스크,29166,맥캘란 12년 더블 캐스크,51587,팔도밀방 강남본점,픽업제휴,서울 강남구,104900,26,"구매 5,200+",,165,코스트코 / 트레이더스,근접
2026-08-16,맥캘란 12년 더블캐스크,29166,맥캘란 12년 더블 캐스크,16362,리쿼하우스,주류전문샵,서울 강남구,109000,0,"구매 5,200+",,165,코스트코 / 트레이더스,근접
2026-08-16,맥캘란 12년 더블캐스크,29166,맥캘란 12년 더블 캐스크,42953,CU 서초우리점,CU편의점,서울 서초구,96000,25,"구매 5,200+",,165,코스트코 / 트레이더스,근접
2026-08-16,맥캘란 12년 더블캐스크,29166,맥캘란 12년 더블 캐스크,34631,CU 강남푸르지오점,CU편의점,서울특별시 강남구,133000,0,"구매 5,200+",,165,코스트코 / 트레이더스,근접
2026-08-16,맥캘란 12년 더블캐스크,29166,맥캘란 12년 더블 캐스크,46605,이마트24 역삼초교점,이마트24,서울특별시 강남구,132000,0,"구매 5,200+",,165,코스트코 / 트레이더스,근접
2026-08-16,맥캘란 12년 더블캐스크,29166,맥캘란 12년 더블 캐스크,52133,이마트24 서초네오점,이마트24,서울특별시 서초구,134000,0,"구매 5,200+",,165,코스트코 / 트레이더스,근접
2026-08-16,몽키숄더,3211,몽키숄더,34631,CU 강남푸르지오점,CU편의점,서울특별시 강남구,43800,32,"구매 5,300+",,1469,코스트코 / 트레이더스,정확
2026-08-16,몽키숄더,3211,몽키숄더,51587,팔도밀방 강남본점,픽업제휴,서울 강남구,47900,27,"구매 5,300+",,1469,코스트코 / 트레이더스,정확
2026-08-16,몽키숄더,3211,몽키숄더,46605,이마트24 역삼초교점,이마트24,서울특별시 강남구,43800,33,"구매 5,300+",,1469,코스트코 / 트레이더스,정확
2026-08-16,몽키숄더,3211,몽키숄더,16362,리쿼하우스,주류전문샵,서울 강남구,52000,0,"구매 5,300+",,1469,코스트코 / 트레이더스,정확
2026-08-16,몽키숄더,3211,몽키숄더,52133,이마트24 서초네오점,이마트24,서울특별시 서초구,53900,17,"구매 5,300+",,1469,코스트코 / 트레이더스,정확
2026-08-16,몽키숄더,3211,몽키숄더,14600,CU 서초동아타워점,CU편의점,서울특별시 서초구,56900,12,"구매 5,300+",,1469,코스트코 / 트레이더스,정확
2026-08-16,발렌타인 10년,28927,발렌타인 10년 700ml,154,에이와인 압구정점,주류전문샵,서울 강남구,42000,0,,,9,트레이더스,근접
2026-08-16,발렌타인 10년,28927,발렌타인 10년 700ml,41431,참치집 진주초전점,픽업제휴,경남 진주시,44700,0,,,9,트레이더스,근접
2026-08-16,발렌타인 10년,28927,발렌타인 10년 700ml,46605,이마트24 역삼초교점,이마트24,서울특별시 강남구,48000,0,,,9,트레이더스,근접
2026-08-16,발렌타인 17년,5395,발렌타인 17년 700ml,124,아로마주류샵,주류전문샵,서울 강남구,120000,0,"구매 4,400+",,446,코스트코 / 트레이더스,근접
2026-08-16,발렌타인 17년,5395,발렌타인 17년 700ml,34631,CU 강남푸르지오점,CU편의점,서울특별시 강남구,147000,17,"구매 4,400+",,446,코스트코 / 트레이더스,근접
2026-08-16,발렌타인 17년,5395,발렌타인 17년 700ml,41431,참치집 진주초전점,픽업제휴,경남 진주시,150000,0,"구매 4,400+",,446,코스트코 / 트레이더스,근접
2026-08-16,발렌타인 21년,7130,발렌타인 21년,16362,리쿼하우스,주류전문샵,서울 강남구,184000,0,"구매 1,700+",,1015,코스트코 / 트레이더스,근접
2026-08-16,발렌타인 21년,7130,발렌타인 21년,51587,팔도밀방 강남본점,픽업제휴,서울 강남구,185000,43,"구매 1,700+",,1015,코스트코 / 트레이더스,근접
2026-08-16,발렌타인 21년,7130,발렌타인 21년,34631,CU 강남푸르지오점,CU편의점,서울특별시 강남구,227000,21,"구매 1,700+",,1015,코스트코 / 트레이더스,근접
2026-08-16,발렌타인 21년,7130,발렌타인 21년,5368,CU 서초어벤져스점,CU편의점,서울특별시 서초구,227000,21,"구매 1,700+",,1015,코스트코 / 트레이더스,근접
2026-08-16,발렌타인 싱글몰트 15년,25654,발렌타인 싱글몰트 글렌버기 15년,16362,리쿼하우스,주류전문샵,서울 강남구,95000,0,,,22,트레이더스,근접
2026-08-16,발렌타인 싱글몰트 15년,25654,발렌타인 싱글몰트 글렌버기 15년,34631,CU 강남푸르지오점,CU편의점,서울특별시 강남구,107500,19,,,22,트레이더스,근접
2026-08-16,발렌타인 싱글몰트 15년,25654,발렌타인 싱글몰트 글렌버기 15년,41431,참치집 진주초전점,픽업제휴,경남 진주시,104500,0,,,22,트레이더스,근접
2026-08-16,발렌타인 싱글몰트 글렌버기 16년,27674,발렌타인 싱글몰트 글렌버기 16년 스몰 배치,16715,더 몰트샵 역삼점,주류전문샵,서울 강남구,398000,0,,,2,트레이더스,근접
2026-08-16,발렌타인 파이니스트,6066,발렌타인 파이니스트 700ml,14553,보틀벙커 잠실점,주류전문샵,서울 송파구,24900,0,,,17,트레이더스,정확
2026-08-16,발베니 12년 더블우드,3190,발베니 더블우드 12년,14600,CU 서초동아타워점,CU편의점,서울특별시 서초구,99900,22,구매 3만+,,2566,코스트코 / 트레이더스,근접
2026-08-16,발베니 12년 더블우드,3190,발베니 더블우드 12년,16362,리쿼하우스,주류전문샵,서울 강남구,108000,0,구매 3만+,,2566,코스트코 / 트레이더스,근접
2026-08-16,발베니 12년 더블우드,3190,발베니 더블우드 12년,34631,CU 강남푸르지오점,CU편의점,서울특별시 강남구,102000,15,구매 3만+,,2566,코스트코 / 트레이더스,근접
2026-08-16,발베니 12년 더블우드,3190,발베니 더블우드 12년,51587,팔도밀방 강남본점,픽업제휴,서울 강남구,113900,13,구매 3만+,,2566,코스트코 / 트레이더스,근접
2026-08-16,발베니 12년 더블우드,3190,발베니 더블우드 12년,46605,이마트24 역삼초교점,이마트24,서울특별시 강남구,104900,13,구매 3만+,,2566,코스트코 / 트레이더스,근접
2026-08-16,발베니 12년 더블우드,3190,발베니 더블우드 12년,52133,이마트24 서초네오점,이마트24,서울특별시 서초구,120000,0,구매 3만+,,2566,코스트코 / 트레이더스,근접
2026-08-16,발베니 12년 싱글트 위스키,3190,발베니 더블우드 12년,14600,CU 서초동아타워점,CU편의점,서울특별시 서초구,99900,22,구매 3만+,,2566,코스트코,근접
2026-08-16,발베니 12년 싱글트 위스키,3190,발베니 더블우드 12년,16362,리쿼하우스,주류전문샵,서울 강남구,108000,0,구매 3만+,,2566,코스트코,근접
2026-08-16,발베니 12년 싱글트 위스키,3190,발베니 더블우드 12년,34631,CU 강남푸르지오점,CU편의점,서울특별시 강남구,102000,15,구매 3만+,,2566,코스트코,근접
2026-08-16,발베니 14년 캐리비안 캐스크,1652,발베니 캐리비안 캐스크 14년,34631,CU 강남푸르지오점,CU편의점,서울특별시 강남구,144000,22,"구매 1,600+",,468,코스트코 / 트레이더스,근접
2026-08-16,발베니 14년 캐리비안 캐스크,1652,발베니 캐리비안 캐스크 14년,40544,CU 강남거평점,CU편의점,서울특별시 강남구,139000,33,"구매 1,600+",,468,코스트코 / 트레이더스,근접
2026-08-16,발베니 14년 캐리비안 캐스크,1652,발베니 캐리비안 캐스크 14년,16362,리쿼하우스,주류전문샵,서울 강남구,163000,0,"구매 1,600+",,468,코스트코 / 트레이더스,근접
2026-08-16,발베니 14년 캐리비안 캐스크,1652,발베니 캐리비안 캐스크 14년,46605,이마트24 역삼초교점,이마트24,서울특별시 강남구,145000,3,"구매 1,600+",,468,코스트코 / 트레이더스,근접
2026-08-16,발베니 14년 캐리비안 캐스크,1652,발베니 캐리비안 캐스크 14년,51587,팔도밀방 강남본점,픽업제휴,서울 강남구,169900,17,"구매 1,600+",,468,코스트코 / 트레이더스,근접
2026-08-16,발베니 14년 캐리비안 캐스크,1652,발베니 캐리비안 캐스크 14년,52133,이마트24 서초네오점,이마트24,서울특별시 서초구,165000,0,"구매 1,600+",,468,코스트코 / 트레이더스,근접
2026-08-16,발베니 14년 캐리비안 케스크,1652,발베니 캐리비안 캐스크 14년,34631,CU 강남푸르지오점,CU편의점,서울특별시 강남구,144000,22,"구매 1,600+",,468,트레이더스,근접
2026-08-16,발베니 16년 프렌치 오크,6910,발베니 16년 프렌치 오크,46605,이마트24 역삼초교점,이마트24,서울특별시 강남구,232000,30,,,81,이마트,근접
2026-08-16,발베니 16년 프렌치 오크,6910,발베니 16년 프렌치 오크,34631,CU 강남푸르지오점,CU편의점,서울특별시 강남구,278000,15,,,81,이마트,근접
2026-08-16,발베니 16년 프렌치 오크,6910,발베니 16년 프렌치 오크,41431,참치집 진주초전점,픽업제휴,경남 진주시,294000,0,,,81,이마트,근접
2026-08-16,발베니 16년 프렌치 오크,6910,발베니 16년 프렌치 오크,16362,리쿼하우스,주류전문샵,서울 강남구,299000,0,,,81,이마트,근접
2026-08-16,버팔로 트레이스,10104,버팔로 트레이스 700ml,51818,위스키 오크통,주류전문샵,서울 서초구,39000,0,,,9,트레이더스,정확
2026-08-16,벨즈,2624,벨즈 700ml,14600,CU 서초동아타워점,CU편의점,서울특별시 서초구,19900,11,,,167,코스트코,정확
2026-08-16,벨즈,2624,벨즈 700ml,3618,해적마트,주류전문샵,서울 용산구,25000,0,,,167,코스트코,정확
2026-08-16,벨즈,2624,벨즈 700ml,52133,이마트24 서초네오점,이마트24,서울특별시 서초구,19900,11,,,167,코스트코,정확
2026-08-16,벨즈,2624,벨즈 700ml,41431,참치집 진주초전점,픽업제휴,경남 진주시,20100,0,,,167,코스트코,정확
2026-08-16,브라클라 12년,7329,로얄 브라클라 12년,16362,리쿼하우스,주류전문샵,서울 강남구,89900,0,"구매 4,400+",,488,코스트코,근접
2026-08-16,브라클라 12년,7329,로얄 브라클라 12년,34631,CU 강남푸르지오점,CU편의점,서울특별시 강남구,105000,24,"구매 4,400+",,488,코스트코,근접
2026-08-16,브라클라 12년,7329,로얄 브라클라 12년,41431,참치집 진주초전점,픽업제휴,경남 진주시,101900,0,"구매 4,400+",,488,코스트코,근접
2026-08-16,브라클라 12년,7329,로얄 브라클라 12년,52133,이마트24 서초네오점,이마트24,서울특별시 서초구,125000,0,"구매 4,400+",,488,코스트코,근접
2026-08-16,브라클라 12년,7329,로얄 브라클라 12년,14600,CU 서초동아타워점,CU편의점,서울특별시 서초구,109000,8,"구매 4,400+",,488,코스트코,근접
2026-08-16,산토리 가쿠빈,2981,산토리 가쿠빈,14600,CU 서초동아타워점,CU편의점,서울특별시 서초구,35800,20,"구매 8,000+",,3642,코스트코 / 트레이더스,정확
2026-08-16,산토리 가쿠빈,2981,산토리 가쿠빈,52133,이마트24 서초네오점,이마트24,서울특별시 서초구,35840,20,"구매 8,000+",,3642,코스트코 / 트레이더스,정확
2026-08-16,산토리 가쿠빈,2981,산토리 가쿠빈,16362,리쿼하우스,주류전문샵,서울 강남구,37900,0,"구매 8,000+",,3642,코스트코 / 트레이더스,정확
2026-08-16,산토리 가쿠빈,2981,산토리 가쿠빈,51587,팔도밀방 강남본점,픽업제휴,서울 강남구,37900,11,"구매 8,000+",,3642,코스트코 / 트레이더스,정확
2026-08-16,시바스 리갈 12년,12598,시바스 리갈 12년,46605,이마트24 역삼초교점,이마트24,서울특별시 강남구,39900,33,,,17,코스트코,근접
2026-08-16,시바스 리갈 12년,12598,시바스 리갈 12년,18221,29펍 UK Classic,주류전문샵,서울 강남구,54000,0,,,17,코스트코,근접
2026-08-16,시바스 리갈 12년,12598,시바스 리갈 12년,41431,참치집 진주초전점,픽업제휴,경남 진주시,53800,0,,,17,코스트코,근접
2026-08-16,아란 셰리 캐스크,4353,아란 셰리 캐스크 700ml,16362,리쿼하우스,주류전문샵,서울 강남구,119000,0,,,193,트레이더스,근접
2026-08-16,아란 셰리 캐스크,4353,아란 셰리 캐스크 700ml,41431,참치집 진주초전점,픽업제휴,경남 진주시,124700,16,,,193,트레이더스,근접
2026-08-16,아벨라워 아부나흐,3239,아벨라워 아부나흐,4639,국밥쟁이&오렌지보틀 강남역점,주류전문샵,서울 서초구,200000,0,,,69,트레이더스,정확
2026-08-16,아벨라워 아부나흐,3239,아벨라워 아부나흐,46605,이마트24 역삼초교점,이마트24,서울특별시 강남구,240000,0,,,69,트레이더스,정확
2026-08-16,에반 윌리엄스 12년,21095,에반 윌리엄스 12년,53636,와인앤모어 강남파이낸스센터점,주류전문샵,서울시 강남구,89000,0,,,55,트레이더스,근접
2026-08-16,에반 윌리엄스 블랙,20967,에반 윌리엄스 블랙 700ml,17057,사당마트,주류전문샵,서울 동작구,26000,0,,,10,이마트 / 트레이더스,정확
2026-08-16,오반 14년,3242,오반 14년,124,아로마주류샵,주류전문샵,서울 강남구,138000,0,,,171,트레이더스,근접
2026-08-16,오반 14년,3242,오반 14년,34631,CU 강남푸르지오점,CU편의점,서울특별시 강남구,149000,0,,,171,트레이더스,근접
2026-08-16,오반 14년,3242,오반 14년,44970,갈비도 세종점,픽업제휴,세종시 시청대로,152700,7,,,171,트레이더스,근접
2026-08-16,와일드터키 레어브리드,19596,와일드 터키 레어브리드,16362,리쿼하우스,주류전문샵,서울 강남구,75000,0,"구매 8,300+",,623,트레이더스,정확
2026-08-16,와일드터키 레어브리드,19596,와일드 터키 레어브리드,34631,CU 강남푸르지오점,CU편의점,서울특별시 강남구,82800,24,"구매 8,300+",,623,트레이더스,정확
2026-08-16,와일드터키 레어브리드,19596,와일드 터키 레어브리드,51870,라모따,픽업제휴,서울 강남구,99900,0,"구매 8,300+",,623,트레이더스,정확
2026-08-16,와일드터키 레어브리드,19596,와일드 터키 레어브리드,43711,CU 강남스타일점,CU편의점,서울 강남구,109000,0,"구매 8,300+",,623,트레이더스,정확
2026-08-16,와일드터키 켄터키 스피릿 싱글배럴,32841,와일드 터키 켄터키 스피릿 싱글배럴,15865,돌고래보틀 양재점,주류전문샵,서울 서초구,91000,0,,,1,트레이더스,정확
2026-08-16,와일드터키 켄터키 스피릿 싱글배럴,32841,와일드 터키 켄터키 스피릿 싱글배럴,46605,이마트24 역삼초교점,이마트24,서울특별시 강남구,129000,0,,,1,트레이더스,정확
2026-08-16,우드포드 리저브,11080,우드포드 리저브 라이 700ml,16362,리쿼하우스,주류전문샵,서울 강남구,65000,0,,,13,코스트코,근접
2026-08-16,우드포드 리저브,11080,우드포드 리저브 라이 700ml,16300,60계치킨 천안직산점,픽업제휴,충남 천안시,76000,0,,,13,코스트코,근접
2026-08-16,이글 레어 10년,11566,이글레어 10년 700ml,16362,리쿼하우스,주류전문샵,서울 강남구,77000,0,,,36,트레이더스,근접
2026-08-16,이글 레어 10년,11566,이글레어 10년 700ml,42275,땅땅치킨 매천점,픽업제휴,대구 북구,81200,17,,,36,트레이더스,근접
2026-08-16,잭다니엘 라이,30048,잭 다니엘스 본디드 라이,14555,보틀벙커 상무점,주류전문샵,광주광역시 서구,62800,0,,,1,트레이더스,근접
2026-08-16,잭다니엘 애플,18031,잭 다니엘스 & 잭 다니엘스 허니 & 잭 다니엘스 애플,16377,위스키파크 강동점,주류전문샵,서울 강동구,115000,0,,,5,코스트코 / 트레이더스,근접
2026-08-16,잭다니엘 허니,6520,산토리 가쿠빈 & 잭 다니엘스 허니,14596,바틀리어 마포점,주류전문샵,서울 마포구,98000,0,,,2,코스트코,근접
2026-08-16,잭다니엘스 애플,18031,잭 다니엘스 & 잭 다니엘스 허니 & 잭 다니엘스 애플,16377,위스키파크 강동점,주류전문샵,서울 강동구,115000,0,,,5,코스트코 / 트레이더스,근접
2026-08-16,제임슨,19998,제임슨 12년 1L,41130,알코올,주류전문샵,서울 송파구,350000,0,,,0,코스트코 / 트레이더스,근접
2026-08-16,조니워커 더블블랙,3249,조니워커 더블 블랙 700ml,51587,팔도밀방 강남본점,픽업제휴,서울 강남구,46900,34,"구매 3,000+",,988,트레이더스,정확
2026-08-16,조니워커 더블블랙,3249,조니워커 더블 블랙 700ml,16362,리쿼하우스,주류전문샵,서울 강남구,48000,0,"구매 3,000+",,988,트레이더스,정확
2026-08-16,조니워커 더블블랙,3249,조니워커 더블 블랙 700ml,55135,CU 역삼LG에클라트점,CU편의점,서울 강남구,65900,5,"구매 3,000+",,988,트레이더스,정확
2026-08-16,조니워커 더블블랙,3249,조니워커 더블 블랙 700ml,34631,CU 강남푸르지오점,CU편의점,서울특별시 강남구,69900,0,"구매 3,000+",,988,트레이더스,정확
2026-08-16,조니워커 블랙 루비,25990,조니워커 블랙 루비,51587,팔도밀방 강남본점,픽업제휴,서울 강남구,58900,21,"구매 1,600+",,370,트레이더스,정확
2026-08-16,조니워커 블랙 루비,25990,조니워커 블랙 루비,4639,국밥쟁이&오렌지보틀 강남역점,주류전문샵,서울 서초구,52900,0,"구매 1,600+",,370,트레이더스,정확
2026-08-16,조니워커 블랙 루비,25990,조니워커 블랙 루비,5364,CU 오벨리스크점,CU편의점,서울특별시 서초구,64900,7,"구매 1,600+",,370,트레이더스,정확
2026-08-16,조니워커 블랙 루비,25990,조니워커 블랙 루비,34631,CU 강남푸르지오점,CU편의점,서울특별시 강남구,69900,0,"구매 1,600+",,370,트레이더스,정확
2026-08-16,조니워커 블루,5749,조니워커 블루 700ml,14459,캥거루와인 삼성점,주류전문샵,서울 강남구,350000,0,,,7,코스트코 / 트레이더스,정확
2026-08-16,조니워커 블루라,6016,조니워커 블루라벨 캐스크 에디션,42583,가자주류 신촌점,주류전문샵,서울 마포구,690000,0,,,5,트레이더스,근접
2026-08-16,조니워커 블루라벨,6016,조니워커 블루라벨 캐스크 에디션,42583,가자주류 신촌점,주류전문샵,서울 마포구,690000,0,,,5,코스트코 / 트레이더스,근접
2026-08-16,주라 18년,4675,주라 18년,16715,더 몰트샵 역삼점,주류전문샵,서울 강남구,193000,0,,,18,트레이더스,근접
2026-08-16,주라 18년,4675,주라 18년,34631,CU 강남푸르지오점,CU편의점,서울특별시 강남구,142000,23,,,18,트레이더스,근접
2026-08-16,주라 18년,4675,주라 18년,46605,이마트24 역삼초교점,이마트24,서울특별시 강남구,142000,29,,,18,트레이더스,근접
2026-08-16,짐빔 화이트,4630,짐빔 화이트 700ml,42288,칸티나 H,주류전문샵,서울 강남구,19900,0,,,140,이마트 / 코스트코 / 트레이더스,정확
2026-08-16,카발란 디스틸러리 셀렉트,3256,카발란 디스틸러리 셀렉트 No.1,34631,CU 강남푸르지오점,CU편의점,서울특별시 강남구,77000,30,,,296,트레이더스,근접
2026-08-16,카발란 디스틸러리 셀렉트,3256,카발란 디스틸러리 셀렉트 No.1,46605,이마트24 역삼초교점,이마트24,서울특별시 강남구,79900,28,,,296,트레이더스,근접
2026-08-16,카발란 디스틸러리 셀렉트,3256,카발란 디스틸러리 셀렉트 No.1,4504,바틀드,주류전문샵,서울 강남구,124000,0,,,296,트레이더스,근접
2026-08-16,카발란 디스틸러리 셀렉트,3256,카발란 디스틸러리 셀렉트 No.1,41431,참치집 진주초전점,픽업제휴,경남 진주시,113000,0,,,296,트레이더스,근접
2026-08-16,카발란 디스틸러리 셀렉트,3256,카발란 디스틸러리 셀렉트 No.1,52133,이마트24 서초네오점,이마트24,서울특별시 서초구,115000,0,,,296,트레이더스,근접
2026-08-16,카발란 디스틸러리 셀렉트 싱글,3256,카발란 디스틸러리 셀렉트 No.1,34631,CU 강남푸르지오점,CU편의점,서울특별시 강남구,77000,30,,,296,트레이더스,근접
2026-08-16,카발란 디스틸러리 셀렉트 싱글,3256,카발란 디스틸러리 셀렉트 No.1,46605,이마트24 역삼초교점,이마트24,서울특별시 강남구,79900,28,,,296,트레이더스,근접
2026-08-16,카발란 디스틸러리 셀렉트 싱글트,3256,카발란 디스틸러리 셀렉트 No.1,34631,CU 강남푸르지오점,CU편의점,서울특별시 강남구,77000,30,,,296,트레이더스,근접
2026-08-16,카발란 디스틸러리 셀렉트 싱글트,3256,카발란 디스틸러리 셀렉트 No.1,46605,이마트24 역삼초교점,이마트24,서울특별시 강남구,79900,28,,,296,트레이더스,근접
2026-08-16,커티삭 프로히비션,7394,커티 삭 프로히비션,51587,팔도밀방 강남본점,픽업제휴,서울 강남구,28500,39,"구매 6,400+",,1810,트레이더스,정확
2026-08-16,커티삭 프로히비션,7394,커티 삭 프로히비션,16362,리쿼하우스,주류전문샵,서울 강남구,38000,0,"구매 6,400+",,1810,트레이더스,정확
2026-08-16,커티삭 프로히비션,7394,커티 삭 프로히비션,5377,CU 메트로교대점,CU편의점,서울특별시 서초구,43000,0,"구매 6,400+",,1810,트레이더스,정확
2026-08-16,코발 밀레 위스키,3802,코발 싱글배럴 밀레 위스키,38725,세브도르주류백화점,주류전문샵,서울 강남구,99000,0,,,11,이마트,근접
2026-08-16,탈리스만 9년 포르투기즈 캐스크,31291,[공동구매 취소 수량] 더 탈리스만 9년 포르투기즈 캐스크 에디션,910,오향한방족발,픽업제휴,경기 수원시,22900,28,,,13,트레이더스,근접
2026-08-16,탈리스만 9년 포르투기즈 캐스크,31291,더 탈리스만 9년 포르투기즈 캐스크 에디션,46605,이마트24 역삼초교점,이마트24,서울특별시 강남구,32900,0,,,13,트레이더스,근접
2026-08-16,탈리스만 9년 포르투기즈 캐스크,31291,더 탈리스만 9년 포르투기즈 캐스크 에디션,3461,트리테일,주류전문샵,서울 송파구,28900,0,,,13,트레이더스,근접
2026-08-16,탈리스커,7210,탈리스커 스톰,51596,포도담,주류전문샵,서울 송파구,75000,0,,,130,트레이더스,근접
2026-08-16,탈리스커,7210,탈리스커 스톰,5409,CU 역삼건화점,CU편의점,서울특별시 강남구,84000,0,,,130,트레이더스,근접
2026-08-16,탈리스커 10년,1961,탈리스커 10년,51587,팔도밀방 강남본점,픽업제휴,서울 강남구,69900,37,"구매 2,500+",,699,트레이더스,근접
2026-08-16,탈리스커 10년,1961,탈리스커 10년,16362,리쿼하우스,주류전문샵,서울 강남구,69000,0,"구매 2,500+",,699,트레이더스,근접
2026-08-16,탈리스커 10년,1961,탈리스커 10년,14600,CU 서초동아타워점,CU편의점,서울특별시 서초구,79900,10,"구매 2,500+",,699,트레이더스,근접
2026-08-16,탈리스커 9년,4473,햅번스 초이스 탈리스커 9년,20,주류상회Be 위례점,주류전문샵,경기 성남시,265000,0,,,0,트레이더스,근접
2026-08-16,탈리스커 와일드 블루,30543,탈리스커 더 와일드 블루,17232,바틀즈 신용산점,주류전문샵,서울 용산구,119000,0,,,1,트레이더스,근접
2026-08-16,탐두 15년,5397,탐두 15년,4639,국밥쟁이&오렌지보틀 강남역점,주류전문샵,서울 서초구,209000,0,,,29,트레이더스,근접
2026-08-16,파클라스 15년,4312,글렌파클라스 15년,41431,참치집 진주초전점,픽업제휴,경남 진주시,166300,0,,,332,트레이더스,근접
2026-08-16,파클라스 15년,4312,글렌파클라스 15년,51818,위스키 오크통,주류전문샵,서울 서초구,138000,0,,,332,트레이더스,근접
2026-08-16,포 로지스 스몰배치 셀렉트,10349,포 로지스 스몰 배치 셀렉트,51587,팔도밀방 강남본점,픽업제휴,서울 강남구,139900,15,,,32,트레이더스,근접
2026-08-16,포 로지스 스몰배치 셀렉트,10349,포 로지스 스몰 배치 셀렉트,15038,보틀즈 논현,주류전문샵,서울 강남구,129000,0,,,32,트레이더스,근접
2026-08-16,포 로지스 싱글배럴,4132,포 로지스 싱글배럴,16362,리쿼하우스,주류전문샵,서울 강남구,88000,0,구매 600+,,439,트레이더스,근접
2026-08-16,포 로지스 싱글배럴,4132,포 로지스 싱글배럴,41431,참치집 진주초전점,픽업제휴,경남 진주시,88600,0,구매 600+,,439,트레이더스,근접
