prd_no,prd_opt_no,name,brand,volume_ml,regular_price,sale_price,discount_pct,currency,krw_price,category,is_dutyfree,collected_at
20000959658,20001278582,발베니 12년 골든럼 캐스크 700ml,발베니,700,80.0,42.24,47.0,USD,63660,주류/위스키/싱글 몰트,True,2026-07-14T00:15:38Z
20000842088,20001086127,발베니 15년 마데이라 캐스크 700ml,발베니,700,164.0,83.96,49.0,USD,126536,주류/위스키/싱글 몰트,True,2026-07-14T00:15:38Z
20000842082,20001086121,글렌피딕 18년 벳4 퍼페추얼 컬렉션 700ml,글렌피딕,700,145.0,73.08,50.0,USD,110139,주류/위스키/싱글 몰트,True,2026-07-14T00:15:38Z
20000845231,20001090462,카발란 EX-버번 솔리스트 1000ml,카발란,1000,154.0,92.4,40.0,USD,139256,주류/위스키/싱글 몰트,True,2026-07-14T00:15:38Z
20001025591,20001399772,브룩라디 옥토모어 14.2 700ML,브룩라디,700,190.0,190.0,0.0,USD,286349,주류/위스키/싱글 몰트,True,2026-07-14T00:15:38Z
20000845220,20001090432,카발란 비노 바리끄 솔리스트 1000ml,카발란,1000,230.0,138.0,40.0,USD,207980,주류/위스키/싱글 몰트,True,2026-07-14T00:15:38Z
20000842092,20001086136,발베니 18년 페드로 히메네즈 700ml,발베니,700,277.0,139.6,50.0,USD,210391,주류/위스키/싱글 몰트,True,2026-07-14T00:15:38Z
20000929406,20001226680,로얄브라클라 12년 1000ml,로얄 브라클라,1000,97.0,43.69,55.0,USD,65845,주류/위스키/싱글 몰트,True,2026-07-14T00:15:38Z
20000845222,20001090436,카발란 포트 솔리스트 1000ml,카발란,1000,218.0,130.8,40.0,USD,197129,주류/위스키/싱글 몰트,True,2026-07-14T00:15:38Z
20001046303,20001443063,발베니18 쉐리 캐스크 빅토 응아이 700ml,발베니,700,277.0,139.6,50.0,USD,210391,주류/위스키/싱글 몰트,True,2026-07-14T00:15:38Z
20001046296,20001443047,발베니15 마데이라 캐스크 빅토 응아이 700ml,발베니,700,164.0,83.96,49.0,USD,126536,주류/위스키/싱글 몰트,True,2026-07-14T00:15:38Z
20001043555,20001437228,글렌모렌지 시그넷 700ml,글렌모렌지,700,198.0,168.3,15.0,USD,253645,주류/위스키/싱글 몰트,True,2026-07-14T00:15:38Z
20000842079,20001086118,글렌피딕 15년 벳 3 퍼페추얼 컬렉션 700ml,글렌피딕,700,99.0,49.89,50.0,USD,75189,주류/위스키/싱글 몰트,True,2026-07-14T00:15:38Z
20000978194,20001314231,글렌피딕 22년 그랑 코르테즈 700ml,글렌피딕,700,310.0,167.09,46.0,USD,251821,주류/위스키/싱글 몰트,True,2026-07-14T00:15:38Z
20000875300,20001140094,글렌알라키 8년 700ml,글렌알라키,700,91.0,65.52,28.0,USD,98745,주류/위스키/싱글 몰트,True,2026-07-14T00:15:38Z
20000845232,20001090463,카발란 올로로소 쉐리오크 1000ml,카발란,1000,172.0,103.2,40.0,USD,155533,주류/위스키/싱글 몰트,True,2026-07-14T00:15:38Z
20000921981,20001216497,캐퍼도닉 21년 700mL,캐퍼도닉,700,250.0,98.0,61.0,USD,147696,주류/위스키/싱글 몰트,True,2026-07-14T00:15:38Z
20000935485,20001236491,글렌알라키 12년 700ml,글렌알라키,700,107.0,45.26,58.0,USD,68211,주류/위스키/싱글 몰트,True,2026-07-14T00:15:38Z
20001010328,20001373777,글렌피딕 23년 그랑 크루 슬림팩 700ml,글렌피딕,700,353.0,170.49,52.0,USD,256945,주류/위스키/싱글 몰트,True,2026-07-14T00:15:38Z
20001025593,20001399774,브룩라디 옥토모어 14.3 700ML,브룩라디,700,230.0,230.0,0.0,USD,346633,주류/위스키/싱글 몰트,True,2026-07-14T00:15:38Z
20001025592,20001399773,브룩라디 옥토모어 16.1 700ML,브룩라디,700,167.0,167.0,0.0,USD,251685,주류/위스키/싱글 몰트,True,2026-07-14T00:15:38Z
20000919728,20001212989,글렌알라키 12년 뮈스카텔 우드 피니시 700ml,글렌알라키,700,137.0,57.95,58.0,USD,87336,주류/위스키/싱글 몰트,True,2026-07-14T00:15:38Z
20000842076,20001086115,글렌피딕 벳 1 퍼페추얼 컬렉션 1000ml,글렌피딕,1000,78.0,39.31,50.0,USD,59244,주류/위스키/싱글 몰트,True,2026-07-14T00:15:38Z
20000929408,20001226684,로얄브라클라 21년 700ml,로얄 브라클라,700,348.0,162.86,53.0,USD,245446,주류/위스키/싱글 몰트,True,2026-07-14T00:15:38Z
20000842074,20001086113,글렌피딕 21년 그랑 레제르바 700ml,글렌피딕,700,264.0,142.29,46.0,USD,214445,주류/위스키/싱글 몰트,True,2026-07-14T00:15:38Z
20001029292,20001407357,기원 해 700ml,기원 위스키,700,62.0,35.71,42.0,USD,53819,주류/위스키/싱글 몰트,True,2026-07-14T00:15:38Z
20001003645,20001361757,닛카 미야기쿄 싱글 몰트 그란데 700ml,닛카 위스키,700,110.0,88.0,20.0,USD,132625,주류/위스키/싱글 몰트,True,2026-07-14T00:15:38Z
20000842087,20001086126,발베니 클래식 700ml,발베니,700,101.0,53.32,47.0,USD,80359,주류/위스키/싱글 몰트,True,2026-07-14T00:15:38Z
20000842095,20001086140,발베니 19년 위크 오브 피트 700ml,발베니,700,315.0,158.76,50.0,USD,239267,주류/위스키/싱글 몰트,True,2026-07-14T00:15:38Z
20001009749,20001372658,산토리 하쿠슈 디스틸러스 리저브 700ml,산토리,700,117.0,117.0,0.0,USD,176330,주류/위스키/싱글 몰트,True,2026-07-14T00:15:38Z
20000846018,20001214929,글렌파클라스 25년 위스키 700ml,글렌파클라스,700,378.0,197.5,48.0,USD,297652,주류/위스키/싱글 몰트,True,2026-07-14T00:15:38Z
20001026967,20001403004,[면세한정] 달모어 13년 PX 쉐리캐스크 700ml,달모어,700,80.0,76.0,5.0,USD,114540,주류/위스키/싱글 몰트,True,2026-07-14T00:15:38Z
20000844203,20001089087,글렌피딕 26년 그랑 쿠론 700ml,글렌피딕,700,706.0,380.53,46.0,USD,573497,주류/위스키/싱글 몰트,True,2026-07-14T00:15:38Z
20001007446,20001368303,글렌피딕 19년 애스턴마틴 F1 700ml,글렌피딕,700,165.0,90.75,45.0,USD,136769,주류/위스키/싱글 몰트,True,2026-07-14T00:15:38Z
20000935489,20001236495,글렌알라키 15년 700ml,글렌알라키,700,169.0,104.94,38.0,USD,158155,주류/위스키/싱글 몰트,True,2026-07-14T00:15:38Z
20001043046,20001436610,글렌파클라스 15년 700ml,글렌파클라스,700,135.0,65.4,52.0,USD,98564,주류/위스키/싱글 몰트,True,2026-07-14T00:15:38Z
20001003642,20001361754,닛카 요이치 싱글 몰트 그란데 700ml,닛카 위스키,700,110.0,88.0,20.0,USD,132625,주류/위스키/싱글 몰트,True,2026-07-14T00:15:38Z
20000891860,20001164583,더 글렌그란트 12년 1000ml,더 글렌그란트,1000,78.0,35.1,55.0,USD,52899,주류/위스키/싱글 몰트,True,2026-07-14T00:15:38Z
20000842073,20001086112,글렌피딕 23년 그랑 크루 700ml,글렌피딕,700,353.0,205.09,42.0,USD,309091,주류/위스키/싱글 몰트,True,2026-07-14T00:15:38Z
20001009479,20001372251,오마르 캐스크 스트랭스 싱글 몰트 위스키 쉐리 캐스크 700ml,오마르,700,205.0,97.78,52.0,USD,147364,주류/위스키/싱글 몰트,True,2026-07-14T00:15:38Z
20000844159,20001089025,글렌파클라스 105 CS 1000ml,글렌파클라스,1000,126.0,61.04,52.0,USD,91993,주류/위스키/싱글 몰트,True,2026-07-14T00:15:38Z
20000946344,20001256659,듀어스 15년 1000ml 뉴에디션,듀어스,1000,64.0,28.28,56.0,USD,42621,주류/위스키/싱글 몰트,True,2026-07-14T00:15:38Z
20001026972,20001403029,[면세한정] 달모어 16년 PX 쉐리캐스크 700ml,달모어,700,165.0,156.75,5.0,USD,236238,주류/위스키/싱글 몰트,True,2026-07-14T00:15:38Z
20000969469,20001297417,보모어 19년 700ml,보모어,700,204.0,143.41,30.0,USD,216133,주류/위스키/싱글 몰트,True,2026-07-14T00:15:38Z
20000919520,20001212632,글렌모렌지 오리지널 1000ml,글렌모렌지,1000,60.0,39.0,35.0,USD,58777,주류/위스키/싱글 몰트,True,2026-07-14T00:15:38Z
20001029294,20001407361,기원 달 700ml,기원 위스키,700,55.0,31.68,42.0,USD,47745,주류/위스키/싱글 몰트,True,2026-07-14T00:15:38Z
20000929409,20001226685,로얄브라클라 18년 700ml,로얄 브라클라,700,219.0,98.65,55.0,USD,148675,주류/위스키/싱글 몰트,True,2026-07-14T00:15:38Z
20000842054,20001086091,벤리악 피티드 1000ml,벤리악,1000,70.0,27.09,61.0,USD,40827,주류/위스키/싱글 몰트,True,2026-07-14T00:15:38Z
20001051309,20001451817,브룩라디 블랙아트 사페로 700ml,브룩라디,700,238.0,238.0,0.0,USD,358689,주류/위스키/싱글 몰트,True,2026-07-14T00:15:38Z
20000957069,20001274591,맥캘란 컬러컬렉션 15년 700ml,맥캘란,700,168.0,168.0,0.0,USD,253192,주류/위스키/싱글 몰트,True,2026-07-14T00:15:38Z
20000970060,20001298625,발렌타인 글렌버기 18년 700ml,발렌타인,700,131.0,77.81,41.0,USD,117267,주류/위스키/싱글 몰트,True,2026-07-14T00:15:38Z
20000961588,20001281865,발렌타인 글렌버기 15년 700ml,발렌타인,700,81.0,51.03,37.0,USD,76907,주류/위스키/싱글 몰트,True,2026-07-14T00:15:38Z
20000845227,20001090450,카발란 콘서트마스터 1000ml,카발란,1000,88.0,52.8,40.0,USD,79575,주류/위스키/싱글 몰트,True,2026-07-14T00:15:38Z
20001006116,20001365795,아드벡 우거다일 700ml,아드벡,700,91.0,68.25,25.0,USD,102860,주류/위스키/싱글 몰트,True,2026-07-14T00:15:38Z
20000929402,20001226674,올트모어 12년 1000ml,올트모어,1000,104.0,44.2,58.0,USD,66614,주류/위스키/싱글 몰트,True,2026-07-14T00:15:38Z
20000842098,20001086143,발베니 25년 레어메리지 700ml,발베니,700,998.0,750.49,25.0,USD,1131063,주류/위스키/싱글 몰트,True,2026-07-14T00:15:38Z
20000840579,20001083943,더 글렌그란트 15년 1000ml,더 글렌그란트,1000,128.0,67.96,47.0,USD,102423,주류/위스키/싱글 몰트,True,2026-07-14T00:15:38Z
20001023245,20001395824,아벨라워 아부나흐 700ml,아벨라워,700,115.0,80.73,30.0,USD,121668,주류/위스키/싱글 몰트,True,2026-07-14T00:15:38Z
20000957066,20001274588,맥캘란 컬러컬렉션12년 700ml,맥캘란,700,83.0,83.0,0.0,USD,125089,주류/위스키/싱글 몰트,True,2026-07-14T00:15:38Z
20000845225,20001090442,카발란 클래식 1000ml,카발란,1000,109.0,65.4,40.0,USD,98564,주류/위스키/싱글 몰트,True,2026-07-14T00:15:38Z
20000844207,20001089091,글렌피딕 엑스엑스 700ml,글렌피딕,700,92.0,49.58,46.0,USD,74722,주류/위스키/싱글 몰트,True,2026-07-14T00:15:38Z
20000842607,20001086799,주라 더 베이 1000ml,주라,1000,85.0,85.0,0.0,USD,128103,주류/위스키/싱글 몰트,True,2026-07-14T00:15:38Z
20000842048,20001086085,글렌드로낙 10년 1000ml,글렌드로낙,1000,80.0,39.6,51.0,USD,59681,주류/위스키/싱글 몰트,True,2026-07-14T00:15:38Z
20001054259,20001456511,글렌모렌지 인피니타 18년 700ml,글렌모렌지,700,115.0,86.25,25.0,USD,129987,주류/위스키/싱글 몰트,True,2026-07-14T00:15:38Z
20001020330,20001390717,달모어 시가몰트 700ml,달모어,700,125.0,118.75,5.0,USD,178968,주류/위스키/싱글 몰트,True,2026-07-14T00:15:38Z
20000945270,20001255184,부쉬밀 싱글몰트 15년 버번 캐스크 700ml,부쉬밀,700,90.0,50.22,44.0,USD,75687,주류/위스키/싱글 몰트,True,2026-07-14T00:15:38Z
20000842862,20001087244,라프로익 PX 캐스크 1000ml,라프로익,1000,120.0,80.94,33.0,USD,121985,주류/위스키/싱글 몰트,True,2026-07-14T00:15:38Z
20000842508,20001086699,달위니 15년 1000ml,달위니,1000,127.0,62.99,50.0,USD,94932,주류/위스키/싱글 몰트,True,2026-07-14T00:15:38Z
20001009580,20001372427,더 글렌리벳 19년 700ml,글렌리벳,700,130.0,91.0,30.0,USD,137146,주류/위스키/싱글 몰트,True,2026-07-14T00:15:38Z
20000959673,20001278604,카발란 그랜드 리져브 NO2 1000mL,카발란,1000,127.0,76.2,40.0,USD,114841,주류/위스키/싱글 몰트,True,2026-07-14T00:15:38Z
20000919722,20001212979,글렌알라키 10년 스패니시 버진 오크 피니시 700ml,글렌알라키,700,169.0,71.48,58.0,USD,107728,주류/위스키/싱글 몰트,True,2026-07-14T00:15:38Z
20000842052,20001086089,벤리악 클래식 1000ml,벤리악,1000,70.0,27.09,61.0,USD,40827,주류/위스키/싱글 몰트,True,2026-07-14T00:15:38Z
20000969473,20001297421,보모어 14년 700ml,보모어,700,68.0,47.8,30.0,USD,72039,주류/위스키/싱글 몰트,True,2026-07-14T00:15:38Z
20000959671,20001278602,카발란 그랜드 리져브 NO1 1000mL,카발란,1000,127.0,76.2,40.0,USD,114841,주류/위스키/싱글 몰트,True,2026-07-14T00:15:38Z
20000918652,20001211332,글렌파클라스 12년 700ml,글렌파클라스,700,90.0,40.18,55.0,USD,60555,주류/위스키/싱글 몰트,True,2026-07-14T00:15:38Z
20000899111,20001177873,에버펠디 12년 마데이라 캐스크 700ml,에버펠디,700,66.0,56.1,15.0,USD,84548,주류/위스키/싱글 몰트,True,2026-07-14T00:15:38Z
20000936530,20001238663,올트모어 25년 700ml,올트모어,700,655.0,295.07,55.0,USD,444700,주류/위스키/싱글 몰트,True,2026-07-14T00:15:38Z
20000842510,20001086701,싱글톤 글렌둘란 12년 1000ml,싱글톤,1000,68.0,33.18,51.0,USD,50006,주류/위스키/싱글 몰트,True,2026-07-14T00:15:38Z
20001054331,20001456616,브룩라디 옥토모어 15.2 700ML,브룩라디,700,190.0,190.0,0.0,USD,286349,주류/위스키/싱글 몰트,True,2026-07-14T00:15:38Z
20000990557,20001337668,아드벡 코리브레칸 700ml,아드벡,700,111.0,83.25,25.0,USD,125466,주류/위스키/싱글 몰트,True,2026-07-14T00:15:38Z
20000846000,20001091575,글렌알라키 8년 메타베브 에디션 위스키 700ml,글렌알라키,700,81.0,33.85,58.0,USD,51015,주류/위스키/싱글 몰트,True,2026-07-14T00:15:38Z
20000842078,20001086117,글렌피딕 벳 2 퍼페추얼 컬렉션 1000ml,글렌피딕,1000,94.0,49.35,48.0,USD,74375,주류/위스키/싱글 몰트,True,2026-07-14T00:15:38Z
20000841037,20001084523,글렌고인 26년 리미티드 에디션 700ml,글렌고인,700,1811.0,700.85,61.0,USD,1056251,주류/위스키/싱글 몰트,True,2026-07-14T00:15:38Z
20001043040,20001436590,글렌모렌지 시그넷 리저브 700ml,글렌모렌지,700,338.0,287.3,15.0,USD,432990,주류/위스키/싱글 몰트,True,2026-07-14T00:15:38Z
20001021506,20001393007,발렌타인 글렌버기 21년 700ml,발렌타인,700,250.0,150.75,40.0,USD,227195,주류/위스키/싱글 몰트,True,2026-07-14T00:15:38Z
20001010060,20001373242,카발란 솔리스트 피노 1000mL,카발란,1000,380.0,304.0,20.0,USD,458158,주류/위스키/싱글 몰트,True,2026-07-14T00:15:38Z
20001009480,20001372252,오마르 캐스크 스트랭스 싱글 몰트 위스키 버진 오크 700ml,오마르,700,188.0,89.67,52.0,USD,135142,주류/위스키/싱글 몰트,True,2026-07-14T00:15:38Z
20001000089,20001354222,벤리악 트리플 디스틸드 25년 700ml,벤리악,700,380.0,235.98,38.0,USD,355645,주류/위스키/싱글 몰트,True,2026-07-14T00:15:38Z
20000937916,20001241360,싱글톤 가든스 오브 어번던스 - 래디언트 스프링 가든 1000ml,싱글톤,1000,68.0,38.08,44.0,USD,57390,주류/위스키/싱글 몰트,True,2026-07-14T00:15:38Z
20000899124,20001177894,에버펠디 16년 마데이라 캐스크 700ml,에버펠디,700,125.0,55.25,56.0,USD,83267,주류/위스키/싱글 몰트,True,2026-07-14T00:15:38Z
20000842772,20001087050,산토리 치타 700ml,산토리,700,73.0,43.8,40.0,USD,66011,주류/위스키/싱글 몰트,True,2026-07-14T00:15:38Z
20001054264,20001456516,부쉬밀 18년 트리플 캐스크 700ml,부쉬밀,700,140.0,78.12,44.0,USD,117735,주류/위스키/싱글 몰트,True,2026-07-14T00:15:38Z
20001053291,20001455105,기원 코리안 트래블 익스클루시브,기원 위스키,,110.0,63.36,42.0,USD,95490,주류/위스키/싱글 몰트,True,2026-07-14T00:15:38Z
20001048175,20001445989,더 글렌그란트 16년 1000ml,더 글렌그란트,1000,115.0,71.41,38.0,USD,107622,주류/위스키/싱글 몰트,True,2026-07-14T00:15:38Z
20001047724,20001445381,글렌모렌지 21년 700ml,글렌모렌지,700,245.0,183.75,25.0,USD,276930,주류/위스키/싱글 몰트,True,2026-07-14T00:15:38Z
20001019446,20001389417,더 글렌그란트 2006 프라이빗 캐스크 700ml,더 글렌그란트,700,199.0,109.25,45.0,USD,164651,주류/위스키/싱글 몰트,True,2026-07-14T00:15:38Z
20001000031,20001354099,더 글렌리벳 트리플 캐스크 머추어드 화이트 오크 1L,글렌리벳,1000,88.0,31.68,64.0,USD,47745,주류/위스키/싱글 몰트,True,2026-07-14T00:15:38Z
20000969478,20001297427,보모어 16년 700ml,보모어,700,110.0,77.33,30.0,USD,116544,주류/위스키/싱글 몰트,True,2026-07-14T00:15:38Z
20000961822,20001282420,더 글렌리벳 그라운드브레이커스 700ml,글렌리벳,700,100.0,60.0,40.0,USD,90426,주류/위스키/싱글 몰트,True,2026-07-14T00:15:38Z
20000957070,20001274592,맥캘란 컬러컬렉션18년 700ml,맥캘란,700,353.0,353.0,0.0,USD,532006,주류/위스키/싱글 몰트,True,2026-07-14T00:15:38Z
20000929375,20001226641,글렌데브론 16년 1000ml,글렌데브론,1000,90.0,39.78,56.0,USD,59952,주류/위스키/싱글 몰트,True,2026-07-14T00:15:38Z
20000865670,20001124692,폴존 클래식 1000ml,폴존,1000,95.0,40.18,58.0,USD,60555,주류/위스키/싱글 몰트,True,2026-07-14T00:15:38Z
20001026973,20001403030,[면세한정] 달모어 19년 PX 쉐리캐스크 700ml,달모어,700,350.0,332.5,5.0,USD,501111,주류/위스키/싱글 몰트,True,2026-07-14T00:15:38Z
20001021530,20001393091,아드벡 21년 700ml,아드벡,700,440.0,352.0,20.0,USD,530499,주류/위스키/싱글 몰트,True,2026-07-14T00:15:38Z
20001014405,20001381317,더 글렌그란트 18년 700ml,더 글렌그란트,700,142.0,88.18,38.0,USD,132896,주류/위스키/싱글 몰트,True,2026-07-14T00:15:38Z
20001014201,20001381025,부쉬밀 싱글몰트 쉐리 캐스크 12년 700ml,부쉬밀,700,70.0,39.06,44.0,USD,58867,주류/위스키/싱글 몰트,True,2026-07-14T00:15:38Z
20001007034,20001367669,아드벡 19년 배치6 700ml,아드벡,700,243.0,170.1,30.0,USD,256358,주류/위스키/싱글 몰트,True,2026-07-14T00:15:38Z
20000842612,20001086804,주라 아일랜더스 익스프레션 1000ml,주라,1000,69.0,69.0,0.0,USD,103989,주류/위스키/싱글 몰트,True,2026-07-14T00:15:38Z
20000842611,20001086803,주라 1988 700ml,주라,700,1030.0,1030.0,0.0,USD,1552313,주류/위스키/싱글 몰트,True,2026-07-14T00:15:38Z
20000842604,20001086795,탐나불린 1000ml,탐나불린,1000,56.0,56.0,0.0,USD,84397,주류/위스키/싱글 몰트,True,2026-07-14T00:15:38Z
20000842512,20001086703,탈리스커 10년 1000ml,탈리스커,1000,85.0,52.36,38.0,USD,78912,주류/위스키/싱글 몰트,True,2026-07-14T00:15:38Z
20001052918,20001454507,글렌모렌지 빈디마 16년 1000ml,글렌모렌지,1000,112.0,84.0,25.0,USD,126596,주류/위스키/싱글 몰트,True,2026-07-14T00:15:38Z
20001048165,20001445975,더 글렌그란트 13년 1000ml,더 글렌그란트,1000,80.0,49.68,38.0,USD,74873,주류/위스키/싱글 몰트,True,2026-07-14T00:15:38Z
20001046977,20001444264,발베니 21 포트우드 700ml,발베니,700,360.0,288.0,20.0,USD,434045,주류/위스키/싱글 몰트,True,2026-07-14T00:15:38Z
20001043658,20001437361,글렌글라사 샌드엔드 700ml,글렌글라사,700,70.0,35.28,50.0,USD,53170,주류/위스키/싱글 몰트,True,2026-07-14T00:15:38Z
20001023251,20001395830,글렌모렌지 14년 엘레멘타 1000ml,글렌모렌지,1000,90.0,67.5,25.0,USD,101729,주류/위스키/싱글 몰트,True,2026-07-14T00:15:38Z
20001021511,20001393067,발렌타인 글렌버기 25년 700ml,발렌타인,700,399.0,244.18,39.0,USD,368004,주류/위스키/싱글 몰트,True,2026-07-14T00:15:38Z
20001021145,20001392438,글랙피딕 18년 벳4 퍼페츄얼 IGL CNY,글렌피딕,,145.0,78.15,46.0,USD,117780,주류/위스키/싱글 몰트,True,2026-07-14T00:15:38Z
20000980627,20001319327,린도어스 캐스크 오브 린도어스 셰리 벗 700ml,린도어스,700,80.0,34.56,57.0,USD,52085,주류/위스키/싱글 몰트,True,2026-07-14T00:15:38Z
20000963217,20001284769,달모어 15년 1L,달모어,1000,184.0,174.8,5.0,USD,263441,주류/위스키/싱글 몰트,True,2026-07-14T00:15:38Z
20000937929,20001241377,싱글톤 가든스 오브 어번던스 - 딥 포레스트 리치 700ml,싱글톤,700,280.0,147.84,47.0,USD,222810,주류/위스키/싱글 몰트,True,2026-07-14T00:15:38Z
20000921997,20001216541,라가불린 12년 SR FY24 700ml(2023 Special Release),탈리스커,700,186.0,101.18,46.0,USD,152488,주류/위스키/싱글 몰트,True,2026-07-14T00:15:38Z
20000919532,20001212655,글렌모렌지 19년 700ml,글렌모렌지,700,150.0,112.5,25.0,USD,169549,주류/위스키/싱글 몰트,True,2026-07-14T00:15:38Z
20000876673,20001142408,암룻 피티드 700ml,암룻,700,76.0,32.22,58.0,USD,48559,주류/위스키/싱글 몰트,True,2026-07-14T00:15:38Z
20000845216,20001090427,아녹 12년 위스키 700ml,아녹,700,79.0,31.52,60.0,USD,47504,주류/위스키/싱글 몰트,True,2026-07-14T00:15:38Z
20000842051,20001086088,벤리악 10년 1000ml,벤리악,1000,77.0,41.58,46.0,USD,62665,주류/위스키/싱글 몰트,True,2026-07-14T00:15:38Z
20000840800,20001084197,더 글렌리벳 트리플 캐스크 머추어드 레어 캐스크 1000ml,글렌리벳,1000,141.0,98.13,30.0,USD,147892,주류/위스키/싱글 몰트,True,2026-07-14T00:15:38Z
20001048185,20001446004,더 글렌그란트 오로라 1000ml,더 글렌그란트,1000,59.0,36.63,38.0,USD,55205,주류/위스키/싱글 몰트,True,2026-07-14T00:15:38Z
20001031315,20001411293,카발란 마스터 셀렉트 No2 1000ml(100cl),카발란,1000,135.0,81.0,40.0,USD,122075,주류/위스키/싱글 몰트,True,2026-07-14T00:15:38Z
20001021525,20001393086,글렌모렌지 어 테일 오브 더 포레스트 700ml,글렌모렌지,700,80.0,60.0,25.0,USD,90426,주류/위스키/싱글 몰트,True,2026-07-14T00:15:38Z
20001021147,20001392440,글렌피딕 21년 그랑 리제르바 700ml 2026년 LNY,글렌피딕,700,264.0,142.29,46.0,USD,214445,주류/위스키/싱글 몰트,True,2026-07-14T00:15:38Z
20001017022,20001385334,발베니 12 몬틸라 캐스크 700ml,발베니,700,88.0,70.4,20.0,USD,106100,주류/위스키/싱글 몰트,True,2026-07-14T00:15:38Z
20001015439,20001383201,아벨라워 18년 700ml,아벨라워,700,215.0,150.93,30.0,USD,227467,주류/위스키/싱글 몰트,True,2026-07-14T00:15:38Z
20001009477,20001372249,오마르 캐스크 스트랭스 싱글 몰트 위스키 리치 리큐르 배럴 피니시 700ml,오마르,700,253.0,120.68,52.0,USD,181877,주류/위스키/싱글 몰트,True,2026-07-14T00:15:38Z
20000980631,20001319331,블라드녹 14년 올로로소 셰리 700ml,블라드녹,700,192.0,91.58,52.0,USD,138020,주류/위스키/싱글 몰트,True,2026-07-14T00:15:38Z
20000967654,20001293671,오켄토션 아메리칸 오크 1000ml,오켄토션,1000,58.0,25.52,56.0,USD,38461,주류/위스키/싱글 몰트,True,2026-07-14T00:15:38Z
20000955924,20001272912,잭다니엘 아메리칸 싱글몰트 1000ml,잭다니엘,1000,80.0,44.64,44.0,USD,67277,주류/위스키/싱글 몰트,True,2026-07-14T00:15:38Z
20000945285,20001255203,부쉬밀 싱글몰트 31년 마데이라 캐스크 700ml,부쉬밀,700,2500.0,1395.0,44.0,USD,2102405,주류/위스키/싱글 몰트,True,2026-07-14T00:15:38Z
20000939637,20001244716,달모어 킹알렉산더 3세 TRX 700ml,달모어,700,313.0,297.35,5.0,USD,448136,주류/위스키/싱글 몰트,True,2026-07-14T00:15:38Z
20000937922,20001241367,싱글톤 가든스 오브 어번던스 - 골든 어텀 오차드 1000ml,싱글톤,1000,99.0,55.44,44.0,USD,83554,주류/위스키/싱글 몰트,True,2026-07-14T00:15:38Z
20000922724,20001217520,싱글톤 글렌듈란 14년 SR FY24 700ml(2023 Special Release),싱글톤,700,158.0,88.48,44.0,USD,133348,주류/위스키/싱글 몰트,True,2026-07-14T00:15:38Z
20000845552,20001214931,글렌파클라스 10년 위스키 700ml,글렌파클라스,700,72.0,32.14,55.0,USD,48438,주류/위스키/싱글 몰트,True,2026-07-14T00:15:38Z
20001053944,20001456015,글렌모렌지 16년 트리뷰트 1000ml,글렌모렌지,1000,99.0,74.25,25.0,USD,111902,주류/위스키/싱글 몰트,True,2026-07-14T00:15:38Z
20001049986,20001449063,기원 달 기프트팩 700ml,기원 위스키,700,67.0,38.59,42.0,USD,58159,주류/위스키/싱글 몰트,True,2026-07-14T00:15:38Z
20001047821,20001445544,아드벡 스모크트레일즈 배치3 1000ml,아드벡,1000,90.0,67.5,25.0,USD,101729,주류/위스키/싱글 몰트,True,2026-07-14T00:15:38Z
20001043656,20001437359,벤리악 30년 1994 캐스크 에디션 700ml,벤리악,700,950.0,666.9,30.0,USD,1005085,주류/위스키/싱글 몰트,True,2026-07-14T00:15:38Z
20001030366,20001409567,올드 풀트니 허다트 위스키 700ml,올드풀트니,700,105.0,41.89,60.0,USD,63132,주류/위스키/싱글 몰트,True,2026-07-14T00:15:38Z
20001020339,20001390726,달모어 콰르텟 700ml,달모어,700,95.0,90.25,5.0,USD,136016,주류/위스키/싱글 몰트,True,2026-07-14T00:15:38Z
20001015440,20001383202,아벨라워 16년 700ml,아벨라워,700,130.0,91.26,30.0,USD,137538,주류/위스키/싱글 몰트,True,2026-07-14T00:15:38Z
20000995922,20001345840,글렌글라사 에볼루션 700ml,글렌글라사,700,52.0,31.35,40.0,USD,47248,주류/위스키/싱글 몰트,True,2026-07-14T00:15:38Z
20000988240,20001333655,아벨라워 SUTHAINN 700ml,아벨라워,700,90.0,63.18,30.0,USD,95219,주류/위스키/싱글 몰트,True,2026-07-14T00:15:38Z
20000980642,20001319360,글래스고 1770  토카이 캐스크 피니시 700ml,글래스고,700,130.0,62.01,52.0,USD,93455,주류/위스키/싱글 몰트,True,2026-07-14T00:15:38Z
20000980640,20001319353,블라드녹 비나야 700ml,블라드녹,700,69.0,32.91,52.0,USD,49599,주류/위스키/싱글 몰트,True,2026-07-14T00:15:38Z
20000980634,20001319334,블라드녹 삼사라 700ml,블라드녹,700,130.0,62.01,52.0,USD,93455,주류/위스키/싱글 몰트,True,2026-07-14T00:15:38Z
20000980630,20001319330,블라드녹 30년 700ml,블라드녹,700,2292.0,1093.28,52.0,USD,1647682,주류/위스키/싱글 몰트,True,2026-07-14T00:15:38Z
20000980629,20001319329,린도어스 캐스크 오브 린도어스 STR II 700ml,린도어스,700,80.0,34.56,57.0,USD,52085,주류/위스키/싱글 몰트,True,2026-07-14T00:15:38Z
20000967658,20001293687,오켄토션 블러드 오크  1000ml,오켄토션,1000,100.0,44.8,55.0,USD,67518,주류/위스키/싱글 몰트,True,2026-07-14T00:15:38Z
20000967555,20001293496,브룩라디 라디8 700ml,브룩라디,700,67.0,67.0,0.0,USD,100975,주류/위스키/싱글 몰트,True,2026-07-14T00:15:38Z
20000967552,20001293493,브룩라디 포트 샬롯 1000ml,브룩라디,1000,115.0,115.0,0.0,USD,173316,주류/위스키/싱글 몰트,True,2026-07-14T00:15:38Z
20000961829,20001282451,더 글렌리벳 12년 1000ml,글렌리벳,1000,75.0,52.2,30.0,USD,78671,주류/위스키/싱글 몰트,True,2026-07-14T00:15:38Z
20000953148,20001268426,달모어 28년 700ml,달모어,700,4550.0,4322.5,5.0,USD,6514440,주류/위스키/싱글 몰트,True,2026-07-14T00:15:38Z
20000951738,20001265596,보모어 24년 프랭크 콰이어틀리 4 700ml,보모어,700,510.0,271.32,47.0,USD,408906,주류/위스키/싱글 몰트,True,2026-07-14T00:15:38Z
20000940648,20001247200,달모어 포트폴리오 시리즈1 2015 700ml,달모어,700,625.0,593.75,5.0,USD,894841,주류/위스키/싱글 몰트,True,2026-07-14T00:15:38Z
20000937380,20001240301,밀크앤허니 에이펙스 오렌지와인 캐스크 700ml,밀크앤허니,700,196.0,82.9,58.0,USD,124939,주류/위스키/싱글 몰트,True,2026-07-14T00:15:38Z
20000918674,20001211358,글렌파클라스 35년 700ml,글렌파클라스,700,1346.0,818.36,39.0,USD,1233350,주류/위스키/싱글 몰트,True,2026-07-14T00:15:38Z
20000918671,20001211355,글렌파클라스 30년 700ml,글렌파클라스,700,888.0,539.9,39.0,USD,813683,주류/위스키/싱글 몰트,True,2026-07-14T00:15:38Z
20000904253,20001187257,동방명 맥캘란 1990 30년 700ml,동방명,700,6500.0,3120.0,52.0,USD,4702152,주류/위스키/싱글 몰트,True,2026-07-14T00:15:38Z
20000875655,20001140968,암룻 인디안 700ml,암룻,700,62.0,26.28,58.0,USD,39607,주류/위스키/싱글 몰트,True,2026-07-14T00:15:38Z
20000853764,20001105469,딘스톤 10YO 보르도 캐스크 700ml 46.3%,딘스톤,700,63.0,21.54,66.0,USD,32463,주류/위스키/싱글 몰트,True,2026-07-14T00:15:38Z
20000842864,20001087246,라프로익 포오크 1000ml,라프로익,1000,82.0,38.17,53.0,USD,57526,주류/위스키/싱글 몰트,True,2026-07-14T00:15:38Z
20000842606,20001086798,주라 더 사운드 1000ml,주라,1000,65.0,65.0,0.0,USD,97961,주류/위스키/싱글 몰트,True,2026-07-14T00:15:38Z
20000842605,20001086796,탐나불린 올로로소 1000ml,탐나불린,1000,53.0,53.0,0.0,USD,79876,주류/위스키/싱글 몰트,True,2026-07-14T00:15:38Z
20000842524,20001086715,탈리스커 써지 700ml,탈리스커,700,123.0,68.88,44.0,USD,103809,주류/위스키/싱글 몰트,True,2026-07-14T00:15:38Z
20000840799,20001084196,더 글렌리벳 트리플 캐스크 머추어드 디스틸러 리저브 1000ml,글렌리벳,1000,63.0,43.84,30.0,USD,66071,주류/위스키/싱글 몰트,True,2026-07-14T00:15:38Z
20001054724,20001457667,글렌모렌지 12년 어코드 1000ml,글렌모렌지,1000,77.0,57.75,25.0,USD,87035,주류/위스키/싱글 몰트,True,2026-07-14T00:15:38Z
20001050983,20001451054,주라 1975,주라,,8400.0,8400.0,0.0,USD,12659640,주류/위스키/싱글 몰트,True,2026-07-14T00:15:38Z
20001043657,20001437360,글렌글라사 12년 700ml,글렌글라사,700,63.0,31.75,50.0,USD,47850,주류/위스키/싱글 몰트,True,2026-07-14T00:15:38Z
20001034317,20001417965,브룩라디 옥토모어 16.3 700ml,브룩라디,700,230.0,230.0,0.0,USD,346633,주류/위스키/싱글 몰트,True,2026-07-14T00:15:38Z
20001031314,20001411292,카발란 마스터 셀렉트 No1 1000ml(100cl),카발란,1000,135.0,81.0,40.0,USD,122075,주류/위스키/싱글 몰트,True,2026-07-14T00:15:38Z
20001028313,20001405169,보모어 33년 타임리스 700ml,보모어,700,2800.0,1489.6,47.0,USD,2244976,주류/위스키/싱글 몰트,True,2026-07-14T00:15:38Z
20001018540,20001387913,류카 싱글몰트 재패니스 위스키 700ml,류카,700,183.0,136.7,25.0,USD,206021,주류/위스키/싱글 몰트,True,2026-07-14T00:15:38Z
20001015916,20001383926,카발란 솔리스트 만자닐랴 셰리 750ml,카발란,750,320.0,256.0,20.0,USD,385818,주류/위스키/싱글 몰트,True,2026-07-14T00:15:38Z
20001015914,20001383904,카발란 솔리스트 모스카텔 셰리 750ml,카발란,750,320.0,256.0,20.0,USD,385818,주류/위스키/싱글 몰트,True,2026-07-14T00:15:38Z
20001015843,20001383646,보모어 ARC-54 700ml,보모어,700,79000.0,79000.0,0.0,USD,119060900,주류/위스키/싱글 몰트,True,2026-07-14T00:15:38Z
20001014658,20001381792,"스카치 싱글몰트, 글렌포레스트 싱글몰트 위스키 700ml",글랜 포레스트,700,45.0,18.22,60.0,USD,27459,주류/위스키/싱글 몰트,True,2026-07-14T00:15:38Z
20001014657,20001381791,"아이리시 싱글몰트, 프라우드 아이리시 싱글뫁트 위스키 700ml",프라우드 아이리쉬,700,60.0,24.3,60.0,USD,36623,주류/위스키/싱글 몰트,True,2026-07-14T00:15:38Z
20001009579,20001372426,더 글렌리벳 16년 1000ml,글렌리벳,1000,115.0,80.5,30.0,USD,121322,주류/위스키/싱글 몰트,True,2026-07-14T00:15:38Z
20001009578,20001372425,더 글렌리벳 14년 1000ml,글렌리벳,1000,85.0,59.5,30.0,USD,89672,주류/위스키/싱글 몰트,True,2026-07-14T00:15:38Z
20000998135,20001350312,김창수 위스키 김포 2025 700ml,김창수 위스키,700,126.0,126.0,0.0,USD,189894,주류/위스키/싱글 몰트,True,2026-07-14T00:15:38Z
20000995912,20001345830,글렌글라사 리바이벌 700ml,글렌글라사,700,47.0,28.34,40.0,USD,42711,주류/위스키/싱글 몰트,True,2026-07-14T00:15:38Z
20000988237,20001333652,아벨라워 13년 700ml,아벨라워,700,75.0,52.65,30.0,USD,79349,주류/위스키/싱글 몰트,True,2026-07-14T00:15:38Z
20000980647,20001319373,글래스고 1770 오리지널 700ml,글래스고,700,76.0,36.25,52.0,USD,54632,주류/위스키/싱글 몰트,True,2026-07-14T00:15:38Z
20000980644,20001319362,글래스고 1770 피티드 700ml,글래스고,700,76.0,36.25,52.0,USD,54632,주류/위스키/싱글 몰트,True,2026-07-14T00:15:38Z
20000980643,20001319361,글래스고 1770 트리플 디스틸드 700ml,글래스고,700,76.0,36.25,52.0,USD,54632,주류/위스키/싱글 몰트,True,2026-07-14T00:15:38Z
20000980633,20001319333,블라드녹 알린타 700ml,블라드녹,700,130.0,62.01,52.0,USD,93455,주류/위스키/싱글 몰트,True,2026-07-14T00:15:38Z
20000980632,20001319332,블라드녹 리오라 700ml,블라드녹,700,112.0,53.42,52.0,USD,80509,주류/위스키/싱글 몰트,True,2026-07-14T00:15:38Z
20000980625,20001319325,린도어스 캐스크 오브 린도어스 버번 II 700ml,린도어스,700,80.0,34.56,57.0,USD,52085,주류/위스키/싱글 몰트,True,2026-07-14T00:15:38Z
20000980615,20001319315,린도어스 1494 700ml,린도어스,700,69.0,29.8,57.0,USD,44912,주류/위스키/싱글 몰트,True,2026-07-14T00:15:38Z
20000967663,20001293695,오켄토션 다크 오크 1000ml,오켄토션,1000,77.0,35.11,54.0,USD,52914,주류/위스키/싱글 몰트,True,2026-07-14T00:15:38Z
20000966699,20001291570,더 글렌그란트 익스플로레이션 No.1 700ml,더 글렌그란트,700,120.0,74.52,38.0,USD,112309,주류/위스키/싱글 몰트,True,2026-07-14T00:15:38Z
20000946654,20001257139,패터캐른 25년 700ml,패터캐른,700,499.0,274.94,45.0,USD,414362,주류/위스키/싱글 몰트,True,2026-07-14T00:15:38Z
20000940542,20001246917,주라 1993 빈티지 2023 에디션 700ml,주라,700,1000.0,1000.0,0.0,USD,1507100,주류/위스키/싱글 몰트,True,2026-07-14T00:15:38Z
20000939639,20001244718,달모어 20년 2024년 에디션 700ml,달모어,700,675.0,641.25,5.0,USD,966428,주류/위스키/싱글 몰트,True,2026-07-14T00:15:38Z
20000939479,20001244358,주라 아일랜더스 익스프레션 No.3 1000ml,주라,1000,69.0,69.0,0.0,USD,103989,주류/위스키/싱글 몰트,True,2026-07-14T00:15:38Z
20000937927,20001241375,싱글톤 가든스 오브 어번던스 – 이그저틱 스파이스 그로브 1000ml,싱글톤,1000,180.0,96.48,46.0,USD,145405,주류/위스키/싱글 몰트,True,2026-07-14T00:15:38Z
20000937385,20001240315,밀크앤허니 에이펙스 알바 캐스크 700ml,밀크앤허니,700,196.0,88.2,55.0,USD,132926,주류/위스키/싱글 몰트,True,2026-07-14T00:15:38Z
20000937382,20001240305,밀크앤허니 에이펙스 데킬라 캐스크 700ml,밀크앤허니,700,196.0,82.9,58.0,USD,124939,주류/위스키/싱글 몰트,True,2026-07-14T00:15:38Z
20000937379,20001240300,밀크앤허니 에리먼츠 피티드 700ml,밀크앤허니,700,105.0,44.41,58.0,USD,66930,주류/위스키/싱글 몰트,True,2026-07-14T00:15:38Z
20000937376,20001240297,밀크앤허니 클래식 700ml,밀크앤허니,700,83.0,35.1,58.0,USD,52899,주류/위스키/싱글 몰트,True,2026-07-14T00:15:38Z
20000936534,20001238667,바카디 8년 라이캐스크 1000ml,럼,1000,59.0,25.07,58.0,USD,37783,주류/위스키/싱글 몰트,True,2026-07-14T00:15:38Z
20000934935,20001235343,더 글렌그란트 21년 700ml,더 글렌그란트,700,340.0,211.14,38.0,USD,318209,주류/위스키/싱글 몰트,True,2026-07-14T00:15:38Z
20000922006,20001216553,탈리스커 SR FY24 700ml(2023 Special Release),탈리스커,700,144.0,78.33,46.0,USD,118051,주류/위스키/싱글 몰트,True,2026-07-14T00:15:38Z
20000921990,20001216531,클라이넬리시 10년 SR FY24 700ml(2023 Special Release),탈리스커,700,198.0,109.29,45.0,USD,164711,주류/위스키/싱글 몰트,True,2026-07-14T00:15:38Z
20000921978,20001216494,롱몬 23년 700mL,롱몬,700,290.0,208.8,28.0,USD,314682,주류/위스키/싱글 몰트,True,2026-07-14T00:15:38Z
20000916448,20001208382,달모어 더 퀸텟,달모어,,149.0,141.55,5.0,USD,213330,주류/위스키/싱글 몰트,True,2026-07-14T00:15:38Z
20000892638,20001165899,오켄토션 다크오크 차이니스 뉴이어 에디션 1000ml,오켄토션,1000,77.0,32.18,58.0,USD,48498,주류/위스키/싱글 몰트,True,2026-07-14T00:15:38Z
20000892042,20001164967,람베이 몰트 700ml,람베이,700,70.0,31.25,55.0,USD,47097,주류/위스키/싱글 몰트,True,2026-07-14T00:15:38Z
20000874710,20001139291,타운브랜치 7년 켄터키 싱글 몰트 위스키 750ml,타운브랜치,750,60.0,27.54,54.0,USD,41506,주류/위스키/싱글 몰트,True,2026-07-14T00:15:38Z
20000867884,20001127708,캐퍼도닉 25년 700mL,캐퍼도닉,700,480.0,334.08,30.0,USD,503492,주류/위스키/싱글 몰트,True,2026-07-14T00:15:38Z
20000867131,20001126711,달모어 20년 700ml,달모어,700,675.0,641.25,5.0,USD,966428,주류/위스키/싱글 몰트,True,2026-07-14T00:15:38Z
20000846845,20001093012,달모어 컨스텔레이션 1971 700ml,달모어,700,35000.0,33250.0,5.0,USD,50111075,주류/위스키/싱글 몰트,True,2026-07-14T00:15:38Z
20000845998,20001091573,씨앤씨 뀌베 캐스크 750ml,씨앤씨,750,125.0,52.25,58.0,USD,78746,주류/위스키/싱글 몰트,True,2026-07-14T00:15:38Z
20000842592,20001086783,달모어 45년 700ml,달모어,700,24750.0,23512.5,5.0,USD,35435689,주류/위스키/싱글 몰트,True,2026-07-14T00:15:38Z
20000842591,20001086782,달모어 40년 700ml,달모어,700,15200.0,14440.0,5.0,USD,21762524,주류/위스키/싱글 몰트,True,2026-07-14T00:15:38Z
20000841039,20001084525,스모크헤드 럼리엇 700ml,글렌고인,700,59.0,26.55,55.0,USD,40014,주류/위스키/싱글 몰트,True,2026-07-14T00:15:38Z
20000840835,20001084244,롱몬 18년 700mL,롱몬,700,100.0,72.0,28.0,USD,108511,주류/위스키/싱글 몰트,True,2026-07-14T00:15:38Z
20000840831,20001084240,캐퍼도닉 21년 피티드 700ml,캐퍼도닉,700,290.0,201.84,30.0,USD,304193,주류/위스키/싱글 몰트,True,2026-07-14T00:15:38Z
20000840576,20001083940,더 글렌그란트 10년 1000ml,더 글렌그란트,1000,62.0,38.5,38.0,USD,58023,주류/위스키/싱글 몰트,True,2026-07-14T00:15:38Z
20000976675,20001310849,브룩라디 옥토모어 15.1 700ml,브룩라디,700,167.0,167.0,0.0,USD,251685,주류/위스키/싱글 몰트,True,2026-07-14T00:15:38Z
20000940650,20001247204,달모어 포트폴리오 시리즈2 2007 700ml,달모어,700,930.0,883.5,5.0,USD,1331523,주류/위스키/싱글 몰트,True,2026-07-14T00:15:38Z
20000940646,20001247196,달모어 포트폴리오 시리즈3 2004 700ml,달모어,700,1250.0,1187.5,5.0,USD,1789681,주류/위스키/싱글 몰트,True,2026-07-14T00:15:38Z
20000929401,20001226673,에버펠디 21년 마데이라캐스크 700ml,에버펠디,700,248.0,120.15,52.0,USD,181078,주류/위스키/싱글 몰트,True,2026-07-14T00:15:38Z
20000867877,20001127697,캐퍼도닉 18년 피티드 700mL,캐퍼도닉,700,130.0,90.48,30.0,USD,136362,주류/위스키/싱글 몰트,True,2026-07-14T00:15:38Z
20000867262,20001126948,크라이겔라키33년 싱글몰트 위스키 700ml,크라이겔라키,700,3161.0,1182.21,63.0,USD,1781709,주류/위스키/싱글 몰트,True,2026-07-14T00:15:38Z
20000975463,20001308968,브룩라디 포트 샬롯 PMC 700ml,브룩라디,700,138.0,138.0,0.0,USD,207979,주류/위스키/싱글 몰트,True,2026-07-14T00:15:38Z
20000842417,20001086603,조니워커 블루 라벨 750ml,조니워커,750,227.0,147.09,35.0,USD,221679,주류/위스키/블렌디드,True,2026-07-14T00:15:38Z
20001048274,20001446108,조니워커 엑스오디네어 1000ml,조니워커,1000,399.0,178.75,55.0,USD,269394,주류/위스키/블렌디드,True,2026-07-14T00:15:38Z
20000840754,20001084151,로얄살루트 21년 더 시그니처 블렌드 700ml,로얄살루트,700,176.0,123.55,30.0,USD,186202,주류/위스키/블렌디드,True,2026-07-14T00:15:38Z
20000842406,20001086588,발렌타인 17년 700ml,발렌타인,700,94.0,65.98,30.0,USD,99438,주류/위스키/블렌디드,True,2026-07-14T00:15:38Z
20001042801,20001436178,발렌타인 30년 700ml,발렌타인,700,447.0,313.79,30.0,USD,472913,주류/위스키/블렌디드,True,2026-07-14T00:15:38Z
20000842405,20001086584,발렌타인 21년 700ml,발렌타인,700,170.0,119.34,30.0,USD,179857,주류/위스키/블렌디드,True,2026-07-14T00:15:38Z
20000846273,20001091971,몽키숄더 1000ml,몽키숄더,1000,50.0,26.4,47.0,USD,39787,주류/위스키/블렌디드,True,2026-07-14T00:15:38Z
20001043676,20001437401,이글레어 12년 750ml,버팔로 트레이스,750,72.0,72.0,0.0,USD,108511,주류/위스키/블렌디드,True,2026-07-14T00:15:38Z
20001042852,20001436274,조니워커 블루 라벨 1000ml,조니워커,1000,302.0,195.69,35.0,USD,294924,주류/위스키/블렌디드,True,2026-07-14T00:15:38Z
20000842425,20001086611,조니워커 18년 750ml,조니워커,750,112.0,58.24,48.0,USD,87774,주류/위스키/블렌디드,True,2026-07-14T00:15:38Z
20001049628,20001448515,1792 15년 1000ml,버팔로 트레이스,1000,250.0,250.0,0.0,USD,376775,주류/위스키/블렌디드,True,2026-07-14T00:15:38Z
20001003649,20001361761,닛카 타케츠루 퓨어 몰트 그란데 700ml,닛카 위스키,700,110.0,88.0,20.0,USD,132625,주류/위스키/블렌디드,True,2026-07-14T00:15:38Z
20001045681,20001441491,조니워커 블루라벨 500ml,조니워커,500,160.0,103.68,35.0,USD,156256,주류/위스키/블렌디드,True,2026-07-14T00:15:38Z
20000977557,20001313046,로얄살루트 32년 500ml,로얄살루트,500,447.0,313.79,30.0,USD,472913,주류/위스키/블렌디드,True,2026-07-14T00:15:38Z
20001002796,20001359746,버팔로 트레이스 1000ml,버팔로 트레이스,1000,30.0,15.93,47.0,USD,24008,주류/위스키/블렌디드,True,2026-07-14T00:15:38Z
20000978199,20001314242,와일드무어 23년 웨이킹 포레스트 700ml,와일드무어,700,188.0,90.24,52.0,USD,136001,주류/위스키/블렌디드,True,2026-07-14T00:15:38Z
20000949283,20001261392,조니워커 블랙 라벨 1000ml,조니워커,1000,56.0,33.15,41.0,USD,49960,주류/위스키/블렌디드,True,2026-07-14T00:15:38Z
20000840752,20001084149,로얄살루트 25년 더 트레저드 블렌드 700ml,로얄살루트,700,264.0,185.32,30.0,USD,279296,주류/위스키/블렌디드,True,2026-07-14T00:15:38Z
20000842428,20001086614,조니워커 킹조지 5세 500ml,조니워커,500,440.0,267.52,39.0,USD,403179,주류/위스키/블렌디드,True,2026-07-14T00:15:38Z
20001007659,20001368674,히비키 마스터즈 셀렉트 스페셜 에디션 700ml,산토리,700,238.0,238.0,0.0,USD,358689,주류/위스키/블렌디드,True,2026-07-14T00:15:38Z
20000842402,20001086573,발렌타인 23년 700ml,발렌타인,700,210.0,147.42,30.0,USD,222177,주류/위스키/블렌디드,True,2026-07-14T00:15:38Z
20000842239,20001086314,듀어스 16년 1000ml,듀어스,1000,85.0,37.57,56.0,USD,56622,주류/위스키/블렌디드,True,2026-07-14T00:15:38Z
20000842401,20001086572,발렌타인 파이니스트 1000ml,발렌타인,1000,25.0,17.55,30.0,USD,26450,주류/위스키/블렌디드,True,2026-07-14T00:15:38Z
20001039366,20001428359,시바스리갈 18년 700ml,시바스리갈,700,88.0,61.24,30.0,USD,92295,주류/위스키/블렌디드,True,2026-07-14T00:15:38Z
20000993474,20001341995,조니워커 엑스알 21년 750ml,조니워커,750,140.0,78.4,44.0,USD,118157,주류/위스키/블렌디드,True,2026-07-14T00:15:38Z
20001049626,20001448513,1792 풀프루프 싱글배럴 셀렉트 750ml,버팔로 트레이스,750,88.0,53.06,40.0,USD,79967,주류/위스키/블렌디드,True,2026-07-14T00:15:38Z
20001006029,20001365696,조니워커 아일랜드 그린 1000ml,조니워커,1000,86.0,51.6,40.0,USD,77766,주류/위스키/블렌디드,True,2026-07-14T00:15:38Z
20000986459,20001330759,조니워커 골드 라벨 리저브 1000ml,조니워커,1000,88.0,50.68,42.0,USD,76380,주류/위스키/블렌디드,True,2026-07-14T00:15:38Z
20000842415,20001086601,조니워커 더블 블랙 1000ml,조니워커,1000,67.0,41.27,38.0,USD,62198,주류/위스키/블렌디드,True,2026-07-14T00:15:38Z
20001000924,20001355904,섀클턴 1000ml,섀클턴,1000,58.0,58.0,0.0,USD,87411,주류/위스키/블렌디드,True,2026-07-14T00:15:38Z
20000937931,20001241379,조니워커 엑스오디네어 750ml,조니워커,750,262.0,169.77,35.0,USD,255860,주류/위스키/블렌디드,True,2026-07-14T00:15:38Z
20000945237,20001255137,부쉬밀 오리지널 아이리쉬 위스키 1000ml,부쉬밀,1000,30.0,13.5,55.0,USD,20346,주류/위스키/블렌디드,True,2026-07-14T00:15:38Z
20000840751,20001084148,로얄살루트 21년 더 시그니처 블렌드 1000ml,로얄살루트,1000,251.0,176.2,30.0,USD,265551,주류/위스키/블렌디드,True,2026-07-14T00:15:38Z
20001045682,20001441492,조니워커 레드라벨 1L,조니워커,1000,29.0,14.38,50.0,USD,21672,주류/위스키/블렌디드,True,2026-07-14T00:15:38Z
20001043655,20001437358,잭다니엘 싱글배럴 헤리티지 배럴 1L,잭다니엘,1000,86.0,72.75,15.0,USD,109642,주류/위스키/블렌디드,True,2026-07-14T00:15:38Z
20000893288,20001166985,로더스 15년 1000ml,로더스,1000,54.0,25.75,52.0,USD,38808,주류/위스키/블렌디드,True,2026-07-14T00:15:38Z
20001014203,20001381027,버팔로 트레이스 테일러 스몰 배치 750ml,버팔로 트레이스,750,84.0,84.0,0.0,USD,126596,주류/위스키/블렌디드,True,2026-07-14T00:15:38Z
20000995913,20001345831,우드포드리저브 더블엑스오 700ml,우드포드 리저브,700,175.0,103.95,41.0,USD,156663,주류/위스키/블렌디드,True,2026-07-14T00:15:38Z
20000986199,20001330267,조니워커 블랙 루비 1000ml,조니워커,1000,71.0,42.03,41.0,USD,63343,주류/위스키/블렌디드,True,2026-07-14T00:15:38Z
20001043677,20001437402,스태그 750ml,버팔로 트레이스,750,300.0,300.0,0.0,USD,452130,주류/위스키/블렌디드,True,2026-07-14T00:15:38Z
20001043674,20001437399,1792 스몰배치 1L,버팔로 트레이스,1000,49.0,24.69,50.0,USD,37210,주류/위스키/블렌디드,True,2026-07-14T00:15:38Z
20001015526,20001383298,잭다니엘 싱글배럴 100 프루프 700ml,잭다니엘,700,68.0,37.33,45.0,USD,56260,주류/위스키/블렌디드,True,2026-07-14T00:15:38Z
20001043682,20001437410,웰러 스페셜 리저브 750ml,버팔로 트레이스,750,96.0,52.7,45.0,USD,79424,주류/위스키/블렌디드,True,2026-07-14T00:15:38Z
20001042512,20001435587,잭다니엘 싱글배럴 배럴 스트렝스 700ml,잭다니엘,700,95.0,80.37,15.0,USD,121126,주류/위스키/블렌디드,True,2026-07-14T00:15:38Z
20000961806,20001282402,로얄살루트 21년 마이애미 폴로 에디션 700ml,로얄살루트,700,211.0,148.12,30.0,USD,223232,주류/위스키/블렌디드,True,2026-07-14T00:15:38Z
20000846003,20001091578,교토 쿠로오비 위스키 700ml,교토위스키,700,130.0,49.4,62.0,USD,74451,주류/위스키/블렌디드,True,2026-07-14T00:15:38Z
20000840756,20001084153,로얄살루트 21년 더 피티드 블렌드 700ml,로얄살루트,700,200.0,140.0,30.0,USD,210994,주류/위스키/블렌디드,True,2026-07-14T00:15:38Z
20000894060,20001168470,엘리먼츠오브아일라 캐스크에디트 700ml,엘리먼츠 오브 아일라,700,79.0,29.7,62.0,USD,44761,주류/위스키/블렌디드,True,2026-07-14T00:15:38Z
20000893275,20001166963,워터프루프 블렌디드 몰트 위스키 700ml,워터프루프,700,45.0,19.08,58.0,USD,28755,주류/위스키/블렌디드,True,2026-07-14T00:15:38Z
20001003497,20001361434,로얄살루트 21년 해리스 리드 에디션 700ml,로얄살루트,700,229.0,159.38,30.0,USD,240202,주류/위스키/블렌디드,True,2026-07-14T00:15:38Z
20000995909,20001345827,잭다니엘 본디드 라이 1000ml,잭다니엘,1000,48.0,25.48,47.0,USD,38401,주류/위스키/블렌디드,True,2026-07-14T00:15:38Z
20000920350,20001213784,발렌타인 10년 1L,발렌타인,1000,44.0,30.88,30.0,USD,46539,주류/위스키/블렌디드,True,2026-07-14T00:15:38Z
20000842427,20001086613,조니워커 킹조지 5세 750ml,조니워커,750,702.0,426.81,39.0,USD,643245,주류/위스키/블렌디드,True,2026-07-14T00:15:38Z
20000840788,20001084185,시바스리갈 13년 셰리 캐스크 1000ml,시바스리갈,1000,58.0,40.36,30.0,USD,60827,주류/위스키/블렌디드,True,2026-07-14T00:15:38Z
20001049637,20001448524,사제락 라이 18년 750ml,버팔로 트레이스,750,1200.0,1200.0,0.0,USD,1808520,주류/위스키/블렌디드,True,2026-07-14T00:15:38Z
20001049632,20001448519,이글레어 17년 750ml,버팔로 트레이스,750,1200.0,1200.0,0.0,USD,1808520,주류/위스키/블렌디드,True,2026-07-14T00:15:38Z
20000954856,20001271619,로얄살루트 21년 빈티지 블렌디드 스카치 위스키 700ml,로얄살루트,700,211.0,146.85,30.0,USD,221318,주류/위스키/블렌디드,True,2026-07-14T00:15:38Z
20000867848,20001127650,탈버트 셀틱 몰트 위스키 700ml,탈버트,700,56.0,19.26,66.0,USD,29027,주류/위스키/블렌디드,True,2026-07-14T00:15:38Z
20000842619,20001086812,쿠라 레키 750ml,쿠라,750,73.0,25.69,65.0,USD,38717,주류/위스키/블렌디드,True,2026-07-14T00:15:38Z
20000840785,20001084182,시바스리갈 13년 럼 캐스크 1000ml,시바스리갈,1000,58.0,40.36,30.0,USD,60827,주류/위스키/블렌디드,True,2026-07-14T00:15:38Z
20001030365,20001409566,레벨 켄터키 스트레이트 버번 위스키 750ml,레벨,750,42.0,17.15,59.0,USD,25847,주류/위스키/블렌디드,True,2026-07-14T00:15:38Z
20000842426,20001086612,조니워커 블랙 라벨 트리플 캐스크 에디션 1000ml,조니워커,1000,63.0,38.8,38.0,USD,58475,주류/위스키/블렌디드,True,2026-07-14T00:15:38Z
20000840777,20001084174,시바스리갈 15년 1000ml,시바스리갈,1000,82.0,57.07,30.0,USD,86010,주류/위스키/블렌디드,True,2026-07-14T00:15:38Z
20000840775,20001084172,시바스리갈 얼티스 1000ml,시바스리갈,1000,235.0,163.56,30.0,USD,246501,주류/위스키/블렌디드,True,2026-07-14T00:15:38Z
20000840757,20001084154,시바스리갈 12년 블렌디드 스카치 위스키 1000ml,시바스리갈,1000,48.0,33.4,30.0,USD,50337,주류/위스키/블렌디드,True,2026-07-14T00:15:38Z
20001015869,20001383679,크래프트브로스 라이프 먼로 48 500ml,크래프트브로스,500,65.0,38.35,41.0,USD,57797,주류/위스키/블렌디드,True,2026-07-14T00:15:38Z
20000995893,20001345810,잭다니엘 본디드 1000ml,잭다니엘,1000,48.0,25.48,47.0,USD,38401,주류/위스키/블렌디드,True,2026-07-14T00:15:38Z
20000894116,20001168549,엘리먼츠오브아일라 버번 700ml,엘리먼츠 오브 아일라,700,109.0,40.98,62.0,USD,61761,주류/위스키/블렌디드,True,2026-07-14T00:15:38Z
20000893299,20001167006,아일레이 미스트 17년 700ml,아일레이 미스트,700,95.0,42.75,55.0,USD,64429,주류/위스키/블렌디드,True,2026-07-14T00:15:38Z
20000893293,20001166990,로더스 25년 700ml,로더스,700,249.0,116.53,53.0,USD,175622,주류/위스키/블렌디드,True,2026-07-14T00:15:38Z
20000846089,20001091751,더 와이즈맨 켄터키 스트레이트 버번 위스키 750ml,더와이즈맨,750,71.0,42.49,40.0,USD,64037,주류/위스키/블렌디드,True,2026-07-14T00:15:38Z
20001015870,20001383680,크래프트브로스 라이프 체 53 500ml,크래프트브로스,500,65.0,38.35,41.0,USD,57797,주류/위스키/블렌디드,True,2026-07-14T00:15:38Z
20001010529,20001374084,닛카 더 닛카 리미티드 700ml,닛카 위스키,700,1500.0,1200.0,20.0,USD,1808520,주류/위스키/블렌디드,True,2026-07-14T00:15:38Z
20000991267,20001338629,더 디콘 1000ml,더 디콘,1000,49.0,34.39,30.0,USD,51829,주류/위스키/블렌디드,True,2026-07-14T00:15:38Z
20000978246,20001314376,와일드무어 30년 트로피칼 코스트 700ml,와일드무어,700,388.0,211.07,46.0,USD,318104,주류/위스키/블렌디드,True,2026-07-14T00:15:38Z
20000937242,20001240007,람베이 스몰 배치 블렌드 700ml,람베이,700,47.0,20.53,56.0,USD,30941,주류/위스키/블렌디드,True,2026-07-14T00:15:38Z
20000894064,20001168474,맥네어스 럼릭 12년 700ml,맥네어스 럼 릭,700,106.0,39.85,62.0,USD,60058,주류/위스키/블렌디드,True,2026-07-14T00:15:38Z
20000893297,20001167004,아일레이 미스트 10년 700ml,아일레이 미스트,700,65.0,29.25,55.0,USD,44083,주류/위스키/블렌디드,True,2026-07-14T00:15:38Z
20000858698,20001112925,페이머스 그라우스 블랙알파 에디션 700ml,더 페이머스 그라우스,700,46.0,20.7,55.0,USD,31197,주류/위스키/블렌디드,True,2026-07-14T00:15:38Z
20000846097,20001091760,더 와이즈맨 켄터키 스트레이트 라이 위스키 750ml,더와이즈맨,750,71.0,42.49,40.0,USD,64037,주류/위스키/블렌디드,True,2026-07-14T00:15:38Z
20000842626,20001086825,쿠라 더 위스키 클래식 700ml,쿠라,700,125.0,62.0,50.0,USD,93440,주류/위스키/블렌디드,True,2026-07-14T00:15:38Z
20000842622,20001086817,쿠라 8년 아와모리 700ml,쿠라,700,202.0,96.96,52.0,USD,146128,주류/위스키/블렌디드,True,2026-07-14T00:15:38Z
20000842603,20001086794,우미키 750ml,우미키,750,73.0,33.87,54.0,USD,51045,주류/위스키/블렌디드,True,2026-07-14T00:15:38Z
20000842233,20001086308,듀어스 25년 750ml,듀어스,750,357.0,303.45,15.0,USD,457329,주류/위스키/블렌디드,True,2026-07-14T00:15:38Z
20000919212,20001212160,듀어스 더블더블 36년 500ml,듀어스,500,1800.0,765.0,58.0,USD,1152932,주류/위스키/블렌디드,True,2026-07-14T00:15:38Z
20000840758,20001084155,시바스리갈 25년 700ml,시바스리갈,700,389.0,270.74,30.0,USD,408032,주류/위스키/블렌디드,True,2026-07-14T00:15:38Z
20001043681,20001437409,웰러 싱글배럴 750ml,버팔로 트레이스,750,330.0,330.0,0.0,USD,497342,주류/위스키/블렌디드,True,2026-07-14T00:15:38Z
20001043679,20001437404,웰러 CYPB 750ml,버팔로 트레이스,750,299.0,299.0,0.0,USD,450622,주류/위스키/블렌디드,True,2026-07-14T00:15:38Z
20000914684,20001205190,와일드터키 레어브리드 1000ml,와일드터키,1000,63.0,39.12,38.0,USD,58958,주류/위스키/기타 위스키,True,2026-07-14T00:15:38Z
20000841995,20001086025,우드포드리저브 더블오크 1000ml,우드포드 리저브,1000,75.0,44.55,41.0,USD,67141,주류/위스키/기타 위스키,True,2026-07-14T00:15:38Z
20000841977,20001085987,우드포드리저브 1000ml,우드포드 리저브,1000,50.0,29.7,41.0,USD,44761,주류/위스키/기타 위스키,True,2026-07-14T00:15:38Z
20000917071,20001209177,노아스밀  750ml,노아스밀,750,117.0,66.69,43.0,USD,100508,주류/위스키/기타 위스키,True,2026-07-14T00:15:38Z
20000842019,20001086052,잭다니엘 블랙 1000ml,잭다니엘,1000,35.0,17.64,50.0,USD,26585,주류/위스키/기타 위스키,True,2026-07-14T00:15:38Z
20000937248,20001240013,와일드터키 켄터키 스피릿 1000ml,와일드터키,1000,74.0,33.96,54.0,USD,51181,주류/위스키/기타 위스키,True,2026-07-14T00:15:38Z
20000921340,20001215153,이글레어 10년 700ml,버팔로 트레이스,700,58.0,31.84,45.0,USD,47986,주류/위스키/기타 위스키,True,2026-07-14T00:15:38Z
20000842029,20001086062,잭다니엘 허니 1000ml,잭다니엘,1000,35.0,19.53,44.0,USD,29434,주류/위스키/기타 위스키,True,2026-07-14T00:15:38Z
20000840572,20001083936,와일드터키 101 1000ml,와일드터키,1000,48.0,22.03,54.0,USD,33201,주류/위스키/기타 위스키,True,2026-07-14T00:15:38Z
20000891994,20001164848,와일드터키 롱브랜치 1000ml,와일드터키,1000,58.0,27.66,52.0,USD,41686,주류/위스키/기타 위스키,True,2026-07-14T00:15:38Z
20000842045,20001086082,잭다니엘 애플 1000ml,잭다니엘,1000,35.0,21.1,40.0,USD,31800,주류/위스키/기타 위스키,True,2026-07-14T00:15:38Z
20000891990,20001164835,와일드터키 아메리칸 허니 1000ml,와일드터키,1000,36.0,13.28,63.0,USD,20014,주류/위스키/기타 위스키,True,2026-07-14T00:15:38Z
20000842024,20001086057,잭다니엘 젠틀맨잭 1000ml,잭다니엘,1000,46.0,24.01,48.0,USD,36185,주류/위스키/기타 위스키,True,2026-07-14T00:15:38Z
20001045027,20001440171,짐빔 블랙 7년 1000ml,짐 빔,1000,39.0,18.52,53.0,USD,27911,주류/위스키/기타 위스키,True,2026-07-14T00:15:38Z
20001048428,20001446363,잭다니엘 시나트라 1000ml,잭다니엘,1000,170.0,81.6,52.0,USD,122979,주류/위스키/기타 위스키,True,2026-07-14T00:15:38Z
20001029558,20001407890,잭다니엘 라이 1000ml,잭다니엘,1000,40.0,17.6,56.0,USD,26525,주류/위스키/기타 위스키,True,2026-07-14T00:15:38Z
20000919210,20001212158,베리올드세인트닉 윈터라이 750ml,베리 올드 세인트 닉,750,375.0,171.0,54.0,USD,257714,주류/위스키/기타 위스키,True,2026-07-14T00:15:38Z
20000881455,20001149022,사가모어 스피릿 캐스크 스트랭스 위스키 750ml,사가모어 스피릿,750,95.0,41.04,57.0,USD,61851,주류/위스키/기타 위스키,True,2026-07-14T00:15:38Z
20000864934,20001123223,켄터키 아울 더 와이즈맨 스트레이트 버번 위스키 700ml,켄터키 아울,700,65.0,20.8,68.0,USD,31348,주류/위스키/기타 위스키,True,2026-07-14T00:15:38Z
20001048342,20001446178,은하철도999 하록선장 500ml,크래프트브로스,500,65.0,38.35,41.0,USD,57797,주류/위스키/기타 위스키,True,2026-07-14T00:15:38Z
20001005173,20001363875,크래프트브로스 제기 이파뉴본 화심 500ml,크래프트브로스,500,113.0,66.67,41.0,USD,100478,주류/위스키/기타 위스키,True,2026-07-14T00:15:38Z
20000996828,20001347550,레드브레스트 18년 아이리쉬 위스키 700ml,레드브레스트,700,200.0,140.4,30.0,USD,211597,주류/위스키/기타 위스키,True,2026-07-14T00:15:38Z
20000881453,20001149020,사가모어 스피릿 더블 오크 위스키 750ml,사가모어 스피릿,750,85.0,36.72,57.0,USD,55341,주류/위스키/기타 위스키,True,2026-07-14T00:15:38Z
20000864953,20001123291,켄터키 아울 더 와이즈맨 스트레이트 라이 버번 위스키 700ml,켄터키 아울,700,65.0,20.28,69.0,USD,30564,주류/위스키/기타 위스키,True,2026-07-14T00:15:38Z
20000842013,20001086046,잭다니엘 트윈팩 (1000mlx2병),잭다니엘,1000,66.0,33.26,50.0,USD,50126,주류/위스키/기타 위스키,True,2026-07-14T00:15:38Z
20000867839,20001127640,스팀쉽 럼 캐스크 700ml,스팀쉽,700,187.0,67.32,64.0,USD,101458,주류/위스키/기타 위스키,True,2026-07-14T00:15:38Z
20000841994,20001086024,우드포드리저브 더비 1000ml,우드포드 리저브,1000,60.0,35.64,41.0,USD,53713,주류/위스키/기타 위스키,True,2026-07-14T00:15:38Z
20000840674,20001084064,제임슨 오리지널 아이리시 위스키 아일랜드 1000ml,제임슨,1000,39.0,28.08,28.0,USD,42319,주류/위스키/기타 위스키,True,2026-07-14T00:15:38Z
20001008139,20001369892,크래프트브로스 제기 하이코스트 500ml,크래프트브로스,500,119.0,70.21,41.0,USD,105813,주류/위스키/기타 위스키,True,2026-07-14T00:15:38Z
20000996824,20001347545,레드브레스트 15년 아이리쉬 위스키 700ml,레드브레스트,700,102.0,71.6,30.0,USD,107908,주류/위스키/기타 위스키,True,2026-07-14T00:15:38Z
20000929385,20001226651,틸링 싱글 그레인 1000ml,틸링,1000,73.0,29.78,59.0,USD,44881,주류/위스키/기타 위스키,True,2026-07-14T00:15:38Z
20000874727,20001139308,타운브랜치 트루 캐스크 켄터키 스트레이트 버번 위스키 750ml,타운브랜치,750,67.0,30.75,54.0,USD,46343,주류/위스키/기타 위스키,True,2026-07-14T00:15:38Z
20000842041,20001086075,잭다니엘 싱글배럴 700ml,잭다니엘,700,68.0,34.27,50.0,USD,51648,주류/위스키/기타 위스키,True,2026-07-14T00:15:38Z
20001048341,20001446177,은하철도999 에메랄다스 500ml,크래프트브로스,500,65.0,38.35,41.0,USD,57797,주류/위스키/기타 위스키,True,2026-07-14T00:15:38Z
20001029023,20001406566,크래프트브로스 제기 사부로마루 500ml,크래프트브로스,500,119.0,70.21,41.0,USD,105813,주류/위스키/기타 위스키,True,2026-07-14T00:15:38Z
20001019600,20001389631,크래프트브로스 은하철도999 50 500ml,크래프트브로스,500,65.0,38.35,41.0,USD,57797,주류/위스키/기타 위스키,True,2026-07-14T00:15:38Z
20000975606,20001309307,쿠지라 류쿠 10년 700ml,쿠지라,700,145.0,75.69,48.0,USD,114072,주류/위스키/기타 위스키,True,2026-07-14T00:15:38Z
20000940295,20001246265,리카 1000ml,제임슨,1000,22.0,15.84,28.0,USD,23872,주류/위스키/기타 위스키,True,2026-07-14T00:15:38Z
20000929387,20001226653,틸링 스몰배치 1000ml,틸링,1000,58.0,24.65,58.0,USD,37150,주류/위스키/기타 위스키,True,2026-07-14T00:15:38Z
20000895215,20001170815,헤븐스 도어 스트레이트 라이 위스키 750ml,헤븐스도어,750,80.0,36.0,55.0,USD,54256,주류/위스키/기타 위스키,True,2026-07-14T00:15:38Z
20000895199,20001170790,헤븐스 도어 스트레이트 버번 위스키 750ml,헤븐스도어,750,60.0,26.46,56.0,USD,39878,주류/위스키/기타 위스키,True,2026-07-14T00:15:38Z
20000894189,20001168622,레벨 스트레이트 라이 750ml,레벨,750,46.0,19.45,58.0,USD,29313,주류/위스키/기타 위스키,True,2026-07-14T00:15:38Z
20000894185,20001168618,레벨 럭스로우 포그레인 더블배럴 750ml,레벨,750,198.0,85.53,57.0,USD,128902,주류/위스키/기타 위스키,True,2026-07-14T00:15:38Z
20000894165,20001168598,조지레무스 리필리저브 배치7 750ml,조지레무스,750,260.0,114.66,56.0,USD,172804,주류/위스키/기타 위스키,True,2026-07-14T00:15:38Z
20000881451,20001149018,사가모어 스피릿 라이 위스키 750ml,사가모어 스피릿,750,65.0,28.08,57.0,USD,42319,주류/위스키/기타 위스키,True,2026-07-14T00:15:38Z
20000867833,20001127632,식스 아일리스 보야져 1000ml,식스 아일리스,1000,92.0,31.46,66.0,USD,47413,주류/위스키/기타 위스키,True,2026-07-14T00:15:38Z
20001048346,20001446182,이파 김포포 500ml,크래프트브로스,500,105.0,61.95,41.0,USD,93365,주류/위스키/기타 위스키,True,2026-07-14T00:15:38Z
20001048344,20001446180,이파 김포김 500ml,크래프트브로스,500,105.0,61.95,41.0,USD,93365,주류/위스키/기타 위스키,True,2026-07-14T00:15:38Z
20001019605,20001389642,크래프트브로스 은하철도999 52 500ml,크래프트브로스,500,65.0,38.35,41.0,USD,57797,주류/위스키/기타 위스키,True,2026-07-14T00:15:38Z
20001014411,20001381325,와일드터키 마스터스 킵 트라이엄프 750ml,와일드터키,750,175.0,139.65,20.0,USD,210467,주류/위스키/기타 위스키,True,2026-07-14T00:15:38Z
20001001285,20001356670,"웰러SR, 버팔로 트레이스 듀오팩 750ml",버팔로 트레이스,750,74.0,40.62,45.0,USD,61218,주류/위스키/기타 위스키,True,2026-07-14T00:15:38Z
20000996821,20001347542,레드브레스트 12년 아이리쉬 위스키 700ml,레드브레스트,700,64.0,44.92,30.0,USD,67699,주류/위스키/기타 위스키,True,2026-07-14T00:15:38Z
20000921334,20001215128,사제락 라이 750ml,버팔로 트레이스,750,46.0,25.25,45.0,USD,38054,주류/위스키/기타 위스키,True,2026-07-14T00:15:38Z
20000903414,20001185630,리젠트 버번 700ml,짐 빔,700,70.0,33.25,53.0,USD,50111,주류/위스키/기타 위스키,True,2026-07-14T00:15:38Z
20000895212,20001170811,헤븐스 도어 더블 배럴 위스키 750ml,헤븐스도어,750,60.0,27.0,55.0,USD,40692,주류/위스키/기타 위스키,True,2026-07-14T00:15:38Z
20000894180,20001168613,레벨 버번 까베르네소비뇽 피니쉬 700ml,레벨,700,67.0,28.94,57.0,USD,43615,주류/위스키/기타 위스키,True,2026-07-14T00:15:38Z
20000894073,20001168489,로즈빌 유니언 마스터 크래프트 라이 750ml,로즈빌유니언,750,100.0,39.6,60.0,USD,59681,주류/위스키/기타 위스키,True,2026-07-14T00:15:38Z
20000885323,20001154906,큐로 몰트 500ml,큐로,500,119.0,52.36,56.0,USD,78912,주류/위스키/기타 위스키,True,2026-07-14T00:15:38Z
