name,price,volume_ml,n_frames,t_start,t_end
1792스몰배치750ml,39980,750,1,31.6,31.6
글랜글라사샌드엔드700m,99800,700,3,41.8,44.8
더글렌그란트12년700m,59400,700,3,47.8,51.8
[매너 광고 공간],89400,700,1,54.2,54.2
100m1812.771원,89400,700,1,56.6,56.6
글렌킨치12년700ml,59800,700,2,74.0,75.6
글렌피닉12년 700ml,69800,700,1,79.8,79.8
글렌피릭14년버번캐스크700m,99800,700,2,84.0,86.0
글렌피딕15년 700ml,99800,700,1,89.8,89.8
글렌피닉15년700ml,99800,700,1,92.4,92.4
노마드 아웃랜드세리피니시700m,49980,700,2,97.6,100.2
달모어12년 700ml,99800,700,2,103.2,105.6
듀어스 15년파인오크스페셜 리저브 700nm,59400,,1,109.8,109.8
라가불린11년스윗피트700m,89800,700,1,115.8,115.8
메이커스마크1L,49980,1000,2,128.2,130.2
몽키슬더700ml,49980,700,1,133.8,133.8
발렌타인 10년700m,31980,700,1,138.2,138.2
발렌타인 17년 말본 리미티드에디션700m,149800,700,4,143.8,147.8
발베니12년700ml,96800,700,1,151.2,151.2
뱅크홀싱글몰트위스키700ml,29940,700,2,157.6,160.2
버팔로트레이스1L,49980,1000,1,163.8,163.8
부쉬밀15년싱글몰트700ml,99800,700,1,169.8,169.8
아란쉐리캐스크700m,99800,700,1,183.2,183.2
에반월리엄스 12년750m,99800,750,1,187.8,187.8
에반 월리엄스 블랙 1L,29980,1000,1,192.6,192.6
에반 윌리엄스블랙1L,29980,1000,3,193.8,195.8
에반 월리엄스블랙1L,29980,1000,1,196.2,196.2
오의드터키레어브리드750m,79800,750,1,205.8,205.8
와일드터키킨터키스피릿싱글배럴7,69400,,1,211.8,211.8
이글레어10년750mI,69800,750,3,215.8,220.2
일라이저크레이그스몰배치1.75L,79400,1750,1,223.8,223.8
책다니엘 애플700m전간패키지,34980,,2,228.6,231.2
제임슨 스탠다드 700m,27980,700,1,241.8,241.8
조니워커그린라벨700ml,69800,700,1,247.8,247.8
조니워커레드1.75L,49940,1750,3,252.2,255.6
조니워커블랙 루비700m,54800,700,1,261.0,261.0
조니워커블랙라벨700m,44980,700,1,265.8,265.8
조니워커블루라벨750ml,259800,750,2,269.6,271.6
짐빔화이트750ml,19980,750,1,277.8,277.8
카발란디스틸러리셀렉트싱글몰트700m,69800,700,4,283.8,286.0
칼라일블렌디드스카치위스키1.5L,23980,1500,1,289.8,289.8
탈리스만9년포르투기즈 캐스크에디션700,25980,,1,301.8,301.8
탈리스커10년700ml,69800,700,2,312.8,314.0
탈리스커와일드블루700mI,69400,,1,319.8,319.8
도스브로스마가리타라임1.75L,22980,1750,1,325.8,325.8
레미마틴V.S.O.P70OmI,79800,,1,329.6,329.6
레미마틴V.S.O.P70Oml,79800,,1,332.2,332.2
바카디모히또클래식700m,21980,700,1,337.8,337.8
봄베이사파이어진750m,30980,750,3,353.8,356.6
앱솔루트 보드카 1L,25980,1000,2,359.8,361.8
업타운마가리타1.5L,24980,1500,1,367.8,367.8
페로네리몬첼로1L,29980,1000,3,371.6,374.6
피치트리1L,25980,1000,1,379.8,379.8
호세쿠엘보 에스페살 레포사도750m,27980,750,2,384.2,386.6
글랜글라사포트소이 700m,109800,700,1,392.0,392.0
글렌고인cS배치11700ml,149800,11700,2,397.6,400.2
더글렌리벳17년스몰배치2700m,229800,,1,403.6,403.6
달모어2005빈티지 700m,678000,700,2,414.2,416.6
로알살루트21년그레인700m,179800,700,1,421.8,421.8
빌렌타인싱글몰트글렌버기16년스몰바치,169800,,1,427.6,427.6
빌렌티인싱글몰트글렌버기16년스몰배치,169800,,1,430.2,430.2
발베니12년싱글배럴750ml,119800,750,1,432.6,432.6
아벨-워아브나흐세리캐스크에다션700,235800,,2,438.6,441.2
탐두15년700ml,169800,700,4,443.8,447.2
포로지스스몰배치셀렉트 750m,116800,750,3,451.8,453.8
