goos_cd,name,brand,volume_ml,regular_price,sale_price,discount_pct,currency,krw_price,l_cate,category,is_dutyfree,exch_rate,source,collected_at
102488000001,발렌타인 30년 700ml,발렌타인,700,447.0,312.9,30.0,USD,450920,liquor,주류/위스키,True,1441.1,신세계(SSG)면세,2026-08-01T22:45:14Z
115348000047,카발란 솔리스트 마데이라 1000ML,카발란,1000,234.0,187.2,20.0,USD,269773,liquor,주류/위스키,True,1441.1,신세계(SSG)면세,2026-08-01T22:45:14Z
102447200008,조니워커 블루라벨 750ml,조니워커,750,227.0,147.55,35.0,USD,212634,liquor,주류/위스키,True,1441.1,신세계(SSG)면세,2026-08-01T22:45:14Z
111038000021,발베니 12 골든럼 캐스크 700ml,발베니,700,80.0,44.2,45.0,USD,63696,liquor,주류/위스키,True,1441.1,신세계(SSG)면세,2026-08-01T22:45:14Z
106858000011,브룩라디 옥토모어 15.3 700ml,브룩라디,700,230.0,207.0,10.0,USD,298307,liquor,주류/위스키,True,1441.1,신세계(SSG)면세,2026-08-01T22:45:14Z
102438000010,로얄살루트 21년 빈티지 700ml,로얄 살루트,700,211.0,147.7,30.0,USD,212850,liquor,주류/위스키,True,1441.1,신세계(SSG)면세,2026-08-01T22:45:14Z
106758000001,로얄브라클라 21년 700ml,듀어스,700,348.0,171.22,51.0,USD,246745,liquor,주류/위스키,True,1441.1,신세계(SSG)면세,2026-08-01T22:45:14Z
111038000003,발베니 18 PX 셰리 캐스크 700ml,발베니,700,277.0,162.05,42.0,USD,233530,liquor,주류/위스키,True,1441.1,신세계(SSG)면세,2026-08-01T22:45:14Z
106858000014,브룩라디 블랙아트 사페로 700ml,브룩라디,700,238.0,214.2,10.0,USD,308683,liquor,주류/위스키,True,1441.1,신세계(SSG)면세,2026-08-01T22:45:14Z
102438000004,로얄살루트 21년 700ml,로얄 살루트,700,176.0,123.2,30.0,USD,177543,liquor,주류/위스키,True,1441.1,신세계(SSG)면세,2026-08-01T22:45:14Z
102438000015,로얄살루트 32년 500ml,로얄 살루트,500,447.0,312.9,30.0,USD,450920,liquor,주류/위스키,True,1441.1,신세계(SSG)면세,2026-08-01T22:45:14Z
106768000062,산토리 야마자키 코게이 700ml,산토리,700,230.0,230.0,0.0,USD,331453,liquor,주류/위스키,True,1441.1,신세계(SSG)면세,2026-08-01T22:45:14Z
102447200007,조니워커 블루라벨 1000ml,조니워커,1000,302.0,196.3,35.0,USD,282887,liquor,주류/위스키,True,1441.1,신세계(SSG)면세,2026-08-01T22:45:14Z
106858000015,브룩라디 옥토모어 16.1 700ml,브룩라디,700,167.0,150.3,10.0,USD,216597,liquor,주류/위스키,True,1441.1,신세계(SSG)면세,2026-08-01T22:45:14Z
111048000017,글렌피딕 22년 그랑 코르테즈 700ml,글렌피딕,700,310.0,183.37,41.0,USD,264254,liquor,주류/위스키,True,1441.1,신세계(SSG)면세,2026-08-01T22:45:14Z
102448000054,조니워커 블루라벨 신년 에디션 (말의 해) 1000ml,조니워커,1000,353.0,231.92,34.0,USD,334219,liquor,주류/위스키,True,1441.1,신세계(SSG)면세,2026-08-01T22:45:14Z
111048000005,글렌피딕 18 벳 4 퍼페추얼 컬렉션 700ml,글렌피딕,700,145.0,79.75,45.0,USD,114927,liquor,주류/위스키,True,1441.1,신세계(SSG)면세,2026-08-01T22:45:14Z
115348000014,카발란 포트 솔리스트 1000ml,카발란,1000,218.0,130.8,40.0,USD,188495,liquor,주류/위스키,True,1441.1,신세계(SSG)면세,2026-08-01T22:45:14Z
102487200028,발렌타인 21년 700ml,발렌타인,700,170.0,119.0,30.0,USD,171490,liquor,주류/위스키,True,1441.1,신세계(SSG)면세,2026-08-01T22:45:14Z
102487200027,발렌타인 23년 700ml,발렌타인,700,210.0,147.0,30.0,USD,211841,liquor,주류/위스키,True,1441.1,신세계(SSG)면세,2026-08-01T22:45:14Z
106858000007,브룩라디 옥토모어15.1 700ml,브룩라디,700,167.0,150.3,10.0,USD,216597,,주류/위스키,True,1441.1,신세계(SSG)면세,2026-08-01T22:45:14Z
102447200009,조니워커 앤 선즈 킹 조지 5세 750ml,조니워커,750,702.0,410.67,42.0,USD,591816,liquor,주류/위스키,True,1441.1,신세계(SSG)면세,2026-08-01T22:45:14Z
102448000040,조니워커 엑스오디네어 750ml,조니워커,750,262.0,170.3,35.0,USD,245419,liquor,주류/위스키,True,1441.1,신세계(SSG)면세,2026-08-01T22:45:14Z
111038000002,발베니 15 마데이라 캐스크 700ml,발베니,700,164.0,95.94,42.0,USD,138259,liquor,주류/위스키,True,1441.1,신세계(SSG)면세,2026-08-01T22:45:14Z
110738000043,[면세한정]달모어 16년 PX 쉐리캐스크 700ml,달모어,700,165.0,156.75,5.0,USD,225892,liquor,주류/위스키,True,1441.1,신세계(SSG)면세,2026-08-01T22:45:14Z
106858000009,브룩라디 블랙아트10 700ml,브룩라디,700,450.0,360.0,20.0,USD,518796,,주류/위스키,True,1441.1,신세계(SSG)면세,2026-08-01T22:45:14Z
110738000042,[면세한정] 달모어 19년 PX 쉐리캐스크 700ml,달모어,700,350.0,332.5,5.0,USD,479165,liquor,주류/위스키,True,1441.1,신세계(SSG)면세,2026-08-01T22:45:14Z
115348000005,카발란 EX 버번 솔리스트 1000ml,카발란,1000,154.0,92.4,40.0,USD,133157,liquor,주류/위스키,True,1441.1,신세계(SSG)면세,2026-08-01T22:45:14Z
106858000010,브룩라디 옥토모어 15.2 700ml,브룩라디,700,190.0,171.0,10.0,USD,246428,liquor,주류/위스키,True,1441.1,신세계(SSG)면세,2026-08-01T22:45:14Z
102447200014,조니워커 앤 선즈 킹 조지 5세 500ml,조니워커,500,440.0,286.0,35.0,USD,412154,liquor,주류/위스키,True,1441.1,신세계(SSG)면세,2026-08-01T22:45:14Z
111047200019,글렌피딕 23년 그랑 크루 700ml,글렌피딕,700,353.0,206.51,42.0,USD,297601,liquor,주류/위스키,True,1441.1,신세계(SSG)면세,2026-08-01T22:45:14Z
115968000031,스프링뱅크 19년 배치#25 500ml,댓 부티키 위스키 컴퍼니,500,656.0,454.94,31.0,USD,655614,,주류/위스키,True,1441.1,신세계(SSG)면세,2026-08-01T22:45:14Z
111047200004,글렌피딕 21년 700ml,글렌피딕,700,264.0,145.86,45.0,USD,210198,liquor,주류/위스키,True,1441.1,신세계(SSG)면세,2026-08-01T22:45:14Z
111038000009,발베니 25년 레어메리지 700ml,발베니,700,998.0,643.71,36.0,USD,927650,,주류/위스키,True,1441.1,신세계(SSG)면세,2026-08-01T22:45:14Z
111038000007,발베니 19 위크 오브 피트 700ml,발베니,700,315.0,171.99,45.0,USD,247854,liquor,주류/위스키,True,1441.1,신세계(SSG)면세,2026-08-01T22:45:14Z
111038000017,발베니 21 포트우드 700ml,발베니,700,360.0,288.0,20.0,USD,415036,liquor,주류/위스키,True,1441.1,신세계(SSG)면세,2026-08-01T22:45:14Z
114688000086,[신세계에디션]글렌알라키 12년 PX 쉐리캐스크 피니쉬 SSG Ed. 700ml,글렌알라키,700,142.0,85.2,40.0,USD,122781,liquor,주류/위스키,True,1441.1,신세계(SSG)면세,2026-08-01T22:45:14Z
106938000017,보모어 22년 700ml,보모어,700,399.0,212.27,47.0,USD,305902,,주류/위스키,True,1441.1,신세계(SSG)면세,2026-08-01T22:45:14Z
110737200019,달모어 컨스텔레이션 1978 700ml,달모어,700,15850.0,15057.5,5.0,USD,21699363,liquor,주류/위스키,True,1441.1,신세계(SSG)면세,2026-08-01T22:45:14Z
114688000084,글렌알라키 15년 (24RB) 700ml,글렌알라키,700,169.0,86.19,49.0,USD,124208,liquor,주류/위스키,True,1441.1,신세계(SSG)면세,2026-08-01T22:45:14Z
111048000003,글렌피딕 15 벳 3 퍼페추얼 컬렉션 700ml,글렌피딕,700,99.0,54.45,45.0,USD,78467,liquor,주류/위스키,True,1441.1,신세계(SSG)면세,2026-08-01T22:45:14Z
114688000090,글렌알라키 18년 (24RB) 700ml,글렌알라키,700,271.0,181.57,33.0,USD,261660,,주류/위스키,True,1441.1,신세계(SSG)면세,2026-08-01T22:45:14Z
102418000036,글렌드로낙 21년 700ml,글렌드로낙,700,300.0,270.0,10.0,USD,389097,liquor,주류/위스키,True,1441.1,신세계(SSG)면세,2026-08-01T22:45:14Z
102408000016,아드벡 21년,아드벡,,440.0,352.0,20.0,USD,507267,liquor,주류/위스키,True,1441.1,신세계(SSG)면세,2026-08-01T22:45:14Z
106768000057,하큐슈 18년 피티드 몰트 700ml,산토리,700,1470.0,1470.0,0.0,USD,2118417,,주류/위스키,True,1441.1,신세계(SSG)면세,2026-08-01T22:45:14Z
102487200029,발렌타인 17년 700ml,발렌타인,700,94.0,65.8,30.0,USD,94824,liquor,주류/위스키,True,1441.1,신세계(SSG)면세,2026-08-01T22:45:14Z
111048000006,글렌피딕 30 타임시리즈 700ml,글렌피딕,700,1500.0,838.5,44.0,USD,1208362,,주류/위스키,True,1441.1,신세계(SSG)면세,2026-08-01T22:45:14Z
102448000050,조니워커 블루라벨 500ml,조니워커,500,160.0,104.0,35.0,USD,149874,liquor,주류/위스키,True,1441.1,신세계(SSG)면세,2026-08-01T22:45:14Z
102448000048,조니워커 아일랜드 그린 1000ml,조니워커,1000,86.0,43.0,50.0,USD,61967,,주류/위스키,True,1441.1,신세계(SSG)면세,2026-08-01T22:45:14Z
111048000001,글렌피딕 26 그랑 쿠론 700ml,글렌피딕,700,706.0,409.2,42.0,USD,589698,liquor,주류/위스키,True,1441.1,신세계(SSG)면세,2026-08-01T22:45:14Z
115338000014,와일드터키 레어브리드 1000ml,와일드터키,1000,63.0,37.17,41.0,USD,53565,liquor,주류/위스키,True,1441.1,신세계(SSG)면세,2026-08-01T22:45:14Z
114688000088,글렌알라키 싱글캐스크 2012 12년 PX 700ml,글렌알라키,700,240.0,156.24,35.0,USD,225157,,주류/위스키,True,1441.1,신세계(SSG)면세,2026-08-01T22:45:14Z
111048000019,글렌피딕 19년 애스턴마틴 F1 700ml,글렌피딕,700,165.0,94.38,43.0,USD,136011,liquor,주류/위스키,True,1441.1,신세계(SSG)면세,2026-08-01T22:45:14Z
102417200029,글렌드로낙 16년 700ml,글렌드로낙,700,135.0,108.0,20.0,USD,155638,liquor,주류/위스키,True,1441.1,신세계(SSG)면세,2026-08-01T22:45:14Z
115968000029,스프링뱅크 25년 배치#14 500ml,댓 부티키 위스키 컴퍼니,500,1170.0,811.4,31.0,USD,1169308,,주류/위스키,True,1441.1,신세계(SSG)면세,2026-08-01T22:45:14Z
106987200005,라프로익 PX 캐스크 1000ml,라프로익,1000,120.0,56.76,53.0,USD,81796,liquor,주류/위스키,True,1441.1,신세계(SSG)면세,2026-08-01T22:45:14Z
106758000013,듀어스 더블더블 20년 500ml,듀어스,500,133.0,67.03,50.0,USD,96596,liquor,주류/위스키,True,1441.1,신세계(SSG)면세,2026-08-01T22:45:14Z
115338000029,더 글렌그란트 18년 700ml,더 글렌그란트,700,142.0,72.56,49.0,USD,104566,liquor,주류/위스키,True,1441.1,신세계(SSG)면세,2026-08-01T22:45:14Z
106758000002,로얄브라클라 12년 1000ml,듀어스,1000,97.0,48.89,50.0,USD,70455,liquor,주류/위스키,True,1441.1,신세계(SSG)면세,2026-08-01T22:45:14Z
102488000009,발렌타인 18년 싱글몰트 위스키 - 글렌버기 700ml,발렌타인,700,131.0,73.45,44.0,USD,105848,liquor,주류/위스키,True,1441.1,신세계(SSG)면세,2026-08-01T22:45:14Z
115348000015,카발란 올로로소 쉐리 오크 1000ml,카발란,1000,172.0,103.2,40.0,USD,148721,liquor,주류/위스키,True,1441.1,신세계(SSG)면세,2026-08-01T22:45:14Z
106938000023,보모어 19년 VAP 700ml,보모어,700,200.0,106.4,47.0,USD,153333,liquor,주류/위스키,True,1441.1,신세계(SSG)면세,2026-08-01T22:45:14Z
106858000004,브룩라디 21년 700ml,브룩라디,700,275.0,165.0,40.0,USD,237781,,주류/위스키,True,1441.1,신세계(SSG)면세,2026-08-01T22:45:14Z
102447200016,조니워커 18년 750ml,조니워커,750,112.0,58.24,48.0,USD,83929,liquor,주류/위스키,True,1441.1,신세계(SSG)면세,2026-08-01T22:45:14Z
102418000018,벤리악 트리플 디스틸드 25년 700ml,벤리악,700,380.0,247.0,35.0,USD,355951,,주류/위스키,True,1441.1,신세계(SSG)면세,2026-08-01T22:45:14Z
117908000002,타케츠루 퓨어 몰트 그란데 700ml,닛카 위스키,700,110.0,88.0,20.0,USD,126816,,주류/위스키,True,1441.1,신세계(SSG)면세,2026-08-01T22:45:14Z
102417200017,우드포드리저브 더블오크 1000ml,우드포드 리저브,1000,75.0,44.1,41.0,USD,63552,liquor,주류/위스키,True,1441.1,신세계(SSG)면세,2026-08-01T22:45:14Z
117218000010,배럴 씨그라스750ml,배럴크래프트스피릿,750,139.0,111.2,20.0,USD,160250,liquor,주류/위스키,True,1441.1,신세계(SSG)면세,2026-08-01T22:45:14Z
110738000024,달모어 18년 2024년 에디션 700ml,달모어,700,350.0,332.5,5.0,USD,479165,liquor,주류/위스키,True,1441.1,신세계(SSG)면세,2026-08-01T22:45:14Z
117928000006,탐두 그란 레제르바 700ml,탐두,700,269.0,150.64,44.0,USD,217087,liquor,주류/위스키,True,1441.1,신세계(SSG)면세,2026-08-01T22:45:14Z
106858000017,브룩라디 옥토모어 16.3 700ml,브룩라디,700,230.0,207.0,10.0,USD,298307,liquor,주류/위스키,True,1441.1,신세계(SSG)면세,2026-08-01T22:45:14Z
115968000028,스프링뱅크 18년 배치#18 500ml,댓 부티키 위스키 컴퍼니,500,656.0,411.84,37.0,USD,593502,,주류/위스키,True,1441.1,신세계(SSG)면세,2026-08-01T22:45:14Z
115968000006,부나하벤 1978 40년 700ml,동방명,700,3930.0,2751.0,30.0,USD,3964466,liquor,주류/위스키,True,1441.1,신세계(SSG)면세,2026-08-01T22:45:14Z
118248000002,뉴리프 8년 라이 750ml,뉴 리프,750,98.0,78.4,20.0,USD,112982,liquor,주류/위스키,True,1441.1,신세계(SSG)면세,2026-08-01T22:45:14Z
102438000014,로얄살루트 21년 더 마이애미 폴로 에디션 700ml,로얄 살루트,700,211.0,147.7,30.0,USD,212850,liquor,주류/위스키,True,1441.1,신세계(SSG)면세,2026-08-01T22:45:14Z
102447200001,조니워커 블랙 1000ml,조니워커,1000,56.0,29.12,48.0,USD,41964,liquor,주류/위스키,True,1441.1,신세계(SSG)면세,2026-08-01T22:45:14Z
114688000087,글렌알라키 싱글캐스크 2012 12년 OLOROSO 700ml,글렌알라키,700,240.0,156.24,35.0,USD,225157,,주류/위스키,True,1441.1,신세계(SSG)면세,2026-08-01T22:45:14Z
102448000002,라가불린 16년 700ml,라가불린,700,122.0,73.2,40.0,USD,105488,liquor,주류/위스키,True,1441.1,신세계(SSG)면세,2026-08-01T22:45:14Z
102418000026,벤리악 30년 1994 캐스크 에디션 700ml,벤리악,700,950.0,674.5,29.0,USD,972021,,주류/위스키,True,1441.1,신세계(SSG)면세,2026-08-01T22:45:14Z
102437200019,로얄살루트 25년 더 트레저드 블렌드 700ml,로얄 살루트,700,264.0,198.0,25.0,USD,285337,liquor,주류/위스키,True,1441.1,신세계(SSG)면세,2026-08-01T22:45:14Z
110738000041,달모어 시가몰트 리저브 700ml,달모어,700,125.0,118.75,5.0,USD,171130,liquor,주류/위스키,True,1441.1,신세계(SSG)면세,2026-08-01T22:45:14Z
106878000003,에버펠디 45년 700ml,에버펠디,700,7556.0,4533.6,40.0,USD,6533370,,주류/위스키,True,1441.1,신세계(SSG)면세,2026-08-01T22:45:14Z
115348000002,카발란 클래식 1000ml,카발란,1000,109.0,65.4,40.0,USD,94247,liquor,주류/위스키,True,1441.1,신세계(SSG)면세,2026-08-01T22:45:14Z
102437200014,로얄살루트 21년 1000ml,로얄 살루트,1000,251.0,175.7,30.0,USD,253201,liquor,주류/위스키,True,1441.1,신세계(SSG)면세,2026-08-01T22:45:14Z
111038000012,발베니 30년 레어메리지 700ml,발베니,700,5807.0,3484.2,40.0,USD,5021080,,주류/위스키,True,1441.1,신세계(SSG)면세,2026-08-01T22:45:14Z
115338000009,더 글렌그란트 15년 1000ml,더 글렌그란트,1000,128.0,70.78,45.0,USD,102001,liquor,주류/위스키,True,1441.1,신세계(SSG)면세,2026-08-01T22:45:14Z
115968000032,스프링뱅크 23년 배치#28 500ml,댓 부티키 위스키 컴퍼니,500,1132.0,785.04,31.0,USD,1131321,,주류/위스키,True,1441.1,신세계(SSG)면세,2026-08-01T22:45:14Z
106758000017,듀어스 더블더블 30년 500ml,듀어스,500,340.0,177.48,48.0,USD,255766,liquor,주류/위스키,True,1441.1,신세계(SSG)면세,2026-08-01T22:45:14Z
106858000008,브룩라디 16년 700ml,브룩라디,700,120.0,71.4,41.0,USD,102894,,주류/위스키,True,1441.1,신세계(SSG)면세,2026-08-01T22:45:14Z
111038000020,발베니 클래식 VAP 700ml,발베니,700,101.0,60.4,40.0,USD,87042,,주류/위스키,True,1441.1,신세계(SSG)면세,2026-08-01T22:45:14Z
117908000003,요이치 싱글 몰트 그란데 700ml,닛카 위스키,700,110.0,88.0,20.0,USD,126816,,주류/위스키,True,1441.1,신세계(SSG)면세,2026-08-01T22:45:14Z
114698000002,글렌파클라스 105 1000ml,글렌파클라스,1000,126.0,59.85,53.0,USD,86249,liquor,주류/위스키,True,1441.1,신세계(SSG)면세,2026-08-01T22:45:14Z
106858000016,브룩라디 옥토모어 16.2 700ml,브룩라디,700,190.0,171.0,10.0,USD,246428,liquor,주류/위스키,True,1441.1,신세계(SSG)면세,2026-08-01T22:45:14Z
106758000003,로얄브라클라 18년 700ml,듀어스,700,219.0,114.32,48.0,USD,164746,liquor,주류/위스키,True,1441.1,신세계(SSG)면세,2026-08-01T22:45:14Z
111048000010,글렌피딕 40년 타임시리즈 700ml,글렌피딕,700,5486.0,3280.63,40.0,USD,4727715,,주류/위스키,True,1441.1,신세계(SSG)면세,2026-08-01T22:45:14Z
106758000016,로얄브라클라 25년 700ml,듀어스,700,900.0,540.0,40.0,USD,778194,,주류/위스키,True,1441.1,신세계(SSG)면세,2026-08-01T22:45:14Z
102418000008,우드포드리저브 더블엑스오 꼬냑피니시 700ml,우드포드 리저브,700,175.0,96.78,45.0,USD,139469,liquor,주류/위스키,True,1441.1,신세계(SSG)면세,2026-08-01T22:45:14Z
115348000046,바즈타운 버번 디스커버리 #10 750ml,바즈타운,750,155.0,116.25,25.0,USD,167527,liquor,주류/위스키,True,1441.1,신세계(SSG)면세,2026-08-01T22:45:14Z
102488000010,발렌타인 15년 싱글몰트 위스키 - 글렌버기 700ml,발렌타인,700,81.0,46.95,42.0,USD,67659,liquor,주류/위스키,True,1441.1,신세계(SSG)면세,2026-08-01T22:45:14Z
115968000030,스프링뱅크 22년 배치#26 500ml,댓 부티키 위스키 컴퍼니,500,1132.0,735.46,35.0,USD,1059871,,주류/위스키,True,1441.1,신세계(SSG)면세,2026-08-01T22:45:14Z
118248000003,뉴리프 8년 버번 750ml,뉴 리프,750,98.0,78.4,20.0,USD,112982,liquor,주류/위스키,True,1441.1,신세계(SSG)면세,2026-08-01T22:45:14Z
114688000083,글렌알라키 12년 (24RB) 700mL,글렌알라키,700,107.0,58.85,45.0,USD,84808,,주류/위스키,True,1441.1,신세계(SSG)면세,2026-08-01T22:45:14Z
106938000004,보모어 25년 700ml,보모어,700,560.0,412.16,26.0,USD,593963,liquor,주류/위스키,True,1441.1,신세계(SSG)면세,2026-08-01T22:45:14Z
117218000002,윌렛 패밀리 에스테이트 라이750ml,윌렛 디스틸러리,750,123.0,73.19,41.0,USD,105474,,주류/위스키,True,1441.1,신세계(SSG)면세,2026-08-01T22:45:14Z
106938000020,보모어 16년 700ml,보모어,700,110.0,58.52,47.0,USD,84333,,주류/위스키,True,1441.1,신세계(SSG)면세,2026-08-01T22:45:14Z
111048000012,글렌피딕 31 그랑샤또 700ml,글렌피딕,700,1940.0,1367.7,30.0,USD,1970992,,주류/위스키,True,1441.1,신세계(SSG)면세,2026-08-01T22:45:14Z
102417200005,잭다니엘 블랙라벨 1000ml,잭다니엘,1000,35.0,17.9,49.0,USD,25795,liquor,주류/위스키,True,1441.1,신세계(SSG)면세,2026-08-01T22:45:14Z
111048000002,글렌피딕 벳 1 퍼페추얼 컬렉션 1000ml,글렌피딕,1000,78.0,42.9,45.0,USD,61823,liquor,주류/위스키,True,1441.1,신세계(SSG)면세,2026-08-01T22:45:14Z
115338000036,더 글렌그란트 16년 1000ml,더 글렌그란트,1000,115.0,69.0,40.0,USD,99435,liquor,주류/위스키,True,1441.1,신세계(SSG)면세,2026-08-01T22:45:14Z
106848000008,맥캘란 컬러 컬렉션 12Y 700ml,더 맥켈란,700,83.0,78.85,5.0,USD,113630,,주류/위스키,True,1441.1,신세계(SSG)면세,2026-08-01T22:45:14Z
114698000039,글렌파클라스 패밀리 캐스크 2009_S24 700ml,글렌파클라스,700,384.0,268.8,30.0,USD,387367,,주류/위스키,True,1441.1,신세계(SSG)면세,2026-08-01T22:45:14Z
114698000010,글렌파클라스 더 패밀리 캐스크 1992 700ml,글렌파클라스,700,1360.0,952.0,30.0,USD,1371927,liquor,주류/위스키,True,1441.1,신세계(SSG)면세,2026-08-01T22:45:14Z
102418000007,잭다니엘 테네시 애플 1000ml,잭다니엘,1000,35.0,17.33,51.0,USD,24974,liquor,주류/위스키,True,1441.1,신세계(SSG)면세,2026-08-01T22:45:14Z
102428000006,시바스리갈 18년 700ml,시바스리갈,700,88.0,61.6,30.0,USD,88771,liquor,주류/위스키,True,1441.1,신세계(SSG)면세,2026-08-01T22:45:14Z
115338000016,더 글렌그란트 21년 700ml,더 글렌그란트,700,340.0,173.74,49.0,USD,250376,,주류/위스키,True,1441.1,신세계(SSG)면세,2026-08-01T22:45:14Z
102488000024,발렌타인 21년 아티스트 에디션 5 700ml,발렌타인,700,167.0,116.9,30.0,USD,168464,liquor,주류/위스키,True,1441.1,신세계(SSG)면세,2026-08-01T22:45:14Z
102488000018,발렌타인 21년 500ml,발렌타인,500,121.0,84.7,30.0,USD,122061,liquor,주류/위스키,True,1441.1,신세계(SSG)면세,2026-08-01T22:45:14Z
106988000027,라프로익 30년 2024 700ml,라프로익,700,850.0,850.0,0.0,USD,1224935,,주류/위스키,True,1441.1,신세계(SSG)면세,2026-08-01T22:45:14Z
102438000003,로얄살루트 21년 피티드 블렌드 700ml,로얄 살루트,700,200.0,140.0,30.0,USD,201754,liquor,주류/위스키,True,1441.1,신세계(SSG)면세,2026-08-01T22:45:14Z
102448000045,조니워커 골드 리저브 1000ml NEW,조니워커,1000,88.0,45.76,48.0,USD,65944,,주류/위스키,True,1441.1,신세계(SSG)면세,2026-08-01T22:45:14Z
106757200004,듀어스 18년 1000ml,듀어스,1000,106.0,55.33,48.0,USD,79736,liquor,주류/위스키,True,1441.1,신세계(SSG)면세,2026-08-01T22:45:14Z
110738000012,주라 1993 700ml,주라,700,940.0,611.0,35.0,USD,880512,liquor,주류/위스키,True,1441.1,신세계(SSG)면세,2026-08-01T22:45:14Z
114698000043,글렌파클라스 패밀리 캐스크 2003_S24 700ml,글렌파클라스,700,528.0,369.6,30.0,USD,532630,,주류/위스키,True,1441.1,신세계(SSG)면세,2026-08-01T22:45:14Z
110737200010,달모어 시가몰트 1000ml,달모어,1000,183.0,173.85,5.0,USD,250535,liquor,주류/위스키,True,1441.1,신세계(SSG)면세,2026-08-01T22:45:14Z
102438000016,로얄살루트 21년 해리스 리드 에디션 700ml,로얄 살루트,700,229.0,160.3,30.0,USD,231008,liquor,주류/위스키,True,1441.1,신세계(SSG)면세,2026-08-01T22:45:14Z
102408000019,아드벡 코리브레칸 700ml,아드벡,700,111.0,83.25,25.0,USD,119971,,주류/위스키,True,1441.1,신세계(SSG)면세,2026-08-01T22:45:14Z
111048000008,글렌피딕 XX 700ml,글렌피딕,700,92.0,50.6,45.0,USD,72919,,주류/위스키,True,1441.1,신세계(SSG)면세,2026-08-01T22:45:14Z
116318000022,레어 퍼펙션 14년 750ml,베리 올드 세인트닉,750,430.0,236.5,45.0,USD,340820,,주류/위스키,True,1441.1,신세계(SSG)면세,2026-08-01T22:45:14Z
110738000020,달모어 20년 700ml,달모어,700,675.0,641.25,5.0,USD,924105,liquor,주류/위스키,True,1441.1,신세계(SSG)면세,2026-08-01T22:45:14Z
106938000019,보모어 19년 700ml,보모어,700,204.0,108.53,47.0,USD,156402,,주류/위스키,True,1441.1,신세계(SSG)면세,2026-08-01T22:45:14Z
102447200012,조니워커 XR 21YO 750ml,조니워커,750,140.0,77.28,45.0,USD,111368,,주류/위스키,True,1441.1,신세계(SSG)면세,2026-08-01T22:45:14Z
106847200018,하일랜드파크 14년 울프 1000ml,하일랜드 파크,1000,100.0,46.28,54.0,USD,66694,liquor,주류/위스키,True,1441.1,신세계(SSG)면세,2026-08-01T22:45:14Z
114688000076,포트애스케이그 8년 글라스 패키지 700ml,포트애스케이그,700,91.0,36.86,60.0,USD,53118,liquor,주류/위스키,True,1441.1,신세계(SSG)면세,2026-08-01T22:45:14Z
111048000023,글렌피딕 18 벳 4 퍼페추얼 IGL CNY 700ml,글렌피딕,700,145.0,94.25,35.0,USD,135823,liquor,주류/위스키,True,1441.1,신세계(SSG)면세,2026-08-01T22:45:14Z
117908000001,미야기쿄 싱글 몰트 그란데 700ml,닛카 위스키,700,110.0,88.0,20.0,USD,126816,liquor,주류/위스키,True,1441.1,신세계(SSG)면세,2026-08-01T22:45:14Z
102488000026,아벨라워 아부나흐 700ml,아벨라워,700,115.0,70.84,38.0,USD,102087,liquor,주류/위스키,True,1441.1,신세계(SSG)면세,2026-08-01T22:45:14Z
117148000025,블라드녹 싱글캐스크 2017 쉐리 벗 700ml,블라드녹,700,269.0,137.19,49.0,USD,197704,,주류/위스키,True,1441.1,신세계(SSG)면세,2026-08-01T22:45:14Z
106828000022,더 글렌리벳 19년 700ml,더 글렌리벳,700,130.0,91.0,30.0,USD,131140,,주류/위스키,True,1441.1,신세계(SSG)면세,2026-08-01T22:45:14Z
106777200005,메이커스 마크 1000ml,메이커스 마크,1000,56.0,27.1,52.0,USD,39053,liquor,주류/위스키,True,1441.1,신세계(SSG)면세,2026-08-01T22:45:14Z
106758000020,NEW 올트모어 18년 (마데이라) 500ml,올트모어,500,125.0,65.31,48.0,USD,94118,,주류/위스키,True,1441.1,신세계(SSG)면세,2026-08-01T22:45:14Z
115338000035,와일드터키 켄터키 스피릿 프라이빗 에디션 750ml,와일드터키,750,77.0,54.21,30.0,USD,78122,liquor,주류/위스키,True,1441.1,신세계(SSG)면세,2026-08-01T22:45:14Z
111037200001,몽키숄더 1000ml,발베니,1000,50.0,32.5,35.0,USD,46835,liquor,주류/위스키,True,1441.1,신세계(SSG)면세,2026-08-01T22:45:14Z
117938000006,발블레어 21년 700ml,발블레어,700,380.0,210.14,45.0,USD,302832,liquor,주류/위스키,True,1441.1,신세계(SSG)면세,2026-08-01T22:45:14Z
102447200005,조니워커 더블블랙 1000ml,조니워커,1000,67.0,33.5,50.0,USD,48276,liquor,주류/위스키,True,1441.1,신세계(SSG)면세,2026-08-01T22:45:14Z
102408000018,아드벡 우거다일 700ml,아드벡,700,91.0,72.8,20.0,USD,104912,,주류/위스키,True,1441.1,신세계(SSG)면세,2026-08-01T22:45:14Z
110798000010,부쉬밀 18년 트리플 캐스크 700ml,부쉬밀,700,140.0,84.0,40.0,USD,121052,,주류/위스키,True,1441.1,신세계(SSG)면세,2026-08-01T22:45:14Z
111048000004,글렌피딕 벳 2 퍼페추얼 컬렉션 1000ml,글렌피딕,1000,94.0,51.7,45.0,USD,74504,liquor,주류/위스키,True,1441.1,신세계(SSG)면세,2026-08-01T22:45:14Z
117148000030,블라드녹 싱글캐스크 2017 카나스타 쉐리 벗 700ml,블라드녹,700,269.0,161.4,40.0,USD,232593,,주류/위스키,True,1441.1,신세계(SSG)면세,2026-08-01T22:45:14Z
106828000014,더 글렌리벳 21년 700ml,더 글렌리벳,700,262.0,196.5,25.0,USD,283176,liquor,주류/위스키,True,1441.1,신세계(SSG)면세,2026-08-01T22:45:14Z
102447200027,탈리스커 10년 1000ml,탈리스커,1000,85.0,44.37,48.0,USD,63941,liquor,주류/위스키,True,1441.1,신세계(SSG)면세,2026-08-01T22:45:14Z
111038000032,발베니 18년 PX 세리 캐스크 빅토 응아이 700ml,발베니,700,277.0,193.9,30.0,USD,279429,liquor,주류/위스키,True,1441.1,신세계(SSG)면세,2026-08-01T22:45:14Z
114688000085,글렌알라키 10년 그라타마코 700ml,글렌알라키,700,111.0,50.06,55.0,USD,72141,,주류/위스키,True,1441.1,신세계(SSG)면세,2026-08-01T22:45:14Z
115958000020,사마롤리 나인티나인 2012 700ml,사마롤리,700,632.0,442.4,30.0,USD,637542,liquor,주류/위스키,True,1441.1,신세계(SSG)면세,2026-08-01T22:45:14Z
102417200026,글렌드로낙 10년 1000ml,글렌드로낙,1000,80.0,41.4,48.0,USD,59661,liquor,주류/위스키,True,1441.1,신세계(SSG)면세,2026-08-01T22:45:14Z
117148000026,블라드녹 싱글캐스크 2006 쉐리 벗 700ml,블라드녹,700,320.0,256.0,20.0,USD,368921,,주류/위스키,True,1441.1,신세계(SSG)면세,2026-08-01T22:45:14Z
106987200006,라프로익 더 캐스크 레거시 700ml,라프로익,700,146.0,69.06,53.0,USD,99522,liquor,주류/위스키,True,1441.1,신세계(SSG)면세,2026-08-01T22:45:14Z
115348000003,카발란 콘서트마스터 1000ml,카발란,1000,88.0,52.8,40.0,USD,76090,liquor,주류/위스키,True,1441.1,신세계(SSG)면세,2026-08-01T22:45:14Z
115348000037,카발란 마스터 셀렉트 넘버 1 1000ml,카발란,1000,135.0,81.0,40.0,USD,116729,,주류/위스키,True,1441.1,신세계(SSG)면세,2026-08-01T22:45:14Z
115388000006,컨피스케이티드 버번 위스키 700ml,켄터키 아울,700,156.0,72.54,54.0,USD,104537,liquor,주류/위스키,True,1441.1,신세계(SSG)면세,2026-08-01T22:45:14Z
102448000018,조니워커 블랙라벨 트리플캐스크 에디션 1000ml,조니워커,1000,63.0,34.02,46.0,USD,49026,liquor,주류/위스키,True,1441.1,신세계(SSG)면세,2026-08-01T22:45:14Z
110738000039,달모어 포트폴리오 시리즈1 2015 700ml,달모어,700,625.0,593.75,5.0,USD,855653,liquor,주류/위스키,True,1441.1,신세계(SSG)면세,2026-08-01T22:45:14Z
115958000019,달유인 2009 700ml,사마롤리,700,548.0,383.6,30.0,USD,552805,liquor,주류/위스키,True,1441.1,신세계(SSG)면세,2026-08-01T22:45:14Z
102488000027,발렌타인 25년 싱글몰트 위스키 - 글렌버기 700ml,발렌타인,700,399.0,279.3,30.0,USD,402499,liquor,주류/위스키,True,1441.1,신세계(SSG)면세,2026-08-01T22:45:14Z
274198000014,기원 해 700ml,기원 위스키,700,62.0,43.4,30.0,USD,62543,,주류/위스키,True,1441.1,신세계(SSG)면세,2026-08-01T22:45:14Z
106988000013,라프로익 포오크 2023 1000ml,라프로익,1000,82.0,38.79,53.0,USD,55900,,주류/위스키,True,1441.1,신세계(SSG)면세,2026-08-01T22:45:14Z
114698000033,글렌파클라스 패밀리 캐스크 2008_S23 700ml,글렌파클라스,700,382.0,267.4,30.0,USD,385350,liquor,주류/위스키,True,1441.1,신세계(SSG)면세,2026-08-01T22:45:14Z
102428000005,시바스리갈 18년 포이약 캐스크 피니시 1000ml,시바스리갈,1000,153.0,107.1,30.0,USD,154341,,주류/위스키,True,1441.1,신세계(SSG)면세,2026-08-01T22:45:14Z
114698000007,글렌파클라스 15년 700ml,글렌파클라스,700,135.0,75.33,44.0,USD,108558,liquor,주류/위스키,True,1441.1,신세계(SSG)면세,2026-08-01T22:45:14Z
106758000021,NEW 올트모어 21년 (깔바도스) 500ml,올트모어,500,199.0,103.98,48.0,USD,149845,,주류/위스키,True,1441.1,신세계(SSG)면세,2026-08-01T22:45:14Z
110738000019,달모어 퀸텟 700ml,달모어,700,149.0,141.55,5.0,USD,203987,liquor,주류/위스키,True,1441.1,신세계(SSG)면세,2026-08-01T22:45:14Z
102407200009,아드벡 10년 1000ml,아드벡,1000,72.0,57.6,20.0,USD,83007,liquor,주류/위스키,True,1441.1,신세계(SSG)면세,2026-08-01T22:45:14Z
117928000005,탐두 14년 엠버 빈티지 2009 700ml,탐두,700,139.0,74.09,47.0,USD,106771,liquor,주류/위스키,True,1441.1,신세계(SSG)면세,2026-08-01T22:45:14Z
114698000040,글렌파클라스 패밀리 캐스크 2005_S24 700ml,글렌파클라스,700,470.0,329.0,30.0,USD,474121,liquor,주류/위스키,True,1441.1,신세계(SSG)면세,2026-08-01T22:45:14Z
106938000021,보모어 14년 700ml,보모어,700,68.0,36.18,47.0,USD,52139,,주류/위스키,True,1441.1,신세계(SSG)면세,2026-08-01T22:45:14Z
115378000015,이글레어 10년 버번 위스키 750ml,버팔로 트레이스,750,58.0,32.48,44.0,USD,46806,,주류/위스키,True,1441.1,신세계(SSG)면세,2026-08-01T22:45:14Z
117108000008,레드브레스트 18년 700ml,제임슨,700,200.0,140.0,30.0,USD,201754,,주류/위스키,True,1441.1,신세계(SSG)면세,2026-08-01T22:45:14Z
106878000004,에버펠디 12년 마데이라 캐스크 700ml,에버펠디,700,66.0,33.03,50.0,USD,47599,liquor,주류/위스키,True,1441.1,신세계(SSG)면세,2026-08-01T22:45:14Z
110798000001,마르사라 캐스크 21년 700ml,부쉬밀,700,265.0,159.0,40.0,USD,229134,liquor,주류/위스키,True,1441.1,신세계(SSG)면세,2026-08-01T22:45:14Z
106758000005,듀어스 더블더블 36년 500ml,듀어스,500,1800.0,810.0,55.0,USD,1167291,liquor,주류/위스키,True,1441.1,신세계(SSG)면세,2026-08-01T22:45:14Z
102418000025,잭다니엘 싱글배럴 100프루프 700ml,잭다니엘,700,68.0,37.4,45.0,USD,53897,,주류/위스키,True,1441.1,신세계(SSG)면세,2026-08-01T22:45:14Z
102488000017,발렌타인 17년 500ml,발렌타인,500,67.0,46.9,30.0,USD,67587,liquor,주류/위스키,True,1441.1,신세계(SSG)면세,2026-08-01T22:45:14Z
102417200009,우드포드리저브 디스틸러 셀렉트 1000ml,우드포드 리저브,1000,50.0,29.4,41.0,USD,42368,liquor,주류/위스키,True,1441.1,신세계(SSG)면세,2026-08-01T22:45:14Z
115348000034,카발란 마스터 셀렉트 넘버 2 1000ml,카발란,1000,135.0,81.0,40.0,USD,116729,,주류/위스키,True,1441.1,신세계(SSG)면세,2026-08-01T22:45:14Z
114698000038,글렌파클라스 패밀리 캐스크 2007_S24 700ml,글렌파클라스,700,420.0,294.0,30.0,USD,423683,,주류/위스키,True,1441.1,신세계(SSG)면세,2026-08-01T22:45:14Z
102427200010,시바스리갈 얼티스 1000ml,시바스리갈,1000,235.0,164.5,30.0,USD,237060,liquor,주류/위스키,True,1441.1,신세계(SSG)면세,2026-08-01T22:45:14Z
102418000013,글렌글라사 센덴드 700ml,글렌글라사,700,70.0,35.81,49.0,USD,51605,liquor,주류/위스키,True,1441.1,신세계(SSG)면세,2026-08-01T22:45:14Z
117438000003,컴파스 박스 오차드 하우스 700ml,컴파스 박스,700,60.0,30.6,49.0,USD,44097,,주류/위스키,True,1441.1,신세계(SSG)면세,2026-08-01T22:45:14Z
102448000044,조니워커 블랙 루비 1000ml,조니워커,1000,71.0,35.54,50.0,USD,51216,,주류/위스키,True,1441.1,신세계(SSG)면세,2026-08-01T22:45:14Z
118248000004,뉴리프 싱글배럴 버번 750ml,뉴 리프,750,88.0,66.0,25.0,USD,95112,liquor,주류/위스키,True,1441.1,신세계(SSG)면세,2026-08-01T22:45:14Z
115968000036,[신세계에디션]미쉘 쿠브어 신세계 에디션 700ml,미쉘 쿠브어,700,364.0,220.04,40.0,USD,317099,liquor,주류/위스키,True,1441.1,신세계(SSG)면세,2026-08-01T22:45:14Z
111038000014,와일드무어30 트로피칼 코스트 700ml,발베니,700,388.0,252.59,35.0,USD,364007,,주류/위스키,True,1441.1,신세계(SSG)면세,2026-08-01T22:45:14Z
102407200002,글렌모렌지 오리지널 1000ml,글렌모렌지,1000,60.0,39.0,35.0,USD,56202,liquor,주류/위스키,True,1441.1,신세계(SSG)면세,2026-08-01T22:45:14Z
115378000003,버팔로 트레이스 버번 1000ml,버팔로 트레이스,1000,30.0,16.8,44.0,USD,24210,liquor,주류/위스키,True,1441.1,신세계(SSG)면세,2026-08-01T22:45:14Z
110738000018,달모어 2008 빈티지 700ml,달모어,700,225.0,213.75,5.0,USD,308035,liquor,주류/위스키,True,1441.1,신세계(SSG)면세,2026-08-01T22:45:14Z
106758000024,듀어스 15년 뉴 에디션 1000ml,듀어스,1000,64.0,32.0,50.0,USD,46115,,주류/위스키,True,1441.1,신세계(SSG)면세,2026-08-01T22:45:14Z
115968000016,스페이사이드 몰트 1991 23년 700ml,동방명,700,513.0,359.1,30.0,USD,517499,liquor,주류/위스키,True,1441.1,신세계(SSG)면세,2026-08-01T22:45:14Z
106777200003,짐빔 화이트 1000ml,짐빔,1000,27.0,13.5,50.0,USD,19454,liquor,주류/위스키,True,1441.1,신세계(SSG)면세,2026-08-01T22:45:14Z
115968000007,하이랜드파크 1992 26년 700ml,동방명,700,1054.0,737.8,30.0,USD,1063243,liquor,주류/위스키,True,1441.1,신세계(SSG)면세,2026-08-01T22:45:14Z
106758000023,NEW 올트모어 12년 (올로로소 쉐리) 500ml,올트모어,500,52.0,27.17,48.0,USD,39154,,주류/위스키,True,1441.1,신세계(SSG)면세,2026-08-01T22:45:14Z
102488000028,발렌타인 21년 싱글몰트 위스키 - 글렌버기 700ml,발렌타인,700,250.0,175.0,30.0,USD,252192,liquor,주류/위스키,True,1441.1,신세계(SSG)면세,2026-08-01T22:45:14Z
117218000005,윌렛 위티드 버번 8년 750ml,윌렛 디스틸러리,750,450.0,267.75,41.0,USD,385854,liquor,주류/위스키,True,1441.1,신세계(SSG)면세,2026-08-01T22:45:14Z
118248000001,뉴리프 바틀인본드 버번 750ml,뉴 리프,750,68.0,51.0,25.0,USD,73496,liquor,주류/위스키,True,1441.1,신세계(SSG)면세,2026-08-01T22:45:14Z
115958000016,글렌 기어리 2012 700ml,사마롤리,700,464.0,324.8,30.0,USD,468069,liquor,주류/위스키,True,1441.1,신세계(SSG)면세,2026-08-01T22:45:14Z
115968000015,알타바인 1993 22년 700ml,동방명,700,518.0,362.6,30.0,USD,522542,liquor,주류/위스키,True,1441.1,신세계(SSG)면세,2026-08-01T22:45:14Z
115338000015,와일드터키 켄터키 스피릿 1000ml,와일드터키,1000,74.0,41.44,44.0,USD,59719,,주류/위스키,True,1441.1,신세계(SSG)면세,2026-08-01T22:45:14Z
117218000004,배럴 밴티지750ml,배럴크래프트스피릿,750,139.0,83.4,40.0,USD,120187,,주류/위스키,True,1441.1,신세계(SSG)면세,2026-08-01T22:45:14Z
110798000008,부쉬밀 싱글몰트 25년 포트캐스크 700ml,부쉬밀,700,900.0,675.0,25.0,USD,972742,,주류/위스키,True,1441.1,신세계(SSG)면세,2026-08-01T22:45:14Z
110738000010,주라 1988 700ml,주라,700,1030.0,669.5,35.0,USD,964816,liquor,주류/위스키,True,1441.1,신세계(SSG)면세,2026-08-01T22:45:14Z
102487200031,발렌타인 23년 싱글몰트 위스키 - 글렌토커스 700ml,발렌타인,700,262.0,170.56,35.0,USD,245794,liquor,주류/위스키,True,1441.1,신세계(SSG)면세,2026-08-01T22:45:14Z
102418000033,잭다니엘 테네시 허니 1000ml,잭다니엘,1000,35.0,19.25,45.0,USD,27741,,주류/위스키,True,1441.1,신세계(SSG)면세,2026-08-01T22:45:14Z
106757200013,글렌데브론 20년 1000ml,듀어스,1000,127.0,63.5,50.0,USD,91509,liquor,주류/위스키,True,1441.1,신세계(SSG)면세,2026-08-01T22:45:14Z
106778000007,놉크릭 9년 700ml,짐빔,700,53.0,26.5,50.0,USD,38189,liquor,주류/위스키,True,1441.1,신세계(SSG)면세,2026-08-01T22:45:14Z
110738000034,패터캐른 17년 700ml,패터캐른,700,124.0,62.0,50.0,USD,89348,liquor,주류/위스키,True,1441.1,신세계(SSG)면세,2026-08-01T22:45:14Z
102418000014,잭다니엘 아메리칸 싱글몰트 1000ml,잭다니엘,1000,80.0,56.0,30.0,USD,80701,liquor,주류/위스키,True,1441.1,신세계(SSG)면세,2026-08-01T22:45:14Z
102417200024,잭다니엘 시나트라 셀렉트 1000ml,잭다니엘,1000,170.0,93.5,45.0,USD,134742,liquor,주류/위스키,True,1441.1,신세계(SSG)면세,2026-08-01T22:45:14Z
114698000015,글렌파클라스 더 패밀리 캐스크 1997 700ml,글렌파클라스,700,908.0,635.6,30.0,USD,915963,liquor,주류/위스키,True,1441.1,신세계(SSG)면세,2026-08-01T22:45:14Z
102418000003,벤리악 트리플 디스틸드 10년 1000ml,벤리악,1000,77.0,36.6,52.0,USD,52744,liquor,주류/위스키,True,1441.1,신세계(SSG)면세,2026-08-01T22:45:14Z
106828000020,더 글렌리벳 16년 1000ml,더 글렌리벳,1000,115.0,69.23,40.0,USD,99767,,주류/위스키,True,1441.1,신세계(SSG)면세,2026-08-01T22:45:14Z
110738000035,패터캐른 14년 700ml,패터캐른,700,83.0,37.35,55.0,USD,53825,liquor,주류/위스키,True,1441.1,신세계(SSG)면세,2026-08-01T22:45:14Z
114688000010,밀크앤허니 와인 캐스크700ml,밀크앤허니,700,105.0,39.9,62.0,USD,57499,liquor,주류/위스키,True,1441.1,신세계(SSG)면세,2026-08-01T22:45:14Z
111038000015,와일드무어 23 웨이킹 포레스트 700ml,발베니,700,188.0,113.18,40.0,USD,163103,,주류/위스키,True,1441.1,신세계(SSG)면세,2026-08-01T22:45:14Z
115978000001,토마틴 21년 700ml,토마틴,700,238.0,126.14,47.0,USD,181780,liquor,주류/위스키,True,1441.1,신세계(SSG)면세,2026-08-01T22:45:14Z
110737200008,주라 21년 700ml,주라,700,218.0,119.9,45.0,USD,172787,liquor,주류/위스키,True,1441.1,신세계(SSG)면세,2026-08-01T22:45:14Z
110738000032,패터캐른 28년 700ml,패터캐른,700,928.0,556.8,40.0,USD,802404,,주류/위스키,True,1441.1,신세계(SSG)면세,2026-08-01T22:45:14Z
102408000015,글렌모렌지 디 인피니타 18년 700ml,글렌모렌지,700,115.0,115.0,0.0,USD,165726,liquor,주류/위스키,True,1441.1,신세계(SSG)면세,2026-08-01T22:45:14Z
110738000003,달모어 트리오 1000ml,달모어,1000,105.0,99.75,5.0,USD,143749,liquor,주류/위스키,True,1441.1,신세계(SSG)면세,2026-08-01T22:45:14Z
102418000034,잭 다니엘 싱글 배럴 라이 700ml,잭다니엘,700,68.0,37.4,45.0,USD,53897,,주류/위스키,True,1441.1,신세계(SSG)면세,2026-08-01T22:45:14Z
115968000027,스페이사이드 2008 11년 700ml,동방명,700,238.0,143.28,40.0,USD,206480,liquor,주류/위스키,True,1441.1,신세계(SSG)면세,2026-08-01T22:45:14Z
115348000018,폴존 클래식 1000ml,폴존,1000,95.0,38.95,59.0,USD,56130,liquor,주류/위스키,True,1441.1,신세계(SSG)면세,2026-08-01T22:45:14Z
115338000010,더 글렌그란트 10년 1000ml,더 글렌그란트,1000,62.0,35.59,43.0,USD,51288,liquor,주류/위스키,True,1441.1,신세계(SSG)면세,2026-08-01T22:45:14Z
106758000007,듀어스 16년 1000ml,듀어스,1000,85.0,42.84,50.0,USD,61736,liquor,주류/위스키,True,1441.1,신세계(SSG)면세,2026-08-01T22:45:14Z
111038000028,Naked Malt 1L,발베니,1000,45.0,29.25,35.0,USD,42152,liquor,주류/위스키,True,1441.1,신세계(SSG)면세,2026-08-01T22:45:14Z
102448000053,몰트락 16년 700ml,몰트락,700,129.0,90.3,30.0,USD,130131,liquor,주류/위스키,True,1441.1,신세계(SSG)면세,2026-08-01T22:45:14Z
274198000019,"기원 코리안 트래블 익스클루시브, 700ml",기원 위스키,700,110.0,77.0,30.0,USD,110964,liquor,주류/위스키,True,1441.1,신세계(SSG)면세,2026-08-01T22:45:14Z
106937200004,보모어 10년 1000ml,보모어,1000,69.0,34.5,50.0,USD,49717,liquor,주류/위스키,True,1441.1,신세계(SSG)면세,2026-08-01T22:45:14Z
106758000014,올트모어 23년 CS 한정판 (화이트포트) 700ml,올트모어,700,605.0,324.16,46.0,USD,467146,liquor,주류/위스키,True,1441.1,신세계(SSG)면세,2026-08-01T22:45:14Z
102408000003,글렌모렌지 16년 트리뷰트 1000ml,글렌모렌지,1000,118.0,88.5,25.0,USD,127537,liquor,주류/위스키,True,1441.1,신세계(SSG)면세,2026-08-01T22:45:14Z
106827200005,더 글렌리벳 12년 1000ml,더 글렌리벳,1000,75.0,45.15,40.0,USD,65065,liquor,주류/위스키,True,1441.1,신세계(SSG)면세,2026-08-01T22:45:14Z
111038000033,발베니 15년 마데이라 빅토 응아이 700ml,발베니,700,164.0,114.8,30.0,USD,165438,liquor,주류/위스키,True,1441.1,신세계(SSG)면세,2026-08-01T22:45:14Z
106758000008,올트모어 21년 콜헤이타 700ml,올트모어,700,500.0,308.75,38.0,USD,444939,liquor,주류/위스키,True,1441.1,신세계(SSG)면세,2026-08-01T22:45:14Z
106878000002,에버펠디 16년 마데이라 캐스크 700ml,에버펠디,700,125.0,68.75,45.0,USD,99075,liquor,주류/위스키,True,1441.1,신세계(SSG)면세,2026-08-01T22:45:14Z
110798000006,부쉬밀 셰리 캐스크 12년 700ml,부쉬밀,700,70.0,35.81,49.0,USD,51605,,주류/위스키,True,1441.1,신세계(SSG)면세,2026-08-01T22:45:14Z
114698000031,글렌파클라스 패밀리 캐스크 2005_S23 700ml,글렌파클라스,700,444.0,310.8,30.0,USD,447893,liquor,주류/위스키,True,1441.1,신세계(SSG)면세,2026-08-01T22:45:14Z
115348000045,바즈타운 버번 바틀드 인 본드 750ml,바즈타운,750,60.0,45.0,25.0,USD,64849,liquor,주류/위스키,True,1441.1,신세계(SSG)면세,2026-08-01T22:45:14Z
115958000018,글렌로시스 2013 700ml,사마롤리,700,490.0,343.0,30.0,USD,494297,liquor,주류/위스키,True,1441.1,신세계(SSG)면세,2026-08-01T22:45:14Z
102488000016,아벨라워 18년 700ml,아벨라워,700,215.0,150.5,30.0,USD,216885,liquor,주류/위스키,True,1441.1,신세계(SSG)면세,2026-08-01T22:45:14Z
117218000003,스텔럼 버번750ml,배럴크래프트스피릿,750,99.0,59.4,40.0,USD,85601,,주류/위스키,True,1441.1,신세계(SSG)면세,2026-08-01T22:45:14Z
106878000001,에버펠디 25년 700ml,에버펠디,700,550.0,357.5,35.0,USD,515193,liquor,주류/위스키,True,1441.1,신세계(SSG)면세,2026-08-01T22:45:14Z
102488000013,아벨라워 SUTHAINN 700ml,발렌타인,700,90.0,56.7,37.0,USD,81710,,주류/위스키,True,1441.1,신세계(SSG)면세,2026-08-01T22:45:14Z
116318000006,로완스 크릭 750ml,윌렛 위스키,750,92.0,57.96,37.0,USD,83526,liquor,주류/위스키,True,1441.1,신세계(SSG)면세,2026-08-01T22:45:14Z
102487200017,발렌타인 파이니스트 1000ml,발렌타인,1000,25.0,17.5,30.0,USD,25219,liquor,주류/위스키,True,1441.1,신세계(SSG)면세,2026-08-01T22:45:14Z
102488000014,아벨라워 16년 700ml,아벨라워,700,130.0,81.9,37.0,USD,118026,,주류/위스키,True,1441.1,신세계(SSG)면세,2026-08-01T22:45:14Z
111048000011,글렌피딕50년 타임시리즈 700ml,글렌피딕,700,52250.0,39187.5,25.0,USD,56473106,,주류/위스키,True,1441.1,신세계(SSG)면세,2026-08-01T22:45:14Z
115968000017,아란 2004 14년 700ml,동방명,700,410.0,287.0,30.0,USD,413595,liquor,주류/위스키,True,1441.1,신세계(SSG)면세,2026-08-01T22:45:14Z
116318000007,윌렛 팟 스틸 리저브 750ml,윌렛 위스키,750,98.0,61.74,37.0,USD,88973,liquor,주류/위스키,True,1441.1,신세계(SSG)면세,2026-08-01T22:45:14Z
102447200026,탈리스커 다크스톰 1000ml,탈리스커,1000,127.0,66.29,48.0,USD,95530,liquor,주류/위스키,True,1441.1,신세계(SSG)면세,2026-08-01T22:45:14Z
106757200003,듀어스 12년 1000ml,듀어스,1000,52.0,26.52,49.0,USD,38217,liquor,주류/위스키,True,1441.1,신세계(SSG)면세,2026-08-01T22:45:14Z
115968000022,달모어 2009 10년 700ml,동방명,700,380.0,266.0,30.0,USD,383332,liquor,주류/위스키,True,1441.1,신세계(SSG)면세,2026-08-01T22:45:14Z
106778000015,메이커스 마크 46 1000ml,메이커스 마크,1000,67.0,33.53,50.0,USD,48320,,주류/위스키,True,1441.1,신세계(SSG)면세,2026-08-01T22:45:14Z
106877200006,에버펠디 21년 마데이라 캐스크 700ml,에버펠디,700,248.0,136.4,45.0,USD,196566,liquor,주류/위스키,True,1441.1,신세계(SSG)면세,2026-08-01T22:45:14Z
102418000005,우드포드리저브 할리데이 에디션 1000ml,우드포드 리저브,1000,60.0,33.18,45.0,USD,47815,liquor,주류/위스키,True,1441.1,신세계(SSG)면세,2026-08-01T22:45:14Z
102448000020,달위니 15년 1000ml,달위니,1000,127.0,69.85,45.0,USD,100660,liquor,주류/위스키,True,1441.1,신세계(SSG)면세,2026-08-01T22:45:14Z
110738000021,탐나불린 소비뇽 블랑 1000ml,탐나불린,1000,56.0,26.32,53.0,USD,37929,liquor,주류/위스키,True,1441.1,신세계(SSG)면세,2026-08-01T22:45:14Z
117928000001,글렌고인 12년 퍼스트 필 에디션 1000ml,글렌고인,1000,79.0,43.65,45.0,USD,62904,liquor,주류/위스키,True,1441.1,신세계(SSG)면세,2026-08-01T22:45:14Z
111038000008,발베니 40년 레어메리지 700ml,발베니,700,10078.0,7029.41,30.0,USD,10130082,,주류/위스키,True,1441.1,신세계(SSG)면세,2026-08-01T22:45:14Z
106757200012,글렌데브론 16년 1000ml,듀어스,1000,90.0,45.0,50.0,USD,64849,liquor,주류/위스키,True,1441.1,신세계(SSG)면세,2026-08-01T22:45:14Z
114688000077,스터닝 카오스 700ml,스터닝,700,150.0,60.0,60.0,USD,86466,liquor,주류/위스키,True,1441.1,신세계(SSG)면세,2026-08-01T22:45:14Z
102427200002,시바스리갈 12년 1000ml,시바스리갈,1000,48.0,33.6,30.0,USD,48420,liquor,주류/위스키,True,1441.1,신세계(SSG)면세,2026-08-01T22:45:14Z
110738000008,탐나불린 올로로소 1000ml,탐나불린,1000,53.0,24.91,53.0,USD,35897,liquor,주류/위스키,True,1441.1,신세계(SSG)면세,2026-08-01T22:45:14Z
114688000027,글렌알라키 8년 스코티시 오크 피니쉬 싱글몰트 700ml,글렌알라키,700,166.0,83.0,50.0,USD,119611,liquor,주류/위스키,True,1441.1,신세계(SSG)면세,2026-08-01T22:45:14Z
102448000038,싱글톤 가든스 오브 어번던스 - 골든 어텀 오차드1000ml,싱글톤,1000,99.0,52.47,47.0,USD,75614,liquor,주류/위스키,True,1441.1,신세계(SSG)면세,2026-08-01T22:45:14Z
102488000012,아벨라워 13년 700ml,발렌타인,700,75.0,47.25,37.0,USD,68091,,주류/위스키,True,1441.1,신세계(SSG)면세,2026-08-01T22:45:14Z
274198000015,기원 달 700ml,기원 위스키,700,55.0,38.5,30.0,USD,55482,,주류/위스키,True,1441.1,신세계(SSG)면세,2026-08-01T22:45:14Z
117218000017,배럴라이 프라이빗 릴리스 바베이도스 럼캐스크(인천에디션) 750ml,배럴크래프트스피릿,750,150.0,105.0,30.0,USD,151315,,주류/위스키,True,1441.1,신세계(SSG)면세,2026-08-01T22:45:14Z
106828000021,더 글렌리벳 14년 1000ml,더 글렌리벳,1000,85.0,51.17,40.0,USD,73741,,주류/위스키,True,1441.1,신세계(SSG)면세,2026-08-01T22:45:14Z
102418000030,잭다니엘 싱글배럴 셀렉트 바이더배럴 달콤한 인생 700ml,잭다니엘,700,68.0,39.44,42.0,USD,56836,,주류/위스키,True,1441.1,신세계(SSG)면세,2026-08-01T22:45:14Z
114698000006,글렌파클라스 25년 700ml,글렌파클라스,700,378.0,227.56,40.0,USD,327936,liquor,주류/위스키,True,1441.1,신세계(SSG)면세,2026-08-01T22:45:14Z
106758000027,엔젤스엔비 스몰 배치 700ml,듀어스,700,98.0,56.06,43.0,USD,80788,,주류/위스키,True,1441.1,신세계(SSG)면세,2026-08-01T22:45:14Z
102448000023,몰트락 SR FY24 700ml(2023 Special Release),몰트락,700,300.0,165.0,45.0,USD,237781,liquor,주류/위스키,True,1441.1,신세계(SSG)면세,2026-08-01T22:45:14Z
117218000006,배럴 파운데이션버번750ml,배럴크래프트스피릿,750,119.0,71.4,40.0,USD,102894,,주류/위스키,True,1441.1,신세계(SSG)면세,2026-08-01T22:45:14Z
106938000012,오켄토션 18년 700ml,오켄토션,700,105.0,49.88,53.0,USD,71882,liquor,주류/위스키,True,1441.1,신세계(SSG)면세,2026-08-01T22:45:14Z
102448000042,몰트락 아이팟 700ml,몰트락,700,310.0,170.5,45.0,USD,245707,,주류/위스키,True,1441.1,신세계(SSG)면세,2026-08-01T22:45:14Z
116318000013,와티 분 앤 선즈 750ml,베리 올드 세인트닉,750,250.0,137.5,45.0,USD,198151,,주류/위스키,True,1441.1,신세계(SSG)면세,2026-08-01T22:45:14Z
115348000043,바즈타운 켄터키 스트레이트 라이 위스키 750ml,바즈타운,750,60.0,45.0,25.0,USD,64849,liquor,주류/위스키,True,1441.1,신세계(SSG)면세,2026-08-01T22:45:14Z
102418000028,잭다니엘 싱글배럴 셀렉트 바이더배럴 인생은 아름다워 700ml,잭다니엘,700,68.0,39.44,42.0,USD,56836,,주류/위스키,True,1441.1,신세계(SSG)면세,2026-08-01T22:45:14Z
106758000026,엔젤스엔비 플래그쉽 코어 700ml,듀어스,700,49.0,29.62,40.0,USD,42685,,주류/위스키,True,1441.1,신세계(SSG)면세,2026-08-01T22:45:14Z
110737200013,탐나불린 템프라니요 1000ml,탐나불린,1000,56.0,26.32,53.0,USD,37929,liquor,주류/위스키,True,1441.1,신세계(SSG)면세,2026-08-01T22:45:14Z
102418000016,글렌글라사 포트소이 700ml,글렌글라사,700,77.0,39.39,49.0,USD,56764,liquor,주류/위스키,True,1441.1,신세계(SSG)면세,2026-08-01T22:45:14Z
102448000033,크래건모어 12년 750ml,탈리스커,750,90.0,46.98,48.0,USD,67702,,주류/위스키,True,1441.1,신세계(SSG)면세,2026-08-01T22:45:14Z
115408000001,카이오 캐스크 스트랭스 700ml,카이오,700,163.0,89.65,45.0,USD,129194,liquor,주류/위스키,True,1441.1,신세계(SSG)면세,2026-08-01T22:45:14Z
114698000041,글렌파클라스 프라이빗 캐스크 신세계 2009 700ml,글렌파클라스,700,450.0,315.0,30.0,USD,453946,,주류/위스키,True,1441.1,신세계(SSG)면세,2026-08-01T22:45:14Z
106938000001,오켄토션 다크 오크 1000ml,오켄토션,1000,81.0,38.48,53.0,USD,55453,liquor,주류/위스키,True,1441.1,신세계(SSG)면세,2026-08-01T22:45:14Z
115338000007,와일드터키101 1000ml,와일드터키,1000,48.0,28.8,40.0,USD,41503,liquor,주류/위스키,True,1441.1,신세계(SSG)면세,2026-08-01T22:45:14Z
102417200018,우드포드리저브 켄터키 더비 1000ml (적마 에디션),우드포드 리저브,1000,60.0,35.28,41.0,USD,50842,liquor,주류/위스키,True,1441.1,신세계(SSG)면세,2026-08-01T22:45:14Z
111038000030,페이머스 그라우스 쉐리 캐스크 1L,발베니,1000,28.0,16.8,40.0,USD,24210,liquor,주류/위스키,True,1441.1,신세계(SSG)면세,2026-08-01T22:45:14Z
102418000031,잭다니엘 본디드 1000ml,잭다니엘,1000,48.0,26.4,45.0,USD,38045,,주류/위스키,True,1441.1,신세계(SSG)면세,2026-08-01T22:45:14Z
117438000002,컴파스 박스 트래블링 서커스 700ml,컴파스 박스,700,183.0,100.65,45.0,USD,145046,,주류/위스키,True,1441.1,신세계(SSG)면세,2026-08-01T22:45:14Z
106778000010,베이커스 7년 버번 750ml,짐빔,750,90.0,45.0,50.0,USD,64849,liquor,주류/위스키,True,1441.1,신세계(SSG)면세,2026-08-01T22:45:14Z
102448000049,조니워커 레드 라벨 1000ml,조니워커,1000,29.0,15.95,45.0,USD,22985,liquor,주류/위스키,True,1441.1,신세계(SSG)면세,2026-08-01T22:45:14Z
117108000002,제임슨 1000ml,제임슨,1000,39.0,25.39,35.0,USD,36589,,주류/위스키,True,1441.1,신세계(SSG)면세,2026-08-01T22:45:14Z
117418000001,포로지스 켄터키 스트레이트 버번 1000ml,포로지스 버번,1000,39.0,23.4,40.0,USD,33721,,주류/위스키,True,1441.1,신세계(SSG)면세,2026-08-01T22:45:14Z
106938000024,보모어 11년 700ml,보모어,700,55.0,29.26,47.0,USD,42166,liquor,주류/위스키,True,1441.1,신세계(SSG)면세,2026-08-01T22:45:14Z
115338000028,러셀 리저브 라이 6년 750ml,와일드터키,750,58.0,31.9,45.0,USD,45971,,주류/위스키,True,1441.1,신세계(SSG)면세,2026-08-01T22:45:14Z
106777200007,짐빔 싱글배럴 750ml,짐빔,750,47.0,23.5,50.0,USD,33865,liquor,주류/위스키,True,1441.1,신세계(SSG)면세,2026-08-01T22:45:14Z
114688000073,스터닝 스모크 700ml,스터닝,700,185.0,74.0,60.0,USD,106641,liquor,주류/위스키,True,1441.1,신세계(SSG)면세,2026-08-01T22:45:14Z
115958000025,맥캘란 올로로소 쉐리 1997 700ml,사마롤리,700,11754.0,8227.8,30.0,USD,11857082,liquor,주류/위스키,True,1441.1,신세계(SSG)면세,2026-08-01T22:45:14Z
116318000024,핸드 배럴  스몰 배치 750ml,핸드배럴,750,109.0,59.95,45.0,USD,86393,,주류/위스키,True,1441.1,신세계(SSG)면세,2026-08-01T22:45:14Z
115958000013,사마롤리 어프렌티스 2023 에디션 700ml,사마롤리,700,196.0,137.2,30.0,USD,197718,liquor,주류/위스키,True,1441.1,신세계(SSG)면세,2026-08-01T22:45:14Z
102488000015,더 디콘 1000ml,발렌타인,1000,49.0,28.4,42.0,USD,40927,,주류/위스키,True,1441.1,신세계(SSG)면세,2026-08-01T22:45:14Z
115338000037,더 글렌그란트 오로라 1000ml,더 글렌그란트,1000,59.0,37.61,36.0,USD,54199,liquor,주류/위스키,True,1441.1,신세계(SSG)면세,2026-08-01T22:45:14Z
102418000032,잭다니엘 본디드 라이 1000ml,잭다니엘,1000,48.0,26.4,45.0,USD,38045,,주류/위스키,True,1441.1,신세계(SSG)면세,2026-08-01T22:45:14Z
117938000005,발블레어 17년 700ml,발블레어,700,178.0,98.43,45.0,USD,141847,liquor,주류/위스키,True,1441.1,신세계(SSG)면세,2026-08-01T22:45:14Z
117928000004,탐두 콰트로 레세르바 700ml,탐두,700,97.0,51.7,47.0,USD,74504,liquor,주류/위스키,True,1441.1,신세계(SSG)면세,2026-08-01T22:45:14Z
106988000012,라프로익 포트우드 2023 700ml,라프로익,700,176.0,96.8,45.0,USD,139498,,주류/위스키,True,1441.1,신세계(SSG)면세,2026-08-01T22:45:14Z
102408000021,글렌모렌지 12년 어코드 1000ml,글렌모렌지,1000,77.0,57.75,25.0,USD,83223,liquor,주류/위스키,True,1441.1,신세계(SSG)면세,2026-08-01T22:45:14Z
102418000010,글렌글라사 12년 700ml,글렌글라사,700,63.0,32.22,49.0,USD,46432,liquor,주류/위스키,True,1441.1,신세계(SSG)면세,2026-08-01T22:45:14Z
106757200020,틸링 싱글 그레인 1000ml,듀어스,1000,73.0,33.73,54.0,USD,48608,liquor,주류/위스키,True,1441.1,신세계(SSG)면세,2026-08-01T22:45:14Z
106828000001,캐퍼도닉 18년 피티드 700ml,시크릿 스페이사이드,700,130.0,78.26,40.0,USD,112780,liquor,주류/위스키,True,1441.1,신세계(SSG)면세,2026-08-01T22:45:14Z
110738000022,주라 아일랜더스 익스프레션 3 1000ml,주라,1000,69.0,33.12,52.0,USD,47729,liquor,주류/위스키,True,1441.1,신세계(SSG)면세,2026-08-01T22:45:14Z
102448000034,달위니 윈터 골드 700ml,달위니,700,103.0,56.65,45.0,USD,81638,,주류/위스키,True,1441.1,신세계(SSG)면세,2026-08-01T22:45:14Z
115378000028,웰러 스페셜 리저브 750ml,버팔로 트레이스,750,96.0,66.05,31.0,USD,95184,,주류/위스키,True,1441.1,신세계(SSG)면세,2026-08-01T22:45:14Z
111188000037,헤븐힐 바틀드 인 본드 7년 750ml,헤븐힐디스틸러리,750,314.0,219.8,30.0,USD,316753,,주류/위스키,True,1441.1,신세계(SSG)면세,2026-08-01T22:45:14Z
117938000002,올드풀티니 16년 700ml,올드풀티니,700,120.0,67.2,44.0,USD,96841,liquor,주류/위스키,True,1441.1,신세계(SSG)면세,2026-08-01T22:45:14Z
106778000005,바질 헤이든 700ml,짐빔,700,58.0,29.0,50.0,USD,41791,liquor,주류/위스키,True,1441.1,신세계(SSG)면세,2026-08-01T22:45:14Z
110798000004,쉐리 캐스크 10년 1000ml,부쉬밀,1000,70.0,35.04,50.0,USD,50496,liquor,주류/위스키,True,1441.1,신세계(SSG)면세,2026-08-01T22:45:14Z
115338000024,와일드터키101 라이 1000ml,와일드터키,1000,46.0,23.92,48.0,USD,34471,,주류/위스키,True,1441.1,신세계(SSG)면세,2026-08-01T22:45:14Z
106828000017,더 글렌리벳 그라운드브레이커스 700ml,더 글렌리벳,700,100.0,70.0,30.0,USD,100877,,주류/위스키,True,1441.1,신세계(SSG)면세,2026-08-01T22:45:14Z
102448000037,싱글톤 가든스 오브 어번던스 - 이그저틱 스파이스 그로브 1000ml,싱글톤,1000,180.0,95.4,47.0,USD,137480,liquor,주류/위스키,True,1441.1,신세계(SSG)면세,2026-08-01T22:45:14Z
117108000006,레드브레스트 15년 700ml,제임슨,700,102.0,71.4,30.0,USD,102894,,주류/위스키,True,1441.1,신세계(SSG)면세,2026-08-01T22:45:14Z
117148000027,블라드녹 싱글캐스크 2008 버번 배럴 700ml,블라드녹,700,299.0,239.2,20.0,USD,344711,liquor,주류/위스키,True,1441.1,신세계(SSG)면세,2026-08-01T22:45:14Z
116318000025,베리 올드 세인트 닉 썸머 라이 750ml,베리 올드 세인트닉,750,370.0,203.5,45.0,USD,293263,,주류/위스키,True,1441.1,신세계(SSG)면세,2026-08-01T22:45:14Z
102418000001,벤리악 쿼터캐스크 피티드 1000ml,벤리악,1000,70.0,33.27,52.0,USD,47945,liquor,주류/위스키,True,1441.1,신세계(SSG)면세,2026-08-01T22:45:14Z
111038000029,페이머스 그라우스 1L,발베니,1000,25.0,15.0,40.0,USD,21616,liquor,주류/위스키,True,1441.1,신세계(SSG)면세,2026-08-01T22:45:14Z
102428000002,시바스리갈 13년 셰리 캐스크 1000ml,시바스리갈,1000,58.0,40.6,30.0,USD,58508,liquor,주류/위스키,True,1441.1,신세계(SSG)면세,2026-08-01T22:45:14Z
106847200020,하일랜드파크 베어 1000ml,하일랜드 파크,1000,63.0,31.45,50.0,USD,45322,liquor,주류/위스키,True,1441.1,신세계(SSG)면세,2026-08-01T22:45:14Z
106778000016,메이커스 마크 홀리데이 에디션 1000ml,메이커스 마크,1000,56.0,28.03,50.0,USD,40394,liquor,주류/위스키,True,1441.1,신세계(SSG)면세,2026-08-01T22:45:14Z
106768000033,블랙 니카 스페셜 720ml,니카,720,31.0,18.6,40.0,USD,26804,liquor,주류/위스키,True,1441.1,신세계(SSG)면세,2026-08-01T22:45:14Z
102408000024,아드벡 스모크트레일즈 배치3 1000ml,아드벡,1000,90.0,72.0,20.0,USD,103759,liquor,주류/위스키,True,1441.1,신세계(SSG)면세,2026-08-01T22:45:14Z
110798000005,오리지널 아이리쉬 위스키 1000ml,부쉬밀,1000,30.0,16.5,45.0,USD,23778,liquor,주류/위스키,True,1441.1,신세계(SSG)면세,2026-08-01T22:45:14Z
102448000032,클라이넬리시 14년 700ml,탈리스커,700,120.0,62.64,48.0,USD,90270,,주류/위스키,True,1441.1,신세계(SSG)면세,2026-08-01T22:45:14Z
106938000013,보모어 24년 프랭크 콰이어틀리 4 700ml,보모어,700,510.0,321.3,37.0,USD,463025,liquor,주류/위스키,True,1441.1,신세계(SSG)면세,2026-08-01T22:45:14Z
106768000031,니카 세션 700ml,니카,700,77.0,46.2,40.0,USD,66578,liquor,주류/위스키,True,1441.1,신세계(SSG)면세,2026-08-01T22:45:14Z
110798000002,버번 캐스크 15년 700ml,부쉬밀,700,90.0,54.0,40.0,USD,77819,liquor,주류/위스키,True,1441.1,신세계(SSG)면세,2026-08-01T22:45:14Z
102488000006,발렌타인 23년 골든아워 에디션 700ml,발렌타인,700,279.0,195.3,30.0,USD,281446,liquor,주류/위스키,True,1441.1,신세계(SSG)면세,2026-08-01T22:45:14Z
102418000029,잭다니엘 싱글배럴 셀렉트 바이더배럴 위대한 유산 700ml,잭다니엘,700,68.0,39.44,42.0,USD,56836,,주류/위스키,True,1441.1,신세계(SSG)면세,2026-08-01T22:45:14Z
106768000006,마르스 몰티지 코스모 700ml,마르스위스키,700,138.0,75.9,45.0,USD,109379,liquor,주류/위스키,True,1441.1,신세계(SSG)면세,2026-08-01T22:45:14Z
111188000061,에반 윌리엄스 애플 750ml,에반 윌리엄스,750,21.0,11.55,45.0,USD,16644,,주류/위스키,True,1441.1,신세계(SSG)면세,2026-08-01T22:45:14Z
115968000021,링크우드 1997 18년 700ml,동방명,700,389.0,272.3,30.0,USD,392411,liquor,주류/위스키,True,1441.1,신세계(SSG)면세,2026-08-01T22:45:14Z
115968000011,링크우드 1989 25년 700ml,동방명,700,690.0,483.0,30.0,USD,696051,liquor,주류/위스키,True,1441.1,신세계(SSG)면세,2026-08-01T22:45:14Z
115968000012,인버고든 1984 31년 700ml,동방명,700,570.0,399.0,30.0,USD,574998,liquor,주류/위스키,True,1441.1,신세계(SSG)면세,2026-08-01T22:45:14Z
106828000023,더 글렌리벳 트리플 캐스크 머추어드 1000ml,더 글렌리벳,1000,65.0,35.95,45.0,USD,51807,liquor,주류/위스키,True,1441.1,신세계(SSG)면세,2026-08-01T22:45:14Z
115338000011,더 글렌그란트 18년 1000ml,더 글렌그란트,1000,192.0,163.2,15.0,USD,235187,liquor,주류/위스키,True,1441.1,신세계(SSG)면세,2026-08-01T22:45:14Z
274198000018,기원 달 기프트팩 700ml,기원 위스키,700,67.0,46.9,30.0,USD,67587,liquor,주류/위스키,True,1441.1,신세계(SSG)면세,2026-08-01T22:45:14Z
114688000080,글렌알라키 8년 700ml,글렌알라키,700,91.0,45.05,51.0,USD,64921,liquor,주류/위스키,True,1441.1,신세계(SSG)면세,2026-08-01T22:45:14Z
102478000010,람베이 위스키 스몰 배치 블렌드 700ml,까뮤,700,47.0,22.56,52.0,USD,32511,liquor,주류/위스키,True,1441.1,신세계(SSG)면세,2026-08-01T22:45:14Z
115378000004,1792 스몰배치 버번 750ml,버팔로 트레이스,750,47.0,26.32,44.0,USD,37929,liquor,주류/위스키,True,1441.1,신세계(SSG)면세,2026-08-01T22:45:14Z
102427200009,시바스리갈 15년 1000ml,시바스리갈,1000,82.0,57.4,30.0,USD,82719,liquor,주류/위스키,True,1441.1,신세계(SSG)면세,2026-08-01T22:45:14Z
110737200018,달모어 컨스텔레이션 1969 캐스트 14 700ml,달모어,700,38112.0,36206.4,5.0,USD,52177043,liquor,주류/위스키,True,1441.1,신세계(SSG)면세,2026-08-01T22:45:14Z
117148000002,블라드녹 14년 올로로소 셰리 700ml,블라드녹,700,210.0,109.62,48.0,USD,157973,liquor,주류/위스키,True,1441.1,신세계(SSG)면세,2026-08-01T22:45:14Z
106777200006,캐나디언 클럽 12년 1000ml,캐나디언 클럽,1000,47.0,23.5,50.0,USD,33865,liquor,주류/위스키,True,1441.1,신세계(SSG)면세,2026-08-01T22:45:14Z
115958000026,카루이자와 700ml,사마롤리,700,37256.0,26079.2,30.0,USD,37582735,liquor,주류/위스키,True,1441.1,신세계(SSG)면세,2026-08-01T22:45:14Z
102418000002,벤리악 쿼터캐스크 클래식 1000ml,벤리악,1000,70.0,33.27,52.0,USD,47945,liquor,주류/위스키,True,1441.1,신세계(SSG)면세,2026-08-01T22:45:14Z
117438000004,컴파스 박스 피트 몬스터 700ml,컴파스 박스,700,77.0,39.27,49.0,USD,56592,,주류/위스키,True,1441.1,신세계(SSG)면세,2026-08-01T22:45:14Z
110737200016,주라 더 베이 1000ml,주라,1000,85.0,38.25,55.0,USD,55122,liquor,주류/위스키,True,1441.1,신세계(SSG)면세,2026-08-01T22:45:14Z
114688000082,미클토어 쉐리 원 싱글몰트 위스키 700ml,미클토어,700,91.0,45.5,50.0,USD,65570,,주류/위스키,True,1441.1,신세계(SSG)면세,2026-08-01T22:45:14Z
111038000013,와일드무어40 블랙마운틴 700ml,발베니,700,900.0,604.8,33.0,USD,871577,,주류/위스키,True,1441.1,신세계(SSG)면세,2026-08-01T22:45:14Z
114688000065,로즈빌유니언 마스터 크래프티드 라이 750ml,로즈빌 유니언,750,100.0,48.0,52.0,USD,69172,liquor,주류/위스키,True,1441.1,신세계(SSG)면세,2026-08-01T22:45:14Z
106758000028,듀어스 더블더블 26년 500ml,듀어스,500,239.0,124.88,48.0,USD,179964,liquor,주류/위스키,True,1441.1,신세계(SSG)면세,2026-08-01T22:45:14Z
115378000007,파이어볼 시나몬 1000ml,버팔로 트레이스,1000,21.0,11.76,44.0,USD,16947,liquor,주류/위스키,True,1441.1,신세계(SSG)면세,2026-08-01T22:45:14Z
110738000007,주라 아일랜더스 익스프레션 2 1000ml,주라,1000,69.0,31.05,55.0,USD,44746,liquor,주류/위스키,True,1441.1,신세계(SSG)면세,2026-08-01T22:45:14Z
115388000004,더 와이즈맨 스트레이트 버번 위스키 700ml,켄터키 아울,700,71.0,33.02,54.0,USD,47585,liquor,주류/위스키,True,1441.1,신세계(SSG)면세,2026-08-01T22:45:14Z
110737200012,주라 더 사운드 1000ml,주라,1000,65.0,29.25,55.0,USD,42152,liquor,주류/위스키,True,1441.1,신세계(SSG)면세,2026-08-01T22:45:14Z
115378000017,1792 싱글배럴 750ml,버팔로 트레이스,750,80.0,48.0,40.0,USD,69172,,주류/위스키,True,1441.1,신세계(SSG)면세,2026-08-01T22:45:14Z
106938000015,오켄토션 24년 700ml,오켄토션,700,276.0,147.38,47.0,USD,212389,liquor,주류/위스키,True,1441.1,신세계(SSG)면세,2026-08-01T22:45:14Z
115378000001,사제락 라이 6년 750ml,버팔로 트레이스,750,46.0,23.96,48.0,USD,34528,liquor,주류/위스키,True,1441.1,신세계(SSG)면세,2026-08-01T22:45:14Z
102427200004,시바스리갈 25년 700ml,시바스리갈,700,389.0,291.75,25.0,USD,420440,liquor,주류/위스키,True,1441.1,신세계(SSG)면세,2026-08-01T22:45:14Z
106778000012,리젠트 버번 700ml,짐빔,700,70.0,35.0,50.0,USD,50438,liquor,주류/위스키,True,1441.1,신세계(SSG)면세,2026-08-01T22:45:14Z
115378000011,서던컴포트블랙 1000ml,버팔로 트레이스,1000,24.0,13.44,44.0,USD,19368,,주류/위스키,True,1441.1,신세계(SSG)면세,2026-08-01T22:45:14Z
115968000010,부나하벤 1991 25년 700ml,동방명,700,775.0,658.75,15.0,USD,949324,liquor,주류/위스키,True,1441.1,신세계(SSG)면세,2026-08-01T22:45:14Z
111188000062,에반 윌리엄스 허니 750ml,에반 윌리엄스,750,21.0,11.55,45.0,USD,16644,,주류/위스키,True,1441.1,신세계(SSG)면세,2026-08-01T22:45:14Z
106828000003,캐퍼도닉 21년 700ml,시크릿 스페이사이드,700,250.0,150.5,40.0,USD,216885,liquor,주류/위스키,True,1441.1,신세계(SSG)면세,2026-08-01T22:45:14Z
116318000021,베리 올드 세인트 닉 윈터 라이 750ml,베리 올드 세인트닉,750,375.0,206.25,45.0,USD,297226,,주류/위스키,True,1441.1,신세계(SSG)면세,2026-08-01T22:45:14Z
110737200001,달모어 퀸텐센스 700ml,달모어,700,1640.0,1558.0,5.0,USD,2245233,liquor,주류/위스키,True,1441.1,신세계(SSG)면세,2026-08-01T22:45:14Z
115408000004,글랜카담 13년 700ml,글렌카담,700,95.0,56.53,41.0,USD,81465,liquor,주류/위스키,True,1441.1,신세계(SSG)면세,2026-08-01T22:45:14Z
111188000031,라세니 스몰 배치 750ml,헤븐힐디스틸러리,750,41.0,19.68,52.0,USD,28360,liquor,주류/위스키,True,1441.1,신세계(SSG)면세,2026-08-01T22:45:14Z
110737200015,주라 더 팹스 700ml,주라,700,132.0,59.4,55.0,USD,85601,liquor,주류/위스키,True,1441.1,신세계(SSG)면세,2026-08-01T22:45:14Z
102448000036,싱글톤 가든스 오브 어번던스 - 래디언트 스프링 가든 1000ml,싱글톤,1000,68.0,36.04,47.0,USD,51937,liquor,주류/위스키,True,1441.1,신세계(SSG)면세,2026-08-01T22:45:14Z
102488000007,발렌타인 10년 1000ml,발렌타인,1000,44.0,30.8,30.0,USD,44385,liquor,주류/위스키,True,1441.1,신세계(SSG)면세,2026-08-01T22:45:14Z
106768000041,웨인 그레츠키 메이플 캐스크 1000ml,웨인그레츠키,1000,41.0,22.55,45.0,USD,32496,liquor,주류/위스키,True,1441.1,신세계(SSG)면세,2026-08-01T22:45:14Z
110738000040,달모어 포트폴리오 시리즈2 2007 700ml,달모어,700,930.0,883.5,5.0,USD,1273211,liquor,주류/위스키,True,1441.1,신세계(SSG)면세,2026-08-01T22:45:14Z
115348000044,바즈타운 켄터키 스트레이트 버번 750ml,바즈타운,750,55.0,41.25,25.0,USD,59445,liquor,주류/위스키,True,1441.1,신세계(SSG)면세,2026-08-01T22:45:14Z
106938000002,오켄토션 아메리칸 오크 1000ml,오켄토션,1000,59.0,28.03,53.0,USD,40394,liquor,주류/위스키,True,1441.1,신세계(SSG)면세,2026-08-01T22:45:14Z
117218000009,스텔럼 라이750ml,배럴크래프트스피릿,750,99.0,59.4,40.0,USD,85601,,주류/위스키,True,1441.1,신세계(SSG)면세,2026-08-01T22:45:14Z
110738000033,패터캐른 25년 700ml,패터캐른,700,499.0,299.4,40.0,USD,431465,liquor,주류/위스키,True,1441.1,신세계(SSG)면세,2026-08-01T22:45:14Z
114688000037,엘리먼츠오브아일라 캐스크 에디션 700ml,엘리먼츠 오브 아일라,700,79.0,35.55,55.0,USD,51231,liquor,주류/위스키,True,1441.1,신세계(SSG)면세,2026-08-01T22:45:14Z
106938000014,보모어 34년 프랭크 콰이어틀리 4 700ml,보모어,700,3800.0,2470.0,35.0,USD,3559517,,주류/위스키,True,1441.1,신세계(SSG)면세,2026-08-01T22:45:14Z
115958000023,보모어 쉐리 1995 700ml,사마롤리,700,3500.0,2450.0,30.0,USD,3530695,liquor,주류/위스키,True,1441.1,신세계(SSG)면세,2026-08-01T22:45:14Z
115338000006,와일드터키 아메리칸 허니 1000ml,와일드터키,1000,36.0,21.6,40.0,USD,31127,liquor,주류/위스키,True,1441.1,신세계(SSG)면세,2026-08-01T22:45:14Z
114688000061,레벨 100 프루프 버번 750ml,레벨,750,46.0,24.84,46.0,USD,35796,liquor,주류/위스키,True,1441.1,신세계(SSG)면세,2026-08-01T22:45:14Z
115338000038,더 글렌그란트 13년 1000ml,더 글렌그란트,1000,80.0,60.0,25.0,USD,86466,liquor,주류/위스키,True,1441.1,신세계(SSG)면세,2026-08-01T22:45:14Z
115958000017,알타바인 2009 700ml,사마롤리,700,470.0,329.0,30.0,USD,474121,liquor,주류/위스키,True,1441.1,신세계(SSG)면세,2026-08-01T22:45:14Z
106938000010,보모어 30년 700ml,보모어,700,3115.0,1713.25,45.0,USD,2468964,liquor,주류/위스키,True,1441.1,신세계(SSG)면세,2026-08-01T22:45:14Z
114688000047,화이트헤더 21년 700ml,화이트헤더,700,278.0,166.8,40.0,USD,240375,liquor,주류/위스키,True,1441.1,신세계(SSG)면세,2026-08-01T22:45:14Z
106938000006,보모어 36년 프랭크 콰이어틀리 700ml,보모어,700,4000.0,2400.0,40.0,USD,3458640,liquor,주류/위스키,True,1441.1,신세계(SSG)면세,2026-08-01T22:45:14Z
106768000040,웨인 그레츠키 솔티드 카라멜 크림 750ml,웨인그레츠키,750,32.0,17.6,45.0,USD,25363,liquor,주류/위스키,True,1441.1,신세계(SSG)면세,2026-08-01T22:45:14Z
114688000028,글렌알라키 7년 헝가리안 오크 피니쉬 싱글몰트 700ml,글렌알라키,700,157.0,78.5,50.0,USD,113126,liquor,주류/위스키,True,1441.1,신세계(SSG)면세,2026-08-01T22:45:14Z
106768000043,웨인 그레츠키 캐내디안 크림 750ml,웨인그레츠키,750,32.0,17.6,45.0,USD,25363,liquor,주류/위스키,True,1441.1,신세계(SSG)면세,2026-08-01T22:45:14Z
115958000021,쿨일라 PX 쉐리 2007 700ml,사마롤리,700,890.0,623.0,30.0,USD,897805,liquor,주류/위스키,True,1441.1,신세계(SSG)면세,2026-08-01T22:45:14Z
115958000005,라프로익 매그니피코 1997 700ml,사마롤리,700,5754.0,4027.8,30.0,USD,5804462,liquor,주류/위스키,True,1441.1,신세계(SSG)면세,2026-08-01T22:45:14Z
115968000024,블렌디드 몰트 스카치 700ml,동방명,700,278.0,194.6,30.0,USD,280438,liquor,주류/위스키,True,1441.1,신세계(SSG)면세,2026-08-01T22:45:14Z
117218000012,배럴위스키 프라이빗 릴리스 마데이라(광주에디션) 750ml,배럴크래프트스피릿,750,150.0,105.0,30.0,USD,151315,,주류/위스키,True,1441.1,신세계(SSG)면세,2026-08-01T22:45:14Z
116708000001,더 라스트 드롭 48년 700ml,더 라스트 드롭,700,3417.0,2221.05,35.0,USD,3200755,,주류/위스키,True,1441.1,신세계(SSG)면세,2026-08-01T22:45:14Z
106768000044,웨인 그레츠키 메이플 크림 750ml,웨인그레츠키,750,32.0,17.6,45.0,USD,25363,liquor,주류/위스키,True,1441.1,신세계(SSG)면세,2026-08-01T22:45:14Z
110737200011,달모어 40년 700ml,달모어,700,15200.0,14440.0,5.0,USD,20809484,liquor,주류/위스키,True,1441.1,신세계(SSG)면세,2026-08-01T22:45:14Z
115388000003,더 와이즈맨 라이 버번 위스키 700ml,켄터키 아울,700,71.0,33.02,54.0,USD,47585,liquor,주류/위스키,True,1441.1,신세계(SSG)면세,2026-08-01T22:45:14Z
106768000035,쿠라요시 12년 700ml,마츠이,700,187.0,112.85,40.0,USD,162628,liquor,주류/위스키,True,1441.1,신세계(SSG)면세,2026-08-01T22:45:14Z
110798000003,블랙부쉬 80/20PX 1000ml,부쉬밀,1000,50.0,25.03,50.0,USD,36070,liquor,주류/위스키,True,1441.1,신세계(SSG)면세,2026-08-01T22:45:14Z
114698000014,글렌파클라스 더 패밀리 캐스크 1996 700ml,글렌파클라스,700,989.0,692.3,30.0,USD,997673,liquor,주류/위스키,True,1441.1,신세계(SSG)면세,2026-08-01T22:45:14Z
102448000001,탈리스커 서지 700ml,탈리스커,700,123.0,64.21,48.0,USD,92533,liquor,주류/위스키,True,1441.1,신세계(SSG)면세,2026-08-01T22:45:14Z
114698000012,글렌파클라스 더 패밀리 캐스크 1994 700ml,글렌파클라스,700,1210.0,847.0,30.0,USD,1220611,liquor,주류/위스키,True,1441.1,신세계(SSG)면세,2026-08-01T22:45:14Z
106938000008,오켄토션 다크오크 CNY 1000ml,오켄토션,1000,77.0,36.58,53.0,USD,52715,liquor,주류/위스키,True,1441.1,신세계(SSG)면세,2026-08-01T22:45:14Z
114698000013,글렌파클라스 더 패밀리 캐스크 1995 700ml,글렌파클라스,700,1153.0,807.1,30.0,USD,1163111,liquor,주류/위스키,True,1441.1,신세계(SSG)면세,2026-08-01T22:45:14Z
106768000027,니카 테일러드 700ml,니카,700,135.0,81.0,40.0,USD,116729,liquor,주류/위스키,True,1441.1,신세계(SSG)면세,2026-08-01T22:45:14Z
114688000045,맥네어스 자메이카 럼 언피티드 700ml,맥네어스 익스플로레이션 럼,700,89.0,44.5,50.0,USD,64128,liquor,주류/위스키,True,1441.1,신세계(SSG)면세,2026-08-01T22:45:14Z
117148000014,캐스크 오브 린도어스 셰리 벗 II 700ml,린도어스,700,80.0,44.8,44.0,USD,64561,liquor,주류/위스키,True,1441.1,신세계(SSG)면세,2026-08-01T22:45:14Z
116188000004,레드우드 엠파이어 위스키 버번 파이프 드림 750ml,레드우드 엠파이어,750,95.0,52.25,45.0,USD,75297,liquor,주류/위스키,True,1441.1,신세계(SSG)면세,2026-08-01T22:45:14Z
114698000030,글렌파클라스 40년 700ml,글렌파클라스,700,2499.0,1674.33,33.0,USD,2412876,liquor,주류/위스키,True,1441.1,신세계(SSG)면세,2026-08-01T22:45:14Z
114688000069,밀크앤허니 에이펙스 알바 캐스크 700ml,밀크앤허니,700,196.0,88.2,55.0,USD,127105,liquor,주류/위스키,True,1441.1,신세계(SSG)면세,2026-08-01T22:45:14Z
114688000068,밀크앤허니 에이펙스 데킬라 캐스크 700ml,밀크앤허니,700,196.0,88.2,55.0,USD,127105,liquor,주류/위스키,True,1441.1,신세계(SSG)면세,2026-08-01T22:45:14Z
106938000003,오켄토션 블러드 오크 1000ml,오켄토션,1000,107.0,50.83,53.0,USD,73251,liquor,주류/위스키,True,1441.1,신세계(SSG)면세,2026-08-01T22:45:14Z
117108000010,레드브레스트 12년 700ml,제임슨,700,64.0,44.8,30.0,USD,64561,,주류/위스키,True,1441.1,신세계(SSG)면세,2026-08-01T22:45:14Z
114688000043,맥네어스 럼릭 21년 700ml,맥네어스 럼릭,700,317.0,190.2,40.0,USD,274097,liquor,주류/위스키,True,1441.1,신세계(SSG)면세,2026-08-01T22:45:14Z
114698000011,글렌파클라스 더 패밀리 캐스크 1993 700ml,글렌파클라스,700,1323.0,926.1,30.0,USD,1334602,liquor,주류/위스키,True,1441.1,신세계(SSG)면세,2026-08-01T22:45:14Z
115958000014,사마롤리 아데니슬 2023 에디션 700ml,사마롤리,700,196.0,137.2,30.0,USD,197718,liquor,주류/위스키,True,1441.1,신세계(SSG)면세,2026-08-01T22:45:14Z
117148000013,블라드녹 알린타 리저브 700ml,블라드녹,700,195.0,117.0,40.0,USD,168608,liquor,주류/위스키,True,1441.1,신세계(SSG)면세,2026-08-01T22:45:14Z
106828000005,롱몬23년 700ml,시크릿 스페이사이드,700,290.0,203.0,30.0,USD,292543,liquor,주류/위스키,True,1441.1,신세계(SSG)면세,2026-08-01T22:45:14Z
106768000001,쿠라 12년 700ml,쿠라,700,255.0,140.25,45.0,USD,202114,liquor,주류/위스키,True,1441.1,신세계(SSG)면세,2026-08-01T22:45:14Z
102418000012,벤리악 포티 옥타브 40년 700ml,벤리악,700,4900.0,3675.0,25.0,USD,5296042,,주류/위스키,True,1441.1,신세계(SSG)면세,2026-08-01T22:45:14Z
106768000032,슈퍼 니카 700ml,니카,700,68.0,40.8,40.0,USD,58796,liquor,주류/위스키,True,1441.1,신세계(SSG)면세,2026-08-01T22:45:14Z
117148000004,블라드녹 알린타 700ml,블라드녹,700,130.0,78.0,40.0,USD,112405,liquor,주류/위스키,True,1441.1,신세계(SSG)면세,2026-08-01T22:45:14Z
106768000037,마츠이 미즈나라 캐스크 700ml,마츠이,700,95.0,57.33,40.0,USD,82618,liquor,주류/위스키,True,1441.1,신세계(SSG)면세,2026-08-01T22:45:14Z
117938000004,발블레어 15년 1000ml,발블레어,1000,125.0,69.13,45.0,USD,99623,liquor,주류/위스키,True,1441.1,신세계(SSG)면세,2026-08-01T22:45:14Z
106938000016,보모어 40년 2024 700ml,보모어,700,11200.0,7280.0,35.0,USD,10491208,,주류/위스키,True,1441.1,신세계(SSG)면세,2026-08-01T22:45:14Z
111188000060,에반 윌리엄스 파이어 750ml,에반 윌리엄스,750,21.0,11.55,45.0,USD,16644,,주류/위스키,True,1441.1,신세계(SSG)면세,2026-08-01T22:45:14Z
110798000009,부쉬밀 싱글몰트 31년 마데이라 캐스크 700ml,부쉬밀,700,2500.0,1625.0,35.0,USD,2341787,,주류/위스키,True,1441.1,신세계(SSG)면세,2026-08-01T22:45:14Z
106758000011,글렌데브론 40년 700ml,듀어스,700,4900.0,2704.8,45.0,USD,3897887,,주류/위스키,True,1441.1,신세계(SSG)면세,2026-08-01T22:45:14Z
115958000015,사마롤리 아키텍투스 2023 에디션 700ml,사마롤리,700,196.0,137.2,30.0,USD,197718,liquor,주류/위스키,True,1441.1,신세계(SSG)면세,2026-08-01T22:45:14Z
114688000056,조지레무스 스트레이트 버번 750ml,조지레무스,750,97.0,67.9,30.0,USD,97850,liquor,주류/위스키,True,1441.1,신세계(SSG)면세,2026-08-01T22:45:14Z
102478000008,람베이 위스키 아이리시 몰트 700ml,까뮤,700,70.0,33.6,52.0,USD,48420,liquor,주류/위스키,True,1441.1,신세계(SSG)면세,2026-08-01T22:45:14Z
106938000022,아드모어 트리플우드 1000ml,아드모어,1000,84.0,43.85,48.0,USD,63192,liquor,주류/위스키,True,1441.1,신세계(SSG)면세,2026-08-01T22:45:14Z
114688000044,맥네어스 자메이카 럼 피티드 700ml,맥네어스 익스플로레이션 럼,700,100.0,50.0,50.0,USD,72055,liquor,주류/위스키,True,1441.1,신세계(SSG)면세,2026-08-01T22:45:14Z
102428000001,시바스리갈 13년 럼 캐스크 1000ml,시바스리갈,1000,58.0,40.6,30.0,USD,58508,liquor,주류/위스키,True,1441.1,신세계(SSG)면세,2026-08-01T22:45:14Z
117148000015,페이블 챕터2 포크 - 링크우드 700ml,페이블,700,170.0,107.1,37.0,USD,154341,liquor,주류/위스키,True,1441.1,신세계(SSG)면세,2026-08-01T22:45:14Z
110738000027,달모어 28년 700ml,달모어,700,4550.0,4322.5,5.0,USD,6229154,liquor,주류/위스키,True,1441.1,신세계(SSG)면세,2026-08-01T22:45:14Z
115968000023,쿨일라 2007 8년 700ml,동방명,700,360.0,252.0,30.0,USD,363157,liquor,주류/위스키,True,1441.1,신세계(SSG)면세,2026-08-01T22:45:14Z
106768000003,마르스 이와이 트레디션 750ml,마르스위스키,750,83.0,45.65,45.0,USD,65786,liquor,주류/위스키,True,1441.1,신세계(SSG)면세,2026-08-01T22:45:14Z
106768000010,마르스 이와이 750ml,마르스위스키,750,65.0,35.75,45.0,USD,51519,liquor,주류/위스키,True,1441.1,신세계(SSG)면세,2026-08-01T22:45:14Z
106768000014,우미키 750ml,우미키,750,73.0,51.1,30.0,USD,73640,liquor,주류/위스키,True,1441.1,신세계(SSG)면세,2026-08-01T22:45:14Z
114688000081,미클토어 더 오리지날 싱글몰트 위스키 700ml,미클토어,700,92.0,46.0,50.0,USD,66290,,주류/위스키,True,1441.1,신세계(SSG)면세,2026-08-01T22:45:14Z
110737200017,달모어 컨스텔레이션 1973 700ml,달모어,700,27938.0,26541.1,5.0,USD,38248379,liquor,주류/위스키,True,1441.1,신세계(SSG)면세,2026-08-01T22:45:14Z
114688000058,조지레무스 스트레이트 버번 리필 리저브 #7 750ml,조지레무스,750,260.0,182.0,30.0,USD,262280,liquor,주류/위스키,True,1441.1,신세계(SSG)면세,2026-08-01T22:45:14Z
117148000010,린도어스 코리아익스클루시브 스몰배치 700ml,린도어스,700,80.0,44.8,44.0,USD,64561,liquor,주류/위스키,True,1441.1,신세계(SSG)면세,2026-08-01T22:45:14Z
114688000003,스타워드 포티스 700ml,스타워드,700,111.0,77.7,30.0,USD,111973,liquor,주류/위스키,True,1441.1,신세계(SSG)면세,2026-08-01T22:45:14Z
110738000026,달모어 45년 2024년 에디션 700ml,달모어,700,24750.0,23512.5,5.0,USD,33883863,,주류/위스키,True,1441.1,신세계(SSG)면세,2026-08-01T22:45:14Z
115958000024,글렌 그란트 1993 700ml,사마롤리,700,3622.0,2535.4,30.0,USD,3653764,liquor,주류/위스키,True,1441.1,신세계(SSG)면세,2026-08-01T22:45:14Z
114688000041,미클토어 친커핀 700ml,미클토어,700,91.0,45.5,50.0,USD,65570,liquor,주류/위스키,True,1441.1,신세계(SSG)면세,2026-08-01T22:45:14Z
117938000001,올드풀티니 13년 1000ml,올드풀티니,1000,87.0,48.72,44.0,USD,70210,liquor,주류/위스키,True,1441.1,신세계(SSG)면세,2026-08-01T22:45:14Z
117148000003,블라드녹 비나야 700ml,블라드녹,700,65.0,39.0,40.0,USD,56202,liquor,주류/위스키,True,1441.1,신세계(SSG)면세,2026-08-01T22:45:14Z
117148000005,블라드녹 11년 버번 700ml,블라드녹,700,125.0,75.0,40.0,USD,108082,liquor,주류/위스키,True,1441.1,신세계(SSG)면세,2026-08-01T22:45:14Z
117148000019,블라드녹 삼사라 700ml,블라드녹,700,130.0,78.0,40.0,USD,112405,liquor,주류/위스키,True,1441.1,신세계(SSG)면세,2026-08-01T22:45:14Z
110738000025,달모어 40년 2024년 에디션 700ml,달모어,700,15200.0,14440.0,5.0,USD,20809484,,주류/위스키,True,1441.1,신세계(SSG)면세,2026-08-01T22:45:14Z
114688000057,조지레무스 스트레이트 버번 리필 리저브 #6 750ml,조지레무스,750,201.0,140.7,30.0,USD,202762,liquor,주류/위스키,True,1441.1,신세계(SSG)면세,2026-08-01T22:45:14Z
114698000005,글렌파클라스 35년 700ml,글렌파클라스,700,1346.0,895.09,34.0,USD,1289914,liquor,주류/위스키,True,1441.1,신세계(SSG)면세,2026-08-01T22:45:14Z
117108000003,제임슨 트리플 트리플 1000ml,제임슨,1000,47.0,32.9,30.0,USD,47412,,주류/위스키,True,1441.1,신세계(SSG)면세,2026-08-01T22:45:14Z
117148000007,린도어스 MCDXCIV - 1494 코어 700ml,린도어스,700,63.0,35.28,44.0,USD,50842,liquor,주류/위스키,True,1441.1,신세계(SSG)면세,2026-08-01T22:45:14Z
115958000022,아드모어 2002 700ml,사마롤리,700,1140.0,798.0,30.0,USD,1149997,liquor,주류/위스키,True,1441.1,신세계(SSG)면세,2026-08-01T22:45:14Z
106938000009,보모어 33년 타임리스 700ml,보모어,700,2800.0,1960.0,30.0,USD,2824556,liquor,주류/위스키,True,1441.1,신세계(SSG)면세,2026-08-01T22:45:14Z
110858000001,탈버트 블렌디드 몰트 위스키 700ml,단즈카,700,56.0,32.93,41.0,USD,47455,liquor,주류/위스키,True,1441.1,신세계(SSG)면세,2026-08-01T22:45:14Z
114698000001,커리지 앤 컨빅션 뀌베 캐스크 750ml,씨앤씨,750,125.0,62.5,50.0,USD,90068,liquor,주류/위스키,True,1441.1,신세계(SSG)면세,2026-08-01T22:45:14Z
115968000002,스페이사이드 몰트 1967 50년 용 49% 700ml,동방명,700,5353.0,3747.1,30.0,USD,5399945,liquor,주류/위스키,True,1441.1,신세계(SSG)면세,2026-08-01T22:45:14Z
117938000008,스페이번 보르도 레드 와인 캐스크 1000ml,스페이번,1000,59.0,32.63,45.0,USD,47023,liquor,주류/위스키,True,1441.1,신세계(SSG)면세,2026-08-01T22:45:14Z
117108000004,제임슨 블랙배럴 1000ml,제임슨,1000,59.0,38.41,35.0,USD,55352,,주류/위스키,True,1441.1,신세계(SSG)면세,2026-08-01T22:45:14Z
117148000008,캐스크 오브 린도어스 STR II 700ml,린도어스,700,80.0,44.8,44.0,USD,64561,liquor,주류/위스키,True,1441.1,신세계(SSG)면세,2026-08-01T22:45:14Z
115968000005,스페이사이드 몰트 1967 50년 호 54% 700ml,동방명,700,5353.0,3747.1,30.0,USD,5399945,liquor,주류/위스키,True,1441.1,신세계(SSG)면세,2026-08-01T22:45:14Z
114688000042,맥네어스 럼릭 12년 700ml,맥네어스 럼릭,700,106.0,63.6,40.0,USD,91653,liquor,주류/위스키,True,1441.1,신세계(SSG)면세,2026-08-01T22:45:14Z
114688000063,럭스로우 포 그레인 더블 배럴 750ml,레벨,750,198.0,106.92,46.0,USD,154082,liquor,주류/위스키,True,1441.1,신세계(SSG)면세,2026-08-01T22:45:14Z
114688000046,화이트헤더 15년 700ml,화이트헤더,700,126.0,75.6,40.0,USD,108947,liquor,주류/위스키,True,1441.1,신세계(SSG)면세,2026-08-01T22:45:14Z
115348000021,스카라버스 아일레이 싱글몰트 위스키 700ml,스카라버스,700,60.0,33.0,45.0,USD,47556,liquor,주류/위스키,True,1441.1,신세계(SSG)면세,2026-08-01T22:45:14Z
117938000007,스페이번 켄터키 버번 캐스크 1000ml,스페이번,1000,52.0,28.76,45.0,USD,41446,liquor,주류/위스키,True,1441.1,신세계(SSG)면세,2026-08-01T22:45:14Z
115338000025,윌더니스 트레일 켄터키 스트레이트 휘티드 버번 750ml,윌더니스 트레일,750,50.0,28.7,43.0,USD,41359,,주류/위스키,True,1441.1,신세계(SSG)면세,2026-08-01T22:45:14Z
114688000060,레벨 켄터키 스트레이트 라이 750ml,레벨,750,46.0,24.84,46.0,USD,35796,liquor,주류/위스키,True,1441.1,신세계(SSG)면세,2026-08-01T22:45:14Z
106768000030,마츠이 사쿠라 캐스크 700ml,마츠이,700,95.0,57.33,40.0,USD,82618,liquor,주류/위스키,True,1441.1,신세계(SSG)면세,2026-08-01T22:45:14Z
106768000018,카미키 사쿠라 750ml,카미키,750,119.0,67.83,43.0,USD,97749,liquor,주류/위스키,True,1441.1,신세계(SSG)면세,2026-08-01T22:45:14Z
115338000026,윌더니스 트레일 켄터키 스트레이트 하이 라이 버번 750ml,윌더니스 트레일,750,55.0,31.57,43.0,USD,45495,,주류/위스키,True,1441.1,신세계(SSG)면세,2026-08-01T22:45:14Z
117148000012,페이블 챕터7 파이퍼 - 글렌엘긴 700ml,페이블,700,170.0,107.1,37.0,USD,154341,liquor,주류/위스키,True,1441.1,신세계(SSG)면세,2026-08-01T22:45:14Z
114688000062,레벨 버번 까베르네 소비뇽 피니쉬 750ml,레벨,750,67.0,36.18,46.0,USD,52139,liquor,주류/위스키,True,1441.1,신세계(SSG)면세,2026-08-01T22:45:14Z
102478000009,람베이 위스키 싱글몰트 시리즈 배치 700ml,까뮤,700,106.0,58.3,45.0,USD,84016,liquor,주류/위스키,True,1441.1,신세계(SSG)면세,2026-08-01T22:45:14Z
115348000022,스카라버스 배치 스트렝스 700ml,스카라버스,700,65.0,35.75,45.0,USD,51519,liquor,주류/위스키,True,1441.1,신세계(SSG)면세,2026-08-01T22:45:14Z
115408000002,카이오 더 시그니처 750ml,카이오,750,115.0,63.25,45.0,USD,91149,liquor,주류/위스키,True,1441.1,신세계(SSG)면세,2026-08-01T22:45:14Z
106768000008,카미키 인텐스 750ml,카미키,750,119.0,67.83,43.0,USD,97749,liquor,주류/위스키,True,1441.1,신세계(SSG)면세,2026-08-01T22:45:14Z
117148000016,페이블 챕터3 문 - 달유인 700ml,페이블,700,170.0,107.1,37.0,USD,154341,liquor,주류/위스키,True,1441.1,신세계(SSG)면세,2026-08-01T22:45:14Z
116188000001,레드우드 엠파이어 위스키 블렌드 로스트 모나크 750ml,레드우드 엠파이어,750,95.0,52.25,45.0,USD,75297,liquor,주류/위스키,True,1441.1,신세계(SSG)면세,2026-08-01T22:45:14Z
116188000005,레드우드 엠파이어 위스키 라이 에메랄드 자이언트 750ml,레드우드 엠파이어,750,95.0,52.25,45.0,USD,75297,liquor,주류/위스키,True,1441.1,신세계(SSG)면세,2026-08-01T22:45:14Z
115968000004,스페이사이드 몰트 1967 50년 호 49% 700ml,동방명,700,5353.0,3747.1,30.0,USD,5399945,liquor,주류/위스키,True,1441.1,신세계(SSG)면세,2026-08-01T22:45:14Z
110738000013,섀클턴 1000ml,섀클턴,1000,58.0,34.8,40.0,USD,50150,liquor,주류/위스키,True,1441.1,신세계(SSG)면세,2026-08-01T22:45:14Z
106768000026,쿠라요시 쉐리 캐스크 700ml,마츠이,700,105.0,63.37,40.0,USD,91322,liquor,주류/위스키,True,1441.1,신세계(SSG)면세,2026-08-01T22:45:14Z
115338000027,윌더니스 트레일 켄터키 스트레이트 라이 750ml,윌더니스 트레일,750,50.0,28.7,43.0,USD,41359,,주류/위스키,True,1441.1,신세계(SSG)면세,2026-08-01T22:45:14Z
117148000023,페이블 챕터11 고스트 - 글렌스페이 700ml,페이블,700,170.0,107.1,37.0,USD,154341,liquor,주류/위스키,True,1441.1,신세계(SSG)면세,2026-08-01T22:45:14Z
106768000042,웨인 그레츠키 99 프루프 1000ml,웨인그레츠키,1000,107.0,58.85,45.0,USD,84808,liquor,주류/위스키,True,1441.1,신세계(SSG)면세,2026-08-01T22:45:14Z
115348000023,스카라버스 10년 700ml,스카라버스,700,85.0,46.75,45.0,USD,67371,liquor,주류/위스키,True,1441.1,신세계(SSG)면세,2026-08-01T22:45:14Z
106768000029,마츠이 피티드 700ml,마츠이,700,95.0,57.33,40.0,USD,82618,liquor,주류/위스키,True,1441.1,신세계(SSG)면세,2026-08-01T22:45:14Z
106768000019,쿠라 8년 700ml,쿠라,700,202.0,111.1,45.0,USD,160106,liquor,주류/위스키,True,1441.1,신세계(SSG)면세,2026-08-01T22:45:14Z
117938000009,스페이번 헤레즈 셰리 캐스크 1000ml,스페이번,1000,72.0,39.82,45.0,USD,57384,liquor,주류/위스키,True,1441.1,신세계(SSG)면세,2026-08-01T22:45:14Z
117148000018,페이블 챕터6 크로우스 - 블레어아솔 700ml,페이블,700,170.0,107.1,37.0,USD,154341,liquor,주류/위스키,True,1441.1,신세계(SSG)면세,2026-08-01T22:45:14Z
117148000001,페이블 챕터4 베이 - 벤리네스 700ml,페이블,700,170.0,107.1,37.0,USD,154341,liquor,주류/위스키,True,1441.1,신세계(SSG)면세,2026-08-01T22:45:14Z
117148000009,페이블 챕터9 스톰 - 오크로이스크 700ml,페이블,700,170.0,107.1,37.0,USD,154341,liquor,주류/위스키,True,1441.1,신세계(SSG)면세,2026-08-01T22:45:14Z
115968000003,스페이사이드 몰트 1967 50년 용 54% 700ml,동방명,700,5353.0,3747.1,30.0,USD,5399945,liquor,주류/위스키,True,1441.1,신세계(SSG)면세,2026-08-01T22:45:14Z
115348000026,히브리디언 저니 블렌디드 몰트 위스키 700ml,스카라버스,700,55.0,30.25,45.0,USD,43593,liquor,주류/위스키,True,1441.1,신세계(SSG)면세,2026-08-01T22:45:14Z
106768000045,웨인 그레츠키 아이스 캐스크 1000ml,웨인그레츠키,1000,69.0,37.95,45.0,USD,54689,liquor,주류/위스키,True,1441.1,신세계(SSG)면세,2026-08-01T22:45:14Z
106768000036,쿠라요시 레귤러 700ml,마츠이,700,94.0,56.73,40.0,USD,81753,liquor,주류/위스키,True,1441.1,신세계(SSG)면세,2026-08-01T22:45:14Z
106768000021,쿠라 클래식 700ml,쿠라,700,125.0,68.75,45.0,USD,99075,liquor,주류/위스키,True,1441.1,신세계(SSG)면세,2026-08-01T22:45:14Z
117148000022,페이블 챕터10 래버린스 - 인치고어 700ml,페이블,700,170.0,107.1,37.0,USD,154341,liquor,주류/위스키,True,1441.1,신세계(SSG)면세,2026-08-01T22:45:14Z
106768000013,쿠라 럼 캐스크 700ml,쿠라,700,135.0,74.25,45.0,USD,107001,liquor,주류/위스키,True,1441.1,신세계(SSG)면세,2026-08-01T22:45:14Z
115348000024,아일레이저니 블렌디드 몰트 위스키 700ml,스카라버스,700,55.0,30.25,45.0,USD,43593,liquor,주류/위스키,True,1441.1,신세계(SSG)면세,2026-08-01T22:45:14Z
117148000021,페이블 챕터8 페어리스 - 티니닉 700ml,페이블,700,170.0,107.1,37.0,USD,154341,liquor,주류/위스키,True,1441.1,신세계(SSG)면세,2026-08-01T22:45:14Z
117148000024,블라드녹 리오라 700ml,블라드녹,700,110.0,66.0,40.0,USD,95112,liquor,주류/위스키,True,1441.1,신세계(SSG)면세,2026-08-01T22:45:14Z
114688000012,밀크앤허니 쉐리 캐스크700ml,밀크앤허니,700,119.0,65.45,45.0,USD,94320,liquor,주류/위스키,True,1441.1,신세계(SSG)면세,2026-08-01T22:45:14Z
114688000074,스토크 라이 몰트 700ml,스토크 클럽,700,100.0,55.0,45.0,USD,79260,liquor,주류/위스키,True,1441.1,신세계(SSG)면세,2026-08-01T22:45:14Z
117148000017,페이블 챕터5 하운드 - 마녹모어 700ml,페이블,700,170.0,107.1,37.0,USD,154341,liquor,주류/위스키,True,1441.1,신세계(SSG)면세,2026-08-01T22:45:14Z
115348000025,하이랜드 저니 블랜디드 몰트위스키 700ml,스카라버스,700,55.0,30.25,45.0,USD,43593,liquor,주류/위스키,True,1441.1,신세계(SSG)면세,2026-08-01T22:45:14Z
114688000075,스토크 스트레이트 라이 700ml,스토크 클럽,700,58.0,31.9,45.0,USD,45971,liquor,주류/위스키,True,1441.1,신세계(SSG)면세,2026-08-01T22:45:14Z
114688000011,밀크앤허니 피티드 700ml,밀크앤허니,700,105.0,63.0,40.0,USD,90789,liquor,주류/위스키,True,1441.1,신세계(SSG)면세,2026-08-01T22:45:14Z
114688000005,스타워드 노바 700ml,스타워드,700,81.0,56.7,30.0,USD,81710,liquor,주류/위스키,True,1441.1,신세계(SSG)면세,2026-08-01T22:45:14Z
115348000013,카발란 비노바리끄 솔리스트 1000ml,카발란,1000,230.0,138.0,40.0,USD,198871,liquor,주류/위스키,True,1441.1,신세계(SSG)면세,2026-08-01T22:45:14Z
115348000019,카발란 페드로히메네즈 솔리스트 750ml,카발란,750,399.0,339.15,15.0,USD,488749,liquor,주류/위스키,True,1441.1,신세계(SSG)면세,2026-08-01T22:45:14Z
114688000093,글렌알라키 21년 배치5 700ml,글렌알라키,700,643.0,450.1,30.0,USD,648639,liquor,주류/위스키,True,1441.1,신세계(SSG)면세,2026-08-01T22:45:14Z
102408000020,글렌모렌지 시그넷 700ml,글렌모렌지,700,198.0,168.3,15.0,USD,242537,liquor,주류/위스키,True,1441.1,신세계(SSG)면세,2026-08-01T22:45:14Z
106858000013,브룩라디 옥토모어 14.3 700ml,브룩라디,700,230.0,207.0,10.0,USD,298307,liquor,주류/위스키,True,1441.1,신세계(SSG)면세,2026-08-01T22:45:14Z
115348000012,카발란 피노 솔리스트 1000ml,카발란,1000,380.0,304.0,20.0,USD,438094,liquor,주류/위스키,True,1441.1,신세계(SSG)면세,2026-08-01T22:45:14Z
102437200011,로얄살루트 32년 더 프레셔스 주얼 500ml,로얄 살루트,500,447.0,335.25,25.0,USD,483128,liquor,주류/위스키,True,1441.1,신세계(SSG)면세,2026-08-01T22:45:14Z
115348000007,카발란 모스카텔 솔리스트 750ml,카발란,750,320.0,272.0,15.0,USD,391979,liquor,주류/위스키,True,1441.1,신세계(SSG)면세,2026-08-01T22:45:14Z
106828000006,글렌키스21년 700ml,시크릿 스페이사이드,700,180.0,108.36,40.0,USD,156157,liquor,주류/위스키,True,1441.1,신세계(SSG)면세,2026-08-01T22:45:14Z
110738000011,달모어 킹 알렉산더 3세 TRX 700ml,달모어,700,313.0,297.35,5.0,USD,428511,liquor,주류/위스키,True,1441.1,신세계(SSG)면세,2026-08-01T22:45:14Z
115968000034,페터캐른 34년 1990 700ml,동방명,700,420.0,294.0,30.0,USD,423683,,주류/위스키,True,1441.1,신세계(SSG)면세,2026-08-01T22:45:14Z
114688000089,글렌알라키 17Y 미즈나라 700ml,글렌알라키,700,380.0,304.0,20.0,USD,438094,liquor,주류/위스키,True,1441.1,신세계(SSG)면세,2026-08-01T22:45:14Z
115338000032,[검수완료/박스이염] 와일드터키 마스터스 킵 보야지 750ml (박스포함),와일드터키,750,130.0,110.5,15.0,USD,159241,liquor,주류/위스키,True,1441.1,신세계(SSG)면세,2026-08-01T22:45:14Z
115348000020,카발란 만자이나 솔리스트 750ml,카발란,750,320.0,272.0,15.0,USD,391979,liquor,주류/위스키,True,1441.1,신세계(SSG)면세,2026-08-01T22:45:14Z
102418000027,잭다니엘 싱글배럴 배럴스트렝스 700ml,잭다니엘,700,95.0,80.75,15.0,USD,116368,liquor,주류/위스키,True,1441.1,신세계(SSG)면세,2026-08-01T22:45:14Z
102418000015,벤리악 포 캐스크 30년 700ml,벤리악,700,820.0,582.2,29.0,USD,839008,,주류/위스키,True,1441.1,신세계(SSG)면세,2026-08-01T22:45:14Z
115338000030,와일드터키 마스터스 킵 트라이엄프 750ml,와일드터키,750,175.0,148.75,15.0,USD,214363,liquor,주류/위스키,True,1441.1,신세계(SSG)면세,2026-08-01T22:45:14Z
115348000004,카발란 올로로소 솔리스트 1000ml,카발란,1000,190.0,161.5,15.0,USD,232737,liquor,주류/위스키,True,1441.1,신세계(SSG)면세,2026-08-01T22:45:14Z
102447200041,몰트락 20년 750ml,몰트락,750,275.0,220.0,20.0,USD,317042,,주류/위스키,True,1441.1,신세계(SSG)면세,2026-08-01T22:45:14Z
117148000028,블라드녹 싱글캐스크 2001 아몬틸라도 쉐리 혹스헤드 700ml,블라드녹,700,799.0,639.2,20.0,USD,921151,,주류/위스키,True,1441.1,신세계(SSG)면세,2026-08-01T22:45:14Z
278058000002,KIMCHANGSOO WHISKY TRAVEL EXCLUSIVE 700ml,김창수위스키,700,170.0,170.0,0.0,USD,244987,,주류/위스키,True,1441.1,신세계(SSG)면세,2026-08-01T22:45:14Z
102418000038,"잭다니엘 싱글배럴 헤리티지 1,000ml",잭다니엘,1000,86.0,73.1,15.0,USD,105344,liquor,주류/위스키,True,1441.1,신세계(SSG)면세,2026-08-01T22:45:14Z
106768000063,산토리 하쿠슈 코게이 700ml,산토리,700,230.0,230.0,0.0,USD,331453,liquor,주류/위스키,True,1441.1,신세계(SSG)면세,2026-08-01T22:45:14Z
115378000016,웰러 12년 1000ml,버팔로 트레이스,1000,148.0,140.6,5.0,USD,202618,,주류/위스키,True,1441.1,신세계(SSG)면세,2026-08-01T22:45:14Z
115378000005,E.H. 테일러 스몰 배치 750ml,버팔로 트레이스,750,84.0,79.8,5.0,USD,114999,,주류/위스키,True,1441.1,신세계(SSG)면세,2026-08-01T22:45:14Z
115338000034,더 글렌그란트 2006 프라이빗 캐스크 700ml,더 글렌그란트,700,199.0,119.4,40.0,USD,172067,liquor,주류/위스키,True,1441.1,신세계(SSG)면세,2026-08-01T22:45:14Z
115338000022,와일드터키 마스터스 킵 언포가튼 750ml,와일드터키,750,140.0,119.0,15.0,USD,171490,,주류/위스키,True,1441.1,신세계(SSG)면세,2026-08-01T22:45:14Z
115968000014,패터캐른 1988 27년 700ml,동방명,700,518.0,362.6,30.0,USD,522542,liquor,주류/위스키,True,1441.1,신세계(SSG)면세,2026-08-01T22:45:14Z
106768000059,산토리 토키 블랙 1000ml,산토리,1000,55.0,30.25,45.0,USD,43593,,주류/위스키,True,1441.1,신세계(SSG)면세,2026-08-01T22:45:14Z
117148000011,[2024 릴리즈] 블라드녹 19년 PX 셰리 700ml,블라드녹,700,305.0,244.0,20.0,USD,351628,liquor,주류/위스키,True,1441.1,신세계(SSG)면세,2026-08-01T22:45:14Z
117938000003,올드풀티니 25년 700ml,올드풀티니,700,840.0,546.84,35.0,USD,788051,liquor,주류/위스키,True,1441.1,신세계(SSG)면세,2026-08-01T22:45:14Z
117438000001,컴파스 박스 시크릿 오브 스모크 700ml,컴파스 박스,700,153.0,84.15,45.0,USD,121268,,주류/위스키,True,1441.1,신세계(SSG)면세,2026-08-01T22:45:14Z
102448000022,글렌킨치 27년 SR FY24 700ml(2023 Special Release),탈리스커,700,408.0,244.8,40.0,USD,352781,liquor,주류/위스키,True,1441.1,신세계(SSG)면세,2026-08-01T22:45:14Z
114698000042,글렌파클라스 패밀리 캐스크 2001_S24 700ml,글렌파클라스,700,670.0,469.0,30.0,USD,675875,liquor,주류/위스키,True,1441.1,신세계(SSG)면세,2026-08-01T22:45:14Z
106758000022,NEW 올트모어 25년 (1st fill 올로로소 쉐리) 500ml,올트모어,500,443.0,231.47,48.0,USD,333571,,주류/위스키,True,1441.1,신세계(SSG)면세,2026-08-01T22:45:14Z
102448000039,싱글톤 가든스 오브 어번던스 - 딥 포레스트 리치700ml,싱글톤,700,280.0,148.4,47.0,USD,213859,liquor,주류/위스키,True,1441.1,신세계(SSG)면세,2026-08-01T22:45:14Z
115968000033,링크우드 32년 1992 700ml,동방명,700,499.0,424.15,15.0,USD,611242,liquor,주류/위스키,True,1441.1,신세계(SSG)면세,2026-08-01T22:45:14Z
117928000002,글렌고인 15년 PX 에디션 700ml,글렌고인,700,120.0,78.0,35.0,USD,112405,liquor,주류/위스키,True,1441.1,신세계(SSG)면세,2026-08-01T22:45:14Z
115378000034,웰러 18년 700ml,버팔로 트레이스,700,750.0,750.0,0.0,USD,1080825,,주류/위스키,True,1441.1,신세계(SSG)면세,2026-08-01T22:45:14Z
106758000015,올트모어 19년 CS 한정판 (토니포트) 700ml,올트모어,700,360.0,205.2,43.0,USD,295713,liquor,주류/위스키,True,1441.1,신세계(SSG)면세,2026-08-01T22:45:14Z
106848000007,맥캘란 컬러 컬렉션 15Y 700ml,더 맥켈란,700,168.0,159.6,5.0,USD,229999,,주류/위스키,True,1441.1,신세계(SSG)면세,2026-08-01T22:45:14Z
115338000021,와일드터키 마스터스 킵 보야지 750ml,와일드터키,750,174.0,147.9,15.0,USD,213138,,주류/위스키,True,1441.1,신세계(SSG)면세,2026-08-01T22:45:14Z
106768000024,히비키 마스터즈 셀렉트 스페셜 에디션 700ml,산토리,700,238.0,238.0,0.0,USD,342981,liquor,주류/위스키,True,1441.1,신세계(SSG)면세,2026-08-01T22:45:14Z
115338000031,와일드터키 마스터스 킵 언포가튼 750ml (상품박스 미포함),와일드터키,750,100.0,85.0,15.0,USD,122493,liquor,주류/위스키,True,1441.1,신세계(SSG)면세,2026-08-01T22:45:14Z
117768000001,김창수초이스2 - 스페이사이드 700ml,김창수초이스,700,150.0,150.0,0.0,USD,216165,,주류/위스키,True,1441.1,신세계(SSG)면세,2026-08-01T22:45:14Z
106858000001,브룩라디 포트샬롯 10 1000ml,브룩라디,1000,115.0,69.0,40.0,USD,99435,liquor,주류/위스키,True,1441.1,신세계(SSG)면세,2026-08-01T22:45:14Z
102448000041,조니워커 블루 아이스 샬레 750ml,조니워커,750,330.0,231.0,30.0,USD,332894,liquor,주류/위스키,True,1441.1,신세계(SSG)면세,2026-08-01T22:45:14Z
102448000026,로즈아일 12년 SR FY24 700ml(2023 Special Release),탈리스커,700,144.0,86.4,40.0,USD,124511,liquor,주류/위스키,True,1441.1,신세계(SSG)면세,2026-08-01T22:45:14Z
106778000006,메이커스 마크 캐스크 스트렝쓰 700ml,메이커스 마크,700,88.0,42.59,52.0,USD,61376,liquor,주류/위스키,True,1441.1,신세계(SSG)면세,2026-08-01T22:45:14Z
106828000004,롱몬 18년 700ml,시크릿 스페이사이드,700,100.0,70.0,30.0,USD,100877,liquor,주류/위스키,True,1441.1,신세계(SSG)면세,2026-08-01T22:45:14Z
117218000008,배럴 도브테일750ml,배럴크래프트스피릿,750,139.0,83.4,40.0,USD,120187,,주류/위스키,True,1441.1,신세계(SSG)면세,2026-08-01T22:45:14Z
106758000006,듀어스 더블더블 32년 500ml,듀어스,500,400.0,240.0,40.0,USD,345864,liquor,주류/위스키,True,1441.1,신세계(SSG)면세,2026-08-01T22:45:14Z
115348000001,폴존 피티드 1000ml,폴존,1000,100.0,43.0,57.0,USD,61967,liquor,주류/위스키,True,1441.1,신세계(SSG)면세,2026-08-01T22:45:14Z
106988000004,라프로익 25년 베시 윌리엄슨 700ml,라프로익,700,603.0,453.46,25.0,USD,653481,liquor,주류/위스키,True,1441.1,신세계(SSG)면세,2026-08-01T22:45:14Z
278058000001,김창수 위스키 김포 더 퍼스트 에디션 2024 700ml,김창수위스키,700,150.0,150.0,0.0,USD,216165,liquor,주류/위스키,True,1441.1,신세계(SSG)면세,2026-08-01T22:45:14Z
117218000011,배럴 씨그라스 골드 20년 750ml,배럴크래프트스피릿,750,500.0,425.0,15.0,USD,612467,,주류/위스키,True,1441.1,신세계(SSG)면세,2026-08-01T22:45:14Z
114688000039,글렌알라키 10년 CS 배치 10 700ml,글렌알라키,700,125.0,68.75,45.0,USD,99075,liquor,주류/위스키,True,1441.1,신세계(SSG)면세,2026-08-01T22:45:14Z
106758000012,듀어스 더블더블 21년 미즈나라 캐스크 500ml,듀어스,500,174.0,104.4,40.0,USD,150450,liquor,주류/위스키,True,1441.1,신세계(SSG)면세,2026-08-01T22:45:14Z
102448000052,조니워커 블루라벨 신년 에디션 (말의 해) 750ml,조니워커,750,272.0,244.8,10.0,USD,352781,liquor,주류/위스키,True,1441.1,신세계(SSG)면세,2026-08-01T22:45:14Z
106937200006,보모어 18년 700ml,보모어,700,155.0,139.5,10.0,USD,201033,liquor,주류/위스키,True,1441.1,신세계(SSG)면세,2026-08-01T22:45:14Z
115388000005,타쿠미 리미티드 에디션 700ml,켄터키 아울,700,188.0,104.9,44.0,USD,151171,liquor,주류/위스키,True,1441.1,신세계(SSG)면세,2026-08-01T22:45:14Z
106988000034,라프로익 12년 700ml,라프로익,700,70.0,38.5,45.0,USD,55482,liquor,주류/위스키,True,1441.1,신세계(SSG)면세,2026-08-01T22:45:14Z
110738000044,[면세한정] 달모어 13년 PX 쉐리캐스크 700ml,달모어,700,80.0,76.0,5.0,USD,109523,liquor,주류/위스키,True,1441.1,신세계(SSG)면세,2026-08-01T22:45:14Z
111188000040,파커스 헤리티지 컬렉션 더블 배럴 블랜드 750ml,헤븐힐디스틸러리,750,799.0,679.15,15.0,USD,978723,,주류/위스키,True,1441.1,신세계(SSG)면세,2026-08-01T22:45:14Z
106828000009,글렌키스 25년 700ml,시크릿 스페이사이드,700,380.0,266.0,30.0,USD,383332,liquor,주류/위스키,True,1441.1,신세계(SSG)면세,2026-08-01T22:45:14Z
117218000016,배럴위스키 프라이빗 릴리스 루비포트(대구에디션) 750ml,배럴크래프트스피릿,750,150.0,105.0,30.0,USD,151315,,주류/위스키,True,1441.1,신세계(SSG)면세,2026-08-01T22:45:14Z
114688000001,글렌알라키 12년 700ml,글렌알라키,700,107.0,58.85,45.0,USD,84808,liquor,주류/위스키,True,1441.1,신세계(SSG)면세,2026-08-01T22:45:14Z
106848000005,맥캘란 컬러 컬렉션 18Y 700ml,더 맥켈란,700,353.0,335.35,5.0,USD,483272,,주류/위스키,True,1441.1,신세계(SSG)면세,2026-08-01T22:45:14Z
115338000012,더 글렌그란트 12년 1000ml,더 글렌그란트,1000,78.0,37.44,52.0,USD,53954,liquor,주류/위스키,True,1441.1,신세계(SSG)면세,2026-08-01T22:45:14Z
106768000051,Toki  1000ml,산토리,1000,51.0,24.99,51.0,USD,36013,,주류/위스키,True,1441.1,신세계(SSG)면세,2026-08-01T22:45:14Z
111038000001,발베니 클래식 700ml,발베니,700,101.0,65.65,35.0,USD,94608,liquor,주류/위스키,True,1441.1,신세계(SSG)면세,2026-08-01T22:45:14Z
114688000079,올드풀트니 허다트 700ml,올드풀트니,700,94.0,42.77,55.0,USD,61635,liquor,주류/위스키,True,1441.1,신세계(SSG)면세,2026-08-01T22:45:14Z
114688000072,스타워드 옥타브 배럴 700ml,스타워드,700,170.0,85.0,50.0,USD,122493,liquor,주류/위스키,True,1441.1,신세계(SSG)면세,2026-08-01T22:45:14Z
115348000010,폴존 px쉐리 700ml,폴존,700,105.0,73.5,30.0,USD,105920,liquor,주류/위스키,True,1441.1,신세계(SSG)면세,2026-08-01T22:45:14Z
106847200007,맥켈란 이니그마 700ml,더 맥켈란,700,334.0,334.0,0.0,USD,481327,liquor,주류/위스키,True,1441.1,신세계(SSG)면세,2026-08-01T22:45:14Z
106767200002,치타 700ml,산토리,700,73.0,35.77,51.0,USD,51548,liquor,주류/위스키,True,1441.1,신세계(SSG)면세,2026-08-01T22:45:14Z
106758000025,로얄브라클라 24년 익셉셔널 캐스크 CS (올로로소) 700ml,듀어스,700,899.0,629.3,30.0,USD,906884,,주류/위스키,True,1441.1,신세계(SSG)면세,2026-08-01T22:45:14Z
114688000078,밀크앤허니 에이펙스 사해 700ml,밀크앤허니,700,215.0,81.7,62.0,USD,117737,liquor,주류/위스키,True,1441.1,신세계(SSG)면세,2026-08-01T22:45:14Z
102448000019,조니워커 엑스오디네어 1000ml,조니워커,1000,399.0,259.35,35.0,USD,373749,liquor,주류/위스키,True,1441.1,신세계(SSG)면세,2026-08-01T22:45:14Z
106988000014,라프로익 33년 스트롱 스트롱캐릭터즈 700ml,라프로익,700,1080.0,756.0,30.0,USD,1089471,,주류/위스키,True,1441.1,신세계(SSG)면세,2026-08-01T22:45:14Z
102438000011,로얄살루트 62건 살루트 오리지널 700ml,로얄 살루트,700,3009.0,2557.65,15.0,USD,3685829,liquor,주류/위스키,True,1441.1,신세계(SSG)면세,2026-08-01T22:45:14Z
102448000031,조니워커 블루 일루시브 우마미 750ml,조니워커,750,360.0,252.0,30.0,USD,363157,liquor,주류/위스키,True,1441.1,신세계(SSG)면세,2026-08-01T22:45:14Z
117928000003,글렌고인 26년 리미티드 에디션 700ml,글렌고인,700,1100.0,880.0,20.0,USD,1268168,liquor,주류/위스키,True,1441.1,신세계(SSG)면세,2026-08-01T22:45:14Z
111038000026,발베니 12 몬틸라 700ml,발베니,700,88.0,57.2,35.0,USD,82430,,주류/위스키,True,1441.1,신세계(SSG)면세,2026-08-01T22:45:14Z
106768000046,하쿠슈 디스틸러 리저브 700ml,산토리,700,117.0,117.0,0.0,USD,168608,liquor,주류/위스키,True,1441.1,신세계(SSG)면세,2026-08-01T22:45:14Z
111038000027,발베니 12 골든럼 캐스크 IGL 700ml,발베니,700,80.0,52.0,35.0,USD,74937,,주류/위스키,True,1441.1,신세계(SSG)면세,2026-08-01T22:45:14Z
115408000005,글랜카담 25년 700ml,글렌카담,700,698.0,488.6,30.0,USD,704121,liquor,주류/위스키,True,1441.1,신세계(SSG)면세,2026-08-01T22:45:14Z
102407200021,글렌모렌지 14년 엘레멘타 1000ml,글렌모렌지,1000,93.0,69.75,25.0,USD,100516,liquor,주류/위스키,True,1441.1,신세계(SSG)면세,2026-08-01T22:45:14Z
110738000001,달모어 15년 1000ml,달모어,1000,184.0,174.8,5.0,USD,251904,liquor,주류/위스키,True,1441.1,신세계(SSG)면세,2026-08-01T22:45:14Z
111188000038,올드 피츠제랄드 바틀드 인 본드 19년 750ml,헤븐힐디스틸러리,750,1257.0,1068.45,15.0,USD,1539743,,주류/위스키,True,1441.1,신세계(SSG)면세,2026-08-01T22:45:14Z
111048000020,글렌피딕 18년 벳4 페스티브 700ml,글렌피딕,700,145.0,94.25,35.0,USD,135823,liquor,주류/위스키,True,1441.1,신세계(SSG)면세,2026-08-01T22:45:14Z
106847200021,맥켈란 레어캐스크블랙 700ml,더 맥켈란,700,577.0,548.15,5.0,USD,789938,liquor,주류/위스키,True,1441.1,신세계(SSG)면세,2026-08-01T22:45:14Z
111048000022,글렌피딕 15년 VAT3 700ml VAP,글렌피딕,700,99.0,64.35,35.0,USD,92734,liquor,주류/위스키,True,1441.1,신세계(SSG)면세,2026-08-01T22:45:14Z
114688000030,글렌알라키 10년 캐스크 스트렝스 배치 9 싱글몰트 700ml,글렌알라키,700,149.0,81.95,45.0,USD,118098,liquor,주류/위스키,True,1441.1,신세계(SSG)면세,2026-08-01T22:45:14Z
115968000035,스프링뱅크 28년 1995 700ml,동방명,700,955.0,764.0,20.0,USD,1101000,,주류/위스키,True,1441.1,신세계(SSG)면세,2026-08-01T22:45:14Z
102407200010,글렌모렌지 19년 700ml,글렌모렌지,700,150.0,120.0,20.0,USD,172932,liquor,주류/위스키,True,1441.1,신세계(SSG)면세,2026-08-01T22:45:14Z
115348000016,커티샥 프로히비션 1000ml,글렌모레이,1000,50.0,23.0,54.0,USD,33145,liquor,주류/위스키,True,1441.1,신세계(SSG)면세,2026-08-01T22:45:14Z
278058000003,김창수위스키 김포 2025 700ml,김창수위스키,700,140.0,140.0,0.0,USD,201754,,주류/위스키,True,1441.1,신세계(SSG)면세,2026-08-01T22:45:14Z
114688000049,올드풀트니 18년 700ml,올드풀트니,700,232.0,162.4,30.0,USD,234034,liquor,주류/위스키,True,1441.1,신세계(SSG)면세,2026-08-01T22:45:14Z
117218000007,노아스 밀 750ml,윌렛 디스틸러리,750,117.0,81.9,30.0,USD,118026,,주류/위스키,True,1441.1,신세계(SSG)면세,2026-08-01T22:45:14Z
106757200019,올트모어 25년 700ml,올트모어,700,655.0,404.46,38.0,USD,582867,liquor,주류/위스키,True,1441.1,신세계(SSG)면세,2026-08-01T22:45:14Z
111048000021,글렌피딕 21년 CNY 2026 리미티드 에디션 700ml,글렌피딕,700,264.0,171.6,35.0,USD,247292,liquor,주류/위스키,True,1441.1,신세계(SSG)면세,2026-08-01T22:45:14Z
114688000029,글렌알라키 10년 스패니시 버진 오크 싱글몰트 700ml,글렌알라키,700,169.0,84.5,50.0,USD,121772,liquor,주류/위스키,True,1441.1,신세계(SSG)면세,2026-08-01T22:45:14Z
106778000017,짐빔 블랙 7년 1000ml,짐빔,1000,39.0,19.5,50.0,USD,28101,liquor,주류/위스키,True,1441.1,신세계(SSG)면세,2026-08-01T22:45:14Z
106757200018,듀어스 더블더블 27년 500ml,듀어스,500,300.0,159.0,47.0,USD,229134,liquor,주류/위스키,True,1441.1,신세계(SSG)면세,2026-08-01T22:45:14Z
106768000015,아오 700ml,산토리,700,76.0,37.24,51.0,USD,53666,liquor,주류/위스키,True,1441.1,신세계(SSG)면세,2026-08-01T22:45:14Z
106757200005,듀어스 25년 750ml,듀어스,750,357.0,213.7,40.0,USD,307963,liquor,주류/위스키,True,1441.1,신세계(SSG)면세,2026-08-01T22:45:14Z
116318000011,베리올드세인트닉 엔시언트 캐스크 이마큘라타 15 750ml,베리 올드 세인트닉,750,500.0,275.0,45.0,USD,396302,,주류/위스키,True,1441.1,신세계(SSG)면세,2026-08-01T22:45:14Z
116298000001,부나하벤 에리 네 그레이뉴 1000ml,부나하벤,1000,83.0,83.0,0.0,USD,119611,liquor,주류/위스키,True,1441.1,신세계(SSG)면세,2026-08-01T22:45:14Z
102417200001,잭다니엘 젠틀맨 잭 1000ml,잭다니엘,1000,46.0,25.3,45.0,USD,36459,liquor,주류/위스키,True,1441.1,신세계(SSG)면세,2026-08-01T22:45:14Z
117148000029,블라드녹 싱글캐스크 2007 버번 배럴 700ml,블라드녹,700,310.0,248.0,20.0,USD,357392,liquor,주류/위스키,True,1441.1,신세계(SSG)면세,2026-08-01T22:45:14Z
110738000023,달모어 루미나리 No.2 700ml,달모어,700,350.0,332.5,5.0,USD,479165,,주류/위스키,True,1441.1,신세계(SSG)면세,2026-08-01T22:45:14Z
115968000008,스프링뱅크 1995 23년 700ml,동방명,700,1040.0,884.0,15.0,USD,1273932,liquor,주류/위스키,True,1441.1,신세계(SSG)면세,2026-08-01T22:45:14Z
106937200005,보모어 15년 1000ml,보모어,1000,105.0,73.5,30.0,USD,105920,liquor,주류/위스키,True,1441.1,신세계(SSG)면세,2026-08-01T22:45:14Z
106858000002,브룩라디 쉐리 캐스크 700ml,브룩라디,700,69.0,41.4,40.0,USD,59661,,주류/위스키,True,1441.1,신세계(SSG)면세,2026-08-01T22:45:14Z
106848000010,하일랜드파크 21년 700ml,하일랜드 파크,700,366.0,237.9,35.0,USD,342837,liquor,주류/위스키,True,1441.1,신세계(SSG)면세,2026-08-01T22:45:14Z
110738000014,달모어 18년 700ml,달모어,700,350.0,332.5,5.0,USD,479165,liquor,주류/위스키,True,1441.1,신세계(SSG)면세,2026-08-01T22:45:14Z
116318000010,노아스 밀 750ml,윌렛 위스키,750,117.0,81.9,30.0,USD,118026,liquor,주류/위스키,True,1441.1,신세계(SSG)면세,2026-08-01T22:45:14Z
106827200008,더 글렌리벳 트리플 캐스크 시리즈 레어 캐스크 1000ml,더 글렌리벳,1000,141.0,98.7,30.0,USD,142236,liquor,주류/위스키,True,1441.1,신세계(SSG)면세,2026-08-01T22:45:14Z
115958000002,글렌토커스 2008 700ml,사마롤리,700,379.0,265.3,30.0,USD,382323,liquor,주류/위스키,True,1441.1,신세계(SSG)면세,2026-08-01T22:45:14Z
106778000009,메이커스 마크 101 1000ml,메이커스 마크,1000,74.0,40.7,45.0,USD,58652,liquor,주류/위스키,True,1441.1,신세계(SSG)면세,2026-08-01T22:45:14Z
115378000029,1792 풀프루프 싱글배럴셀렉트 750ml,버팔로 트레이스,750,88.0,74.8,15.0,USD,107794,,주류/위스키,True,1441.1,신세계(SSG)면세,2026-08-01T22:45:14Z
115348000006,예거마이스터 3 SHOT PAC 1000ml,예거마이스터,1000,34.0,17.0,50.0,USD,24498,liquor,주류/위스키,True,1441.1,신세계(SSG)면세,2026-08-01T22:45:14Z
106847200019,하일랜드파크 16년 이글 700ml,하일랜드 파크,700,125.0,65.0,48.0,USD,93671,liquor,주류/위스키,True,1441.1,신세계(SSG)면세,2026-08-01T22:45:14Z
115378000018,1792 풀푸르프 750ml,버팔로 트레이스,750,99.0,84.15,15.0,USD,121268,,주류/위스키,True,1441.1,신세계(SSG)면세,2026-08-01T22:45:14Z
110738000004,달모어 콰르텟 1000ml,달모어,1000,134.0,127.3,5.0,USD,183452,liquor,주류/위스키,True,1441.1,신세계(SSG)면세,2026-08-01T22:45:14Z
102438000017,로얄살루트 21년 루나 뉴이어 2026 700ml,로얄 살루트,700,176.0,140.8,20.0,USD,202906,liquor,주류/위스키,True,1441.1,신세계(SSG)면세,2026-08-01T22:45:14Z
115378000019,1792 12년 750ml,버팔로 트레이스,750,86.0,77.4,10.0,USD,111541,,주류/위스키,True,1441.1,신세계(SSG)면세,2026-08-01T22:45:14Z
115958000012,사마롤리 스페이 몰트 2023 배치 No.2 700ml,사마롤리,700,130.0,91.0,30.0,USD,131140,liquor,주류/위스키,True,1441.1,신세계(SSG)면세,2026-08-01T22:45:14Z
110737200009,달모어 12년 700ml,달모어,700,89.0,84.55,5.0,USD,121845,liquor,주류/위스키,True,1441.1,신세계(SSG)면세,2026-08-01T22:45:14Z
115378000030,OFC 버번 2006 750ml,버팔로 트레이스,750,2500.0,2500.0,0.0,USD,3602750,liquor,주류/위스키,True,1441.1,신세계(SSG)면세,2026-08-01T22:45:14Z
116298000003,부나하벤 크루아모나 1000ml,부나하벤,1000,96.0,96.0,0.0,USD,138345,,주류/위스키,True,1441.1,신세계(SSG)면세,2026-08-01T22:45:14Z
102438000008,로얄살루트 21년 리차드 퀸 에디션 2 700ml,로얄 살루트,700,246.0,172.2,30.0,USD,248157,liquor,주류/위스키,True,1441.1,신세계(SSG)면세,2026-08-01T22:45:14Z
102448000030,클라이넬리시 10년 SR FY24 700ml(2023 Special Release),탈리스커,700,198.0,118.8,40.0,USD,171202,liquor,주류/위스키,True,1441.1,신세계(SSG)면세,2026-08-01T22:45:14Z
116318000009,윌렛 패밀리 에스테이트 라이 750ml,윌렛 위스키,750,123.0,123.0,0.0,USD,177255,liquor,주류/위스키,True,1441.1,신세계(SSG)면세,2026-08-01T22:45:14Z
106778000011,메이커스 마크 46 750ml,메이커스 마크,750,57.0,37.05,35.0,USD,53392,liquor,주류/위스키,True,1441.1,신세계(SSG)면세,2026-08-01T22:45:14Z
110738000002,달모어 12년 1000ml,달모어,1000,117.0,111.15,5.0,USD,160178,liquor,주류/위스키,True,1441.1,신세계(SSG)면세,2026-08-01T22:45:14Z
274198000017,기원 배치7 CS 700ml,기원 위스키,700,98.0,83.3,15.0,USD,120043,,주류/위스키,True,1441.1,신세계(SSG)면세,2026-08-01T22:45:14Z
110738000038,달모어 포트폴리오 시리즈3 2004 700ml,달모어,700,1250.0,1187.5,5.0,USD,1711306,liquor,주류/위스키,True,1441.1,신세계(SSG)면세,2026-08-01T22:45:14Z
274198000016,기원 별 700ml,기원 위스키,700,67.0,56.95,15.0,USD,82070,,주류/위스키,True,1441.1,신세계(SSG)면세,2026-08-01T22:45:14Z
110738000031,주라 28년 700ml,주라,700,612.0,397.8,35.0,USD,573269,liquor,주류/위스키,True,1441.1,신세계(SSG)면세,2026-08-01T22:45:14Z
115348000008,커티샥 스카치 위스키 1000ml,글렌모레이,1000,23.0,10.58,54.0,USD,15246,liquor,주류/위스키,True,1441.1,신세계(SSG)면세,2026-08-01T22:45:14Z
114698000027,글렌파클라스 30년 700ml,글렌파클라스,700,888.0,590.52,34.0,USD,850998,liquor,주류/위스키,True,1441.1,신세계(SSG)면세,2026-08-01T22:45:14Z
115338000005,와일드터키 롱브랜치 1000ml,와일드터키,1000,58.0,34.8,40.0,USD,50150,liquor,주류/위스키,True,1441.1,신세계(SSG)면세,2026-08-01T22:45:14Z
110738000028,달모어 컨스텔레이션 1991 캐스크 27 700ml,달모어,700,5930.0,5633.5,5.0,USD,8118436,liquor,주류/위스키,True,1441.1,신세계(SSG)면세,2026-08-01T22:45:14Z
115408000003,글랜카담 10년 700ml,글렌카담,700,62.0,36.89,41.0,USD,53162,liquor,주류/위스키,True,1441.1,신세계(SSG)면세,2026-08-01T22:45:14Z
110758000004,샤보 XO 수페리어 1000ml,샤보,1000,158.0,86.9,45.0,USD,125231,liquor,주류/위스키,True,1441.1,신세계(SSG)면세,2026-08-01T22:45:14Z
106828000007,캐퍼도닉 21년 피티드 700ml,시크릿 스페이사이드,700,290.0,174.58,40.0,USD,251587,liquor,주류/위스키,True,1441.1,신세계(SSG)면세,2026-08-01T22:45:14Z
102448000029,탈리스커 글래시얼 엣지 45년 700ml,탈리스커,700,5123.0,3073.8,40.0,USD,4429653,liquor,주류/위스키,True,1441.1,신세계(SSG)면세,2026-08-01T22:45:14Z
117218000018,배럴버번 프라이빗 릴리스(대전에디션) 750ml,배럴크래프트스피릿,750,150.0,105.0,30.0,USD,151315,,주류/위스키,True,1441.1,신세계(SSG)면세,2026-08-01T22:45:14Z
106938000011,보모어 40년 700ml,보모어,700,9990.0,6493.5,35.0,USD,9357782,liquor,주류/위스키,True,1441.1,신세계(SSG)면세,2026-08-01T22:45:14Z
102448000051,몰트락 네버바운드 700ml,몰트락,700,120.0,102.0,15.0,USD,146992,liquor,주류/위스키,True,1441.1,신세계(SSG)면세,2026-08-01T22:45:14Z
115338000018,와일드터키 켄터키 스피릿 750ml,더 글렌그란트,750,57.0,48.45,15.0,USD,69821,,주류/위스키,True,1441.1,신세계(SSG)면세,2026-08-01T22:45:14Z
102448000024,오반 11년 SR FY24 700ml(2023 Special Release),탈리스커,700,168.0,100.8,40.0,USD,145262,liquor,주류/위스키,True,1441.1,신세계(SSG)면세,2026-08-01T22:45:14Z
102448000028,탈리스커 SR FY24 700ml(2023 Special Release),탈리스커,700,144.0,86.4,40.0,USD,124511,liquor,주류/위스키,True,1441.1,신세계(SSG)면세,2026-08-01T22:45:14Z
115338000013,더 글렌그란트 21년 700ml,더 글렌그란트,700,340.0,289.0,15.0,USD,416477,liquor,주류/위스키,True,1441.1,신세계(SSG)면세,2026-08-01T22:45:14Z
117478000012,폴존 피엑스 쉐리 700ml,폴존,700,105.0,89.25,15.0,USD,128618,liquor,주류/위스키,True,1441.1,신세계(SSG)면세,2026-08-01T22:45:14Z
117218000015,배럴라이 프라이빗 릴리스 피엑스쉐리(서울에디션) 750ml,배럴크래프트스피릿,750,150.0,105.0,30.0,USD,151315,,주류/위스키,True,1441.1,신세계(SSG)면세,2026-08-01T22:45:14Z
106778000004,짐빔 블랙 체커팩 1000ml,짐빔,1000,39.0,19.5,50.0,USD,28101,liquor,주류/위스키,True,1441.1,신세계(SSG)면세,2026-08-01T22:45:14Z
114688000059,레벨 켄터키 스트레이트 버번 750ml,레벨,750,36.0,19.44,46.0,USD,28014,liquor,주류/위스키,True,1441.1,신세계(SSG)면세,2026-08-01T22:45:14Z
106777200002,짐빔 블랙 1000ml,짐빔,1000,39.0,19.5,50.0,USD,28101,liquor,주류/위스키,True,1441.1,신세계(SSG)면세,2026-08-01T22:45:14Z
115338000033,더 글렌그란트 30년 700ml,더 글렌그란트,700,2000.0,1170.0,42.0,USD,1686087,liquor,주류/위스키,True,1441.1,신세계(SSG)면세,2026-08-01T22:45:14Z
117218000013,배럴위스키 프라이빗 릴리스 소테른(울산에디션) 750ml,배럴크래프트스피릿,750,150.0,105.0,30.0,USD,151315,,주류/위스키,True,1441.1,신세계(SSG)면세,2026-08-01T22:45:14Z
106828000016,더 글렌리벳 캐스크메이커스 700ml,더 글렌리벳,700,99.0,69.3,30.0,USD,99868,liquor,주류/위스키,True,1441.1,신세계(SSG)면세,2026-08-01T22:45:14Z
106857200001,브룩라디 라디8 700ml,브룩라디,700,67.0,40.2,40.0,USD,57932,liquor,주류/위스키,True,1441.1,신세계(SSG)면세,2026-08-01T22:45:14Z
115338000023,더 글렌그란트 익스플로레이션 NO.1 700ml,더 글렌그란트,700,120.0,72.0,40.0,USD,103759,,주류/위스키,True,1441.1,신세계(SSG)면세,2026-08-01T22:45:14Z
102448000035,오반 리틀 베이 1000ml,탈리스커,1000,127.0,76.2,40.0,USD,109811,,주류/위스키,True,1441.1,신세계(SSG)면세,2026-08-01T22:45:14Z
110758000002,샤보 나폴레옹 700ml,샤보,700,72.0,39.6,45.0,USD,57067,liquor,주류/위스키,True,1441.1,신세계(SSG)면세,2026-08-01T22:45:14Z
114708000012,더 와이즈맨 켄터키 라이 750ml,교토위스키,750,71.0,60.35,15.0,USD,86970,liquor,주류/위스키,True,1441.1,신세계(SSG)면세,2026-08-01T22:45:14Z
115968000026,레칙 2005 12년 700ml,동방명,700,270.0,229.5,15.0,USD,330732,liquor,주류/위스키,True,1441.1,신세계(SSG)면세,2026-08-01T22:45:14Z
115338000008,더 글렌그란트 캐스크 헤이븐 1000ml,더 글렌그란트,1000,87.0,41.76,52.0,USD,60180,liquor,주류/위스키,True,1441.1,신세계(SSG)면세,2026-08-01T22:45:14Z
110758000003,샤보 VSOP 골드 1000ml,샤보,1000,70.0,38.5,45.0,USD,55482,liquor,주류/위스키,True,1441.1,신세계(SSG)면세,2026-08-01T22:45:14Z
106827200007,더 글렌리벳 트리플 캐스크 시리즈 화이트 오크 리저브 1000ml,더 글렌리벳,1000,88.0,61.6,30.0,USD,88771,liquor,주류/위스키,True,1441.1,신세계(SSG)면세,2026-08-01T22:45:14Z
102457200003,올드파 12년 1000ml,올드파,1000,56.0,47.6,15.0,USD,68596,liquor,주류/위스키,True,1441.1,신세계(SSG)면세,2026-08-01T22:45:14Z
116948000001,온타케 퍼스트 필 700ml,온타케,700,245.0,208.25,15.0,USD,300109,liquor,주류/위스키,True,1441.1,신세계(SSG)면세,2026-08-01T22:45:14Z
115978000003,토마틴 16년 700ml,토마틴,700,95.0,50.35,47.0,USD,72559,liquor,주류/위스키,True,1441.1,신세계(SSG)면세,2026-08-01T22:45:14Z
111188000024,일라이저 크레이그 스몰 배치 750ml,헤븐힐디스틸러리,750,50.0,42.5,15.0,USD,61246,liquor,주류/위스키,True,1441.1,신세계(SSG)면세,2026-08-01T22:45:14Z
114708000001,큐로 오비 700ml,교토위스키,700,119.0,101.15,15.0,USD,145767,liquor,주류/위스키,True,1441.1,신세계(SSG)면세,2026-08-01T22:45:14Z
115348000031,골드바 위스키 1000ml,골드바 위스키,1000,65.0,27.95,57.0,USD,40278,liquor,주류/위스키,True,1441.1,신세계(SSG)면세,2026-08-01T22:45:14Z
102448000025,싱글톤 글렌듈란 14년 SR FY24 700ml(2023 Special Release),싱글톤,700,158.0,83.74,47.0,USD,120677,liquor,주류/위스키,True,1441.1,신세계(SSG)면세,2026-08-01T22:45:14Z
115348000017,글렌모레이 12년 1000ml,글렌모레이,1000,72.0,30.96,57.0,USD,44616,liquor,주류/위스키,True,1441.1,신세계(SSG)면세,2026-08-01T22:45:14Z
106827200006,더 글렌리벳 트리플 캐스크 시리즈 디스틸러 리저브 1000ml,더 글렌리벳,1000,63.0,44.1,30.0,USD,63552,liquor,주류/위스키,True,1441.1,신세계(SSG)면세,2026-08-01T22:45:14Z
115978000002,토마틴 12년 1000ml,토마틴,1000,58.0,49.3,15.0,USD,71046,liquor,주류/위스키,True,1441.1,신세계(SSG)면세,2026-08-01T22:45:14Z
114688000048,올드풀트니 12년 700ml,올드풀트니,700,66.0,30.03,55.0,USD,43276,liquor,주류/위스키,True,1441.1,신세계(SSG)면세,2026-08-01T22:45:14Z
114688000066,밀크앤허니 클래식 싱글몰트 700ml,밀크앤허니,700,83.0,37.35,55.0,USD,53825,liquor,주류/위스키,True,1441.1,신세계(SSG)면세,2026-08-01T22:45:14Z
115968000020,스페이사이드 몰트 1991 26년 700ml,동방명,700,399.0,339.15,15.0,USD,488749,liquor,주류/위스키,True,1441.1,신세계(SSG)면세,2026-08-01T22:45:14Z
114688000071,스타워드 진저비어 캐스크 #7 700ml,스타워드,700,170.0,76.5,55.0,USD,110244,liquor,주류/위스키,True,1441.1,신세계(SSG)면세,2026-08-01T22:45:14Z
114688000036,엘리먼츠오브아일라 버번 캐스크 700ml,엘리먼츠 오브 아일라,700,109.0,49.05,55.0,USD,70685,liquor,주류/위스키,True,1441.1,신세계(SSG)면세,2026-08-01T22:45:14Z
114688000004,스타워드 솔라 700ml,스타워드,700,113.0,79.1,30.0,USD,113991,liquor,주류/위스키,True,1441.1,신세계(SSG)면세,2026-08-01T22:45:14Z
