raw_name,status,canonical_id,canonical_name_ko,match_reason
&gt;&gt; &gt;&gt; 골든 블루 사피루스 450ml,matched,w064,골든블루 사피루스,rule
"*PRE-ORDER 預訂* Kowloon Spirits  - Single Malt Whiskey Exclusive Barrel, 750ml",unmatched,,,
1776 波本威士忌,unmatched,,,
1776 裸麥威士忌,unmatched,,,
1792 小批次波本威士忌,matched,w070,1792 스몰배치,rule
1792 스몰 배치,matched,w070,1792 스몰배치,rule
1792 스몰 배치 750ml,matched,w070,1792 스몰배치,rule
1792 스몰배치,matched,w070,1792 스몰배치,rule
1792 스몰배치 750ml,matched,w070,1792 스몰배치,rule
1792 풀프루프가,matched,w070,1792 스몰배치,rule
"Aberfeldy - Single Malt Scotch Whisky 12y, 40%, 75cl",unmatched,,,
"Aberfeldy - Single Malt Scotch Whisky 16y, 40%, 70cl",matched,w027,에버펠디 16년,en
"Adelphi - Islay (Caol Ila) 10y, Single Malt Whisky, 46%,70cl, 1800B",unmatched,,,
"Adelphi - Loyal Old Mature Private Stock, Blended Scotch Whisky, 40%, 70cl",unmatched,,,
"Adelphi - Private Stock Reserve 8y, Peated blend, 46%, 70cl, 1800B",unmatched,,,
"Adelphi - Speyside (Glen Elgin) 10y, Single Malt Whisky, 46%,70cl, 1800B",unmatched,,,
"Adelphi - The Kincardine, Single Malt Scotch + Indian Whisky 7y, 52.9%, 820b",unmatched,,,
"Adelphi Limited - Benrinnes 33y, 1984, 57.3%, 395b",unmatched,,,
"Adelphi Limited - Breath of Speyside 30y, 1992, 50.3%, 194b",unmatched,,,
"Adelphi Limited - Bunnahabhain 23y, 1998, 53.5%, 587b, IB Single Malt Scotch Whisky",unmatched,,,
"Adelphi Limited - Glen Grant 22y, 1985, 62.1%, 64b, IB Single Malt Scotch Whisky",unmatched,,,
"Adelphi Limited - Glen Grant 28y, 1992, 52.5%, 185b",unmatched,,,
"Adelphi Limited - Miltonduff 36y, 1981, 51.8%, 138b",unmatched,,,
"Adelphi Limited - Mortlach 25y, 1993, 56.1%, 385b",unmatched,,,
"Adelphi Limited - Mortlach 36y, 1986, 51.4%, 176b",unmatched,,,
"Adelphi Limited - Teaninich 34y, 1983, 44%, 190b",unmatched,,,
"Adelphi Selection - Ardmore 8y Refill Oloroso Butt, 2016, 59.7%, 632b",unmatched,,,
"Adelphi Selection - Arran 11y Refill Oloroso HHD Unpeated , 2014, 57.6%, 318b",unmatched,,,
"Adelphi Selection - Aultmore 18y, 2000, 55% , 480b",matched,w276,올트모어 18년,en
"Adelphi Selection - Ben Nevis 11y Refill Oloroso Butt 2013, 59.9%, 624b",unmatched,,,
"Adelphi Selection - Benrinnes 11y, 2011, 56.2%, 341b",unmatched,,,
"Adelphi Selection - Benrinnes 14y Refill Oloroso HHD 2011, 56.2%, 282b",unmatched,,,
"Adelphi Selection - Caol Ila 10y 2014, 55.4%, 310b",unmatched,,,
"Adelphi Selection - Chichibu 7y, 2013, 57.8%, 210b",unmatched,,,
"Adelphi Selection - Clynelish 9y, Refill Oloroso Butt, 2015-2024, 54.5%, 477b",unmatched,,,
"Adelphi Selection - Dailuaine 10y, 2015, 57.9%, 311b",unmatched,,,
"Adelphi Selection - Dailuaine 12y Refill Oloroso HHD 2013, 53.5%, 265b",unmatched,,,
"Adelphi Selection - Fascadale Batch 10 Highland Park 14y, 46%",unmatched,,,
"Adelphi Selection - Glen Garioch 13y 1st Fill ASB , 2011, 57%, 231b",unmatched,,,
"Adelphi Selection - Glen Garioch 9y, 2011, 58.5%, 462b",unmatched,,,
"Adelphi Selection - Glen Keith, 23y, 1995, 60.5%, 137b",unmatched,,,
"Adelphi Selection - Glenrothes 15y, 2007, 59.6%, 389b",unmatched,,,
"Adelphi Selection - Inchgower 14y, 2010, 57.7%, 542b",unmatched,,,
"Adelphi Selection - Linkwood 10y Refill Oloroso HHD 2015, 56.4%, 238b",unmatched,,,
"Adelphi Selection - Linkwood 11y, 2011, 59.1%, 255b",unmatched,,,
"Adelphi Selection - Linkwood 14y, 2008, 1st Fill Olo Sherry HHD, 50.9%, 267b",unmatched,,,
"Adelphi Selection - Lochranza, Isle of Arran 10y, 1st Fill Bourbon (Peated) 2014, 57.1%, 230b",unmatched,,,
"Adelphi Selection - Mortlach 17y, 2003, 56.6%, 228b",unmatched,,,
"Adelphi Selection - Teaninch 16y, Refill Oloroso Sherry Cask, 56.4%, 207b",unmatched,,,
"Adelphi Selection - The Sandebud Fusion (AD & High Coast) 6y, 58.9%, 1170b",unmatched,,,
"Adelphi's - Breath of Isles 14y, 2007, 58.3%, 1020b",unmatched,,,
"Adelphi's - Breath of Speyside 15y (Fully Matured in 1st Fill Oloroso Butt), 2009, 58.1%, 677b",unmatched,,,
"Adelphi's - Breath of Speyside 17y, 2004, 63.3%, 254b",unmatched,,,
"Adelphi's - Breath of the Highlands (Blair Athol) 1st Fill Sherry, 12y, 55.2%, 2293b",unmatched,,,
"Adelphi's - Breath of the Isles 16y, 2007, 57.4%, 280b",unmatched,,,
"Alba Collection - Big Barrel, with 2 wee GG, 350ml vol",unmatched,,,
"Alba Collection - Card insert tap, 2 shot, 350ml vol",unmatched,,,
"Alba Collection - Globe, mini, 200ml vol",unmatched,,,
"Alba Collection - Golf Club, 200ml vol",unmatched,,,
"Alba Collection - Golfer Man , 350ml vol",unmatched,,,
"Alba Collection - Mini Potstill, 200ml vol",unmatched,,,
"Alba Collection - Mini Potstill, with 2 wee GG, 200ml vol",unmatched,,,
"Alba Collection - Ship in a bottle, 2 shot, 350ml vol",unmatched,,,
"Ardbeg - 10y, 46%",unmatched,,,
"Ardbeg - 19y, 46.2%",unmatched,,,
"Ardbeg - 30y, ""Very Old"", 40% Abv, peated Islay single malt scotch whisky",unmatched,,,
"Ardbeg - An Oa, 46.6%",unmatched,,,
"Ardbeg - Anthology, 15y, V3, 46%",unmatched,,,
"Ardbeg - Corryvreckan, 57.1%",unmatched,,,
"Ardbeg - Spectacular, 46%",unmatched,,,
"Ardbeg - Uigeadail , 54.2%",unmatched,,,
"Ardbeg - Wee Beastie, 5y, 47.4%",unmatched,,,
"Ardnamurchan - AD/ Heritage Barley Release 2025, Golden Promise 6y, 59.2%, 70cl, 10000B",unmatched,,,
"Ardnamurchan - AD/ Madeira Release 2025, 6y, 52%",unmatched,,,
"Ardnamurchan - AD/ Mezcal Release 2025, 7y, 55%",unmatched,,,
"Ardnamurchan - AD/ Midgie Release 2025, 48%",unmatched,,,
"Ardnamurchan - AD/ Paul Launois Release 2023, 6y, 57.1%, 2676b",unmatched,,,
"Ardnamurchan - AD/ Paul Launois Release 2024, 7y, 57.3%, 3198B",unmatched,,,
"Ardnamurchan - AD/ Rum Cask Release 2023, 6y, 55%",unmatched,,,
"Ardnamurchan - AD/ Sauternes Release 2025 (Peated), 50%",unmatched,,,
"Ardnamurchan - AD/ Sherry Cask Release 2024, 5y, 50%, peated",unmatched,,,
"Ardnamurchan - AD/01.21:01 Release, 5y, 46.8%",unmatched,,,
"Ardnamurchan - AD/02.22 Cask Strength, 6y, 58.7%, 12886b",unmatched,,,
"Ardnamurchan - AD/04.21:03 Release, 5y, 46.8%",unmatched,,,
"Ardnamurchan - AD/07.21:05 Release, 5y, 46.8%",unmatched,,,
"Ardnamurchan - AD/09.22, 5y, Cask Strength, 58.4%",unmatched,,,
"Ardnamurchan - AD/10.21:06 Release, 5y, 46.8%",unmatched,,,
"Ardnamurchan - AD/10:22, 5y, Madeira Cask Release, 58.2%, 5781B",unmatched,,,
Ardnamurchan - AD/10y (10th Anniversary) 50%,unmatched,,,
Ardnamurchan - First AD Tasting Pack,unmatched,,,
BAZAAR 托本莫瑞 14年壓克力收藏版2008 (波本桶風格),unmatched,,,
BAZAAR 托本莫瑞 14年紙盒精裝版2008 (波本桶風格),unmatched,,,
BAZAAR 湯瑪町 15年壓克力收藏版2007 (雪莉桶風格),unmatched,,,
BAZAAR 湯瑪町 15年紙盒精裝版2007 (雪莉桶風格),unmatched,,,
"Balvenie - 16y, French Oak, 47.6%",matched,w105,발베니 16년 프렌치 오크,en
"Balvenie - Caribbean Cask 14y, 43%",matched,w009,발베니 14년 캐리비안 캐스크,en
"Balvenie - Double Wood, 12y, 40%",unmatched,,,
"Balvenie - Double Wood, 12y, 40%, with Rock Tumbler + Ice Ball Mold",unmatched,,,
"Balvenie - Portwood, 21y, 40%",matched,w207,발베니 21년 포트우드,en
"Balvenie - Stories Series ""The Week of Peat"" 14y, 48.3%",unmatched,,,
"Berry's - Arran 16y, 1997, 46%",unmatched,,,
"Berry's - Blair Athol 23y, 1989, 46%",unmatched,,,
"Berry's - Bowmore 11y, 2001, 46%",unmatched,,,
"Berry's - Craigellachie 13y, 2000, 46%",unmatched,,,
"Berry's - Exceptional Casks, Bunnahabhain 28y, 1987, 49.4%, Cask #2483",unmatched,,,
"Berry's - Exceptional Casks, Caol lla 33y, 1981, 46%",unmatched,,,
"Berry's - Exceptional casks, North British Distillery, 50 Year Old Single Grain Scotch Whisky",unmatched,,,
"Berry's - Glen Keith 18y, 1993, 53.8%",unmatched,,,
"Berry's - Glenlivet 39y, 1974, 56%",unmatched,,,
"Berry's - Linkwood 19y, 1993, 46%",unmatched,,,
"Bowmore - 12y, 40%",unmatched,,,
"Bowmore - 15y, 43%",unmatched,,,
"Bowmore - 18y, 43%",matched,w176,보모어 18년,en
"Bowmore - 25y, 43%",unmatched,,,
"Bruichladdich - Islay Barley 2013, 50%",unmatched,,,
"Bruichladdich - Port Charlotte Heavily Peated 10y, 50%",unmatched,,,
"Buffalo Trace - Kentucky Straight Bourbon Whiskey, 45%, 75cl",unmatched,,,
"Burns Crystal - Tumbler, Skyline The Whisky Trail",unmatched,,,
"Caskells - Auchroisk 9y, 2009, 46%, 74b",unmatched,,,
"Caskells - Auchroisk Speyside 14y, 2011, 50%, 85b, Single Malt Scotch Whisky",unmatched,,,
"Caskells - Secret Highland 11y, 2014, 50%, 82b, Single Malt Scotch Whisky",unmatched,,,
"Caskells - Secret Islay 15y, 2009, 50%, 93b, Peated Single Malt Scotch",unmatched,,,
"Caskells x Kowloon Spirits – 2026 Year of the Horse, Limited Edition (mini 100ml)",unmatched,,,
"Chieftain's - Lucky Mouse Collection 18y, 2002-2021, 58.6%, 285B",unmatched,,,
"Chieftain's - Lucky Mouse Collection, 30y, 1990-2021, 53.2%, 240b",unmatched,,,
"Clynelish - 14y, 46%",matched,w025,클라이넬리시 14년,en
"Clynelish - Special Release 2023, 10y, 57.5%",unmatched,,,
"Concept 8 - Blair Athol 8y, 40.8%",unmatched,,,
"Concept 8 - Dailuaine 8y, 40.8%",unmatched,,,
"Concept 8 - Teaninich 8y, 40.8%",unmatched,,,
Copper Dog - 40% 70cl,unmatched,,,
"Dalmore - 12y, 40%",matched,w023,달모어 12년,en
"Dalmore - 12y, 40% Sherry",matched,w023,달모어 12년,en
"Dalmore - 15y, 40%",unmatched,,,
"Dalmore - 18y, 43%",unmatched,,,
"Dalmore - 20y, 40%",unmatched,,,
"Dalmore - 25y, 42%",unmatched,,,
"Dalmore - King Alexander III, 40%",unmatched,,,
"Dalmore - King Alexander III, 40%, 2026 CNY Horse Year Gift Box",unmatched,,,
"Darkness - Speyside Single Malt, 8y, 47.8%",unmatched,,,
"Dram Mor - Craigellachie ( Portugese Red Wine ) 9y, 52.1%, 234b",unmatched,,,
"Dram Mor - Glen Elgin ( 1st Fill Bourbon ) 8y, 56.8%, 244b",unmatched,,,
"Dram Mor - Glenturret Distillery, Ruadh Maor ( 1st Fill White Port ), 10y, 58.7%, 308b",unmatched,,,
"Dram Mor - Glenturret Ruadh Maor ( Peated ) 10y, 57.2%, 268b",unmatched,,,
"Dram Mor - Single Malt, Macduff 9y, 58%, 722b",unmatched,,,
"Dram Mor - Single Malt, Secret Orkney (Chateau D'Yquem HHD) 14y, 54.1%, 305b",unmatched,,,
"Dram Mor - Tobermory 25y, 50.1%, 218b, Calvados Cask",unmatched,,,
"Drunken Master - Ledaig 22y, 1997, 54%, 90B",unmatched,,,
"Drunken Master - NeoGeo, 30th Anniversary, SNK Edition 1, Edradour 10y, 2009, 57.4%",unmatched,,,
"Drunken Master - NeoGeo, 30th Anniversary, SNK Edition 2, Bushmills 16y, 2002, 56.3%",unmatched,,,
"Drunken Master - NeoGeo, 30th Anniversary, SNK Edition 3, Cooley 17y, 2002, 55.8%",unmatched,,,
"Drunken Master - WHITE CAT Secret Speyside, 19y, 44.8%, 300b, Blended Malt (Macallan Sherry+Highland Park)",unmatched,,,
"Edinburgh Whisky - A Highland Distillery 9y, 46.3%",unmatched,,,
"Edinburgh Whisky - A Speyside Distillery, 7y, 46.3%",unmatched,,,
"Edinburgh Whisky - An Islay Distillery 9y, 46.3%",unmatched,,,
"Edradour - Straight From The Cask, 11y, 2000, 57.5%, 500ml",unmatched,,,
"Fettercairn - 16y, 46.4%, 70cl",unmatched,,,
"Fettercairn - 18y, 46.8%, 70cl",unmatched,,,
"Firkin Gin - Gin, Rested in Oak Casks, Bourbon, 46%, 70cl",unmatched,,,
Gift Box - Whisky 11oz (Blue),unmatched,,,
"Gleann Mor Spirits - Blended Irish Whiskey, 43%",unmatched,,,
"Gleann Mor Spirits - Bunnahabhain (Peated) , 8y, 50%, 70cl",unmatched,,,
"Gleann Mor Spirits - Lowland Distillery, 8y, 50%",unmatched,,,
"GlenDronach - 12y, Original, 43%",matched,w018,글렌드로낙 12년,en
"GlenDronach - 15y, Revival, 46%",unmatched,,,
"GlenDronach - 1993 Cask#6345, PX Butt, 29y, 54.6%, 622B",unmatched,,,
"GlenDronach - 21y Parliament, 48%",unmatched,,,
"GlenDronach - Sherry cask matured 15y, 46%",unmatched,,,
"GlenDronach - Sherry cask matured, 18y, 46%",unmatched,,,
"GlenDronach - Traditional Peated Malt, 48%",unmatched,,,
"Glenfarclas - 15y, Tasting Pack Set, with 2x 50ml mini (105 Cask Strength & 25y)",matched,w093,글렌파클라스 15년,en
"Glenfarclas - 185th Anniversary Edition, 46%",unmatched,,,
"Glenfarclas - 18y, 43%, 1 Litre",unmatched,,,
"Glenfarclas - 25y, 43%",unmatched,,,
"Glenfiddich - 12y, 40%",matched,w005,글렌피딕 12년,en
"Glenfiddich - 15y, 40%",unmatched,,,
"Glenfiddich - 16y, Aston Martin Formula 1 Limited Edition, Formula One Team, 43%, 70cl",unmatched,,,
"Glenfiddich - 18y, 40%",matched,w115,글렌피딕 18년,en
"Glenfiddich - 21y, Gran Reserva, 40%",matched,w190,글렌피딕 21년,en
"Glenfiddich - Ultimate, 38y",unmatched,,,
"Glenkinchie - Special Release 2023, 27y, 58.3%",unmatched,,,
"Glenlivet - 16y, 60.6%, 618b, 1st Fill Sherry Butt , Bottled in 2019",matched,w214,더 글렌리벳 16년,en
"Glenmorangie - A Tale of Tokyo, 46%",unmatched,,,
"Glenmorangie - A Tale of the Forest, 46%",unmatched,,,
"Glenmorangie - The Nectar d'Or, 16y, 46%",unmatched,,,
"Glenrothes - Glenrothes 15, 43%, 2024 release",unmatched,,,
"Glenrothes - Glenrothes 25, 43%, 2018",unmatched,,,
"Glenrothes - Quantum, 40y, 43%, 2022",unmatched,,,
"Hakushu - 12y, 43%",unmatched,,,
Hakushu - 18y,unmatched,,,
"Hakushu - Distiller Reserve, NAS, 43%",unmatched,,,
"Hazelburn -  10y, 46%, 70cl",unmatched,,,
"Hazelburn -  8y, Oloroso Cask Matured, 48.2%, 70cl",unmatched,,,
"Hepburn's Choice (NEW) - Benrinnes 9y, 351b",unmatched,,,
"Hepburn's Choice (NEW) - Blair Athol 10y, 183b",unmatched,,,
"Hepburn's Choice (NEW) - Caol Ila 9y, 388b, Wine cask",unmatched,,,
"Hepburn's Choice (NEW) - Caol Ila 9y, 797b, Sherry Cask",unmatched,,,
"Hepburn's Choice (NEW) - Caol ila 10y, 2010, 46%, 639b",unmatched,,,
"Hepburn's Choice (NEW) - Craigellachie 11y, 372b",unmatched,,,
"Hepburn's Choice (NEW) - Miltonduff 10y, 257b",unmatched,,,
"Hepburn's Choice (NEW) - Talisker 9y, 2011, 46%, 903b",matched,w033,탈리스커 9년,en
"Hepburn's Choice - Dailuaine 13y, 856b",unmatched,,,
"Hibiki - 12y, 43%",unmatched,,,
"Hibiki - 17y, 43%",unmatched,,,
"Hibiki - 21y, 43%",unmatched,,,
"Hibiki - Harmony (NAS), 43%",unmatched,,,
"Hibiki - Harmony NAS, 100th Anniversary Edition 2023, 70cl, 43%",unmatched,,,
"Hibiki - Harmony NAS, 100th Anniversary Edition, 43%, 70cl",unmatched,,,
"Hibiki - Harmony NAS, Blossom Limited Edition 2022, 700ml, 43%",unmatched,,,
"Highland Park - 12y, 40%, Viking Honour",matched,w158,하이랜드파크 12년,en
"Highland Park - 15y, 44%, Viking Heart, with Leather Bag",unmatched,,,
"Highland Park - 18y, 43%, Viking Pride",unmatched,,,
"Highland Park - 18y, 43%, Viking Pride, Full-Bodied & Refined, 700ml",unmatched,,,
"Highland Park - 21y, 46%, 2020 Release",unmatched,,,
"Highland Park - 25y, 46%, 2022 release",unmatched,,,
"John Walker & Sons - Private Collection 2017, 46.8%",unmatched,,,
"Johnnie Walker - Blue Label, 40%, 75cl",unmatched,,,
Johnnie Walker - Blue Legendary Eight,unmatched,,,
"Jura - 12y Sherry cask , 40%",matched,w117,주라 12년 셰리 캐스크,en
"Jura - 15y Sherry cask , 42.8%",unmatched,,,
"Jura - 18y, 44%",matched,w097,주라 18년,en
"Kilkerran -  8y, Bourbon Cask Matured, 55.6%",unmatched,,,
"Kilkerran -  8y, Port Cask Matured, 57.9%",unmatched,,,
"Kilkerran -  8y, Sherry Cask Matured, 57.4%",unmatched,,,
"Kilkerran - ""Heavily Peated"" Batch 11, 57.9%, 70cl",unmatched,,,
"Kilkerran - ""Heavily Peated"" Batch 12, 58.4%, 70cl",unmatched,,,
"Kilkerran - ""Heavily Peated"" Batch 9, 59.2%",unmatched,,,
"Kilkerran - 12y, 46%",unmatched,,,
"Kilkerran - 16y, 46%",unmatched,,,
"Kowloon Spirits - Single Malt Whiskey, 100ml",unmatched,,,
"Kowloon Spirits - Single Malt Whiskey, 40%, 750ml",unmatched,,,
"Lagavulin - 10y, 43%",unmatched,,,
"Lagavulin - 16y, 43%",unmatched,,,
"Lagavulin - 8y, 48%",unmatched,,,
"Laphroaig - 10y, 43%",matched,w035,라프로익 10년,en
"Laphroaig - 10y, Cask Strength, Batch 14, 58.6%",matched,w035,라프로익 10년,en
"Laphroaig - 16y, 48%",unmatched,,,
"Laphroaig - 25y, 2016, Edition, 48.6%",unmatched,,,
"Laphroaig - 28y, Limited Edition, 44.4%",unmatched,,,
"Laphroaig - 30y, 2024 Release, 45.8%,70cl",unmatched,,,
"Laphroaig - Quarter Cask, 48%",unmatched,,,
"Laphroaig - Select Cask, 40%",matched,w102,라프로익 오크 셀렉트,en
"Longrow - 100 Proof Peated 57.1%, 70cl",unmatched,,,
"Longrow - 18y, 46%, 70cl",unmatched,,,
Longrow - Peated 46%,unmatched,,,
MacNair's Lum Reek 12年泥煤款純麥威士忌,unmatched,,,
MacNair's Lum Reek 21年泥煤款純麥威士忌,unmatched,,,
"Macallan - A Night On Earth THE FIRST LIGHT, 2025 Release, 43%",unmatched,,,
"Macallan - A Night On Earth in JEREZ, 2024 Release, 43%",unmatched,,,
"Macallan - A Night On Earth in Scotland, 2021 Release, 40%,",unmatched,,,
"Macallan - A Night On Earth in Scotland, 2022 Release, 43%",unmatched,,,
"Macallan - A Night On Earth in Scotland, 2023 Release, 43%",unmatched,,,
"Macallan - Classic Cut, 2023 Release, 50.3%",unmatched,,,
"Macallan - Double Cask, 12y, 2018 release, 40%",matched,w012,맥캘란 12년 더블캐스크,en
"Macallan - Double Cask, 12y, 2025 release, 40%",matched,w012,맥캘란 12년 더블캐스크,en
"Macallan - Double Cask, 30y, 2022 Release, 43%",unmatched,,,
"Macallan - Folio 7, 43%, 2022",unmatched,,,
"Macallan - Harmony Collection 1, Rich Cacao, 44%",unmatched,,,
"Macallan - Harmony Collection 2, Inspired by Intense Arabica, 44%",unmatched,,,
"Macallan - Harmony Collection 3, Amber Meadow, 44.2%",unmatched,,,
"Macallan - Harmony Collection 4, Vibrant Oak 44.2%",unmatched,,,
"Macallan - Harmony Collection 5, Phoenix Honey Orchid Tea 43.9%",unmatched,,,
"Macallan - James Bond Diamonds are Forever 55th Anniversary 2025 Release, 18y, 45.5%",unmatched,,,
"Macallan - Rare Cask 2016 release, 43%",unmatched,,,
"Macallan - Rare Cask, 2022 Release, 43%",unmatched,,,
"Macallan - Rare Cask, 2023 Release, 43%",unmatched,,,
"Macallan - Rare Cask, 2024 Release, 43%",unmatched,,,
"Macallan - Rare Cask, Black, 48%",unmatched,,,
"Macallan - Sherry Oak 12y, 2025 release, 40%",unmatched,,,
"Macallan - Sherry Oak 25y, 43%, 2025 release",unmatched,,,
"Macallan - Sherry Oak Cask, 12y, 40% ( 50ml )",unmatched,,,
"Macallan - Sherry Oak, 18y, 2022 release, 43%",matched,w170,맥캘란 셰리오크 18년,en
"Macallan - Sherry Oak, 18y, 2026 release, 43%",matched,w170,맥캘란 셰리오크 18년,en
"Macallan - Sherry Oak, 30y, 2022 release, 43%",unmatched,,,
"Macallan - Sherry Oak, 30y, 2023 release, 43%",unmatched,,,
"Macallan - Sir Peter Blake, 2020 release, 47.7%",unmatched,,,
"Macallan - Triple Cask, 12y, 2018 release, 40%",unmatched,,,
"Maclean's Nose - Blended Scotch Whisky, 46%, 70cl",unmatched,,,
"Mars - Iwai, 40%",unmatched,,,
"Mars - Iwai, Tradition, 40%",unmatched,,,
"Mars - Iwai, Traditon, Sherry Cask Finish, 40%",unmatched,,,
"Mars - Komagatake 2016, Sherry Hogshead #3365, 60%",unmatched,,,
"Mars - Komagatake Single Malt Japanese Whisky, 45%, 70cl",unmatched,,,
"Mars - Komagatake, Single Cask Asian Exclusive #2122, 62%",unmatched,,,
"Mars - Komagatake, Tsunuki Aging, 2020 Release, 54%",unmatched,,,
"Mars - Tsunuki Single Malt, 2025 Edition, 49%, 70cl",unmatched,,,
"Master of Malt -  Dailuaine 9y, 59.1%, 70cl, 320B",unmatched,,,
"Master of Malt -  Linkwood 16y, 56.5%, 70cl, 278B",unmatched,,,
"Master of Malt -  Mortlach 12y, 61.6%, 70cl, 300B",unmatched,,,
"Master of Malt - A Secret Islay Distillery 31y 1990, 47.4%, 70cl, 186B",unmatched,,,
"Master of Malt - Ben Nevis 26y 1998, 45.5%, 70cl, 301B",unmatched,,,
"Master of Malt - Bunnahabhain 15y 2009, 50.9%, 70cl, 324B",unmatched,,,
"Master of Malt - Cambus 34y 1990, 47.2%, Single Grain, 70cl, 259B",unmatched,,,
"Master of Malt - Glen Elgin 16y 2006, 51%, 70cl, 271B",unmatched,,,
"Master of Malt - Glenlivet 26y 1998, 55.7%, 70cl, 99B",unmatched,,,
"Master of Malt - Ledaig 23y 1995, 47.4%, 70cl, 188B",unmatched,,,
"Michel Couvreur -  Intravagan'za, Whisky, 50%",unmatched,,,
"Michel Couvreur -  Pale Single-Single Malt Whisky, 45%",unmatched,,,
"Michel Couvreur - Blossoming Auld Sherried, 46%",unmatched,,,
"Michel Couvreur - CAP A PIE, Whisky, 45%",unmatched,,,
"Michel Couvreur - Candid, Malt Whisky, 49%",unmatched,,,
"Michel Couvreur - Couvreur's Clearach, Edition 2019-2022, 43%",unmatched,,,
"Michel Couvreur - Overaged Malt, Whisky, 43%",unmatched,,,
"Michel Couvreur - Special Vatting, Malt Whisky, 45%",unmatched,,,
"Michel Couvreur - The Unique, Whisky, 44%",unmatched,,,
"Miyagikyo - 宮城峽 Single Malt Whisky NAS, 45%",unmatched,,,
"Miyagikyo - 宮城峽 Single Malt Whisky NAS, 45%, 50ml",unmatched,,,
"Mortlach - 12y, 43.4%",unmatched,,,
"Mortlach - 16y, 43.4%",unmatched,,,
"Mortlach - Special Release 2023, 58%",unmatched,,,
"Murray McDavid - Benchmark, Aultmore 15y, 2008-2024, PX & OL & Amarone wine cask finish, 51.4%, 1127b",unmatched,,,
"Murray McDavid - Benchmark, Caol Ila 12y, 2012-2024, wild beer stout cask finish, 52.3%, 1502b, Peated",unmatched,,,
"Murray McDavid - Benchmark, Glentauchers 9y, 2014-2024, st julien wine cask finish, 52.1%, 1326b",unmatched,,,
"Murray McDavid - Benchmark, Inchgower 15y, 2009-2024, Pacherenc wine cask finish, 53.1%, 1493b",unmatched,,,
"Murray McDavid - Benchmark, Miltonduff 15y, 2008-2024, OLO PX finish, 53.9%, 1493b",unmatched,,,
"Murray McDavid - Cask Craft, Benrinnes Distillery, Port Cask Finish, 44.5%",unmatched,,,
"Murray McDavid - Cask Craft, Inchgower Distillery, Madeira Cask Finish, 44.5%",unmatched,,,
"Murray McDavid - Cask Craft, Tullibardine distillery, Sherry Cask Finish, 44.5%",unmatched,,,
"Murray McDavid - Crafted Blend, Half n Half 13y, 2010-2014, Spey Valley Stout Cask Finish, Lowland, 51.5%, 660b",unmatched,,,
"Murray McDavid - Crafted Blend, Rebel's Reserve, 50%, 1658b",unmatched,,,
"Murray McDavid - Mission Gold, Fettercairn 28y, 1995-2024, PX OL Wine finish, 51.2%, 667b",unmatched,,,
"Murray McDavid - Mission Gold, North British 35y, 1988-2024, ex-islay cask finish, 52.1%, 727b",unmatched,,,
"Murray McDavid - Select Grain, North British 15y, 2009-2024, Islay & Tokaji & Olo finish, 49.5%, 963b",unmatched,,,
"Murray McDavid - The Vatting, The Speysiders 13y, 2010-2024, blended malt, px cask finish, 54.1%, 1294b",unmatched,,,
NIKKA 90週年紀念版威士忌,unmatched,,,
NIKKA DAYS 調和威士忌,unmatched,,,
NIKKA WHISKY FROM THE BARREL 威士忌原酒,unmatched,,,
NIKKA 一甲威士忌原酒 限量三入組,unmatched,,,
NIKKA 一甲威士忌原酒 限量雙入組,unmatched,,,
NIKKA 弗朗提亞威士忌,unmatched,,,
NIKKA 意志調和威士忌禮盒,unmatched,,,
NIKKA(一甲) 科菲穀物威士忌,unmatched,,,
NIKKA(一甲) 科菲麥芽威士忌,unmatched,,,
"Nikka - Days, 40%",unmatched,,,
"Nikka - Tailored, Premium Blended Whisky",unmatched,,,
"Nikka - Whisky From The Barrel, 51.4%, 500ml",unmatched,,,
OMAR 13年原桶強度PX雪莉桶 「花間酌趣」套組,unmatched,,,
OMAR 14年原桶強度PX雪莉桶 「寶島采風」套組,unmatched,,,
OMAR 三桶單一麥芽威士忌 臺北市立動物園110週年X買酒網聯名紀念酒,unmatched,,,
OMAR 原桶強度 IPA桶,unmatched,,,
OMAR 原桶強度 柳丁桶,unmatched,,,
OMAR 原桶強度 波本桶,unmatched,,,
OMAR 原桶強度 泥煤新橡木桶,unmatched,,,
OMAR 原桶強度 荔枝桶,unmatched,,,
OMAR 原桶強度 葡萄酒桶,unmatched,,,
OMAR 原桶強度 雪莉桶,unmatched,,,
OMAR 波本花香,unmatched,,,
OMAR 豐收系列 NO.1,unmatched,,,
OMAR 豐收系列 NO.3,unmatched,,,
OMAR 雪莉果乾,unmatched,,,
OMAR 龍騰青雲 三桶單一麥芽威士忌,unmatched,,,
"Oban - Special Release 2023, 11y, 58%",unmatched,,,
"Rare Find - Blended Malt Scotch 34y, 54.9%",unmatched,,,
"Rare Find - Dailuaine 15y, 55.3%",unmatched,,,
"Rare Find - Glenallachie 14y, 62.3%",unmatched,,,
"Rare Find - Highland Blended Malt Scotch 27y, 52.3%",unmatched,,,
"Rare Find - Ledaig 12y, 56.5%",unmatched,,,
"Rare Find - Mortlach 10y, 59.3%",unmatched,,,
"Royal Brackla - 12y, 46%, Sherry Cask Finish",matched,w026,로얄 브라클라 12년,en
"Royal Brackla - 18y, 46%, Sherry Cask Finish",unmatched,,,
"Royal Brackla - 21y, 46%, Sherry Cask Finish",matched,w172,로얄 브라클라 21년,en
SMOS 單桶系列 低地區(2009) 13年原酒,unmatched,,,
SMOS 單桶系列 媞安尼克蒸餾廠(2007) 15年原酒,unmatched,,,
SMOS 特選原桶系列 大雲蒸餾廠(2011) 10年,unmatched,,,
SMOS 特選原桶系列 本利林蒸餾廠(2009) 12年,unmatched,,,
SMOS 精選系列 帝國蒸餾廠 26年原酒,unmatched,,,
SMOS 精選系列 斯貝賽蒸餾廠 25年原酒,unmatched,,,
SMOS 精選系列 格蘭路思蒸餾廠 31年原酒,unmatched,,,
SMOS 精選系列 艾雷島 30年原酒,unmatched,,,
"Sakurao - 3y, Single Cask #5149, 59.6%, (Asia Exclusive)",unmatched,,,
"Sakurao - Single Malt Japanese  Whisky, 43%, 70cl",unmatched,,,
"Shindo - Experimental 01, Single Malt Japanese Whisky, 50%, 70cl",unmatched,,,
"Singleton - 18y, Cask Strength",unmatched,,,
"Singleton of Glendullan - Special Release 2023, 14y, 55%",unmatched,,,
"Smokehead - Extra Rare, 1 Ltr",matched,w126,스모크헤드 오리지널,en
"Smokehead - Islay Single Malt Whisky, 43%",matched,w126,스모크헤드 오리지널,en
"Smokehead - Unfiltered Islay Single Malt Whisky, 46%",matched,w126,스모크헤드 오리지널,en
"Springbank - 100 proof, 5y, 57.1%, 70cl",unmatched,,,
"Springbank - 10y, 46%, 70cl",unmatched,,,
"Springbank - 10y, Amontillado Cask Matured 55%, 70cl",unmatched,,,
"Springbank - 10y, Local Barley, 55.2%, 70cl",unmatched,,,
"Springbank - 10y, Sherry Fino Cask Matured 55%, 70cl",unmatched,,,
"Springbank - 12y, Cask Strength 55.9%, 70cl",unmatched,,,
"Springbank - 12y, Cask Strength 56.2%, 70cl",unmatched,,,
"Springbank - 18y, 46%",unmatched,,,
"Springbank - 21y (2024 release), 46%",unmatched,,,
"Springbank - 8y, Local Barley, 58.1%, 70cl",unmatched,,,
THE NIKKA 一甲 雙境 限量版威士忌,unmatched,,,
"Taketsuru - 竹鶴  Pure Malt Whisky 21YO, 43%, 70cl",unmatched,,,
"Taketsuru - 竹鶴 Pure Malt Whisky 17YO, 43%, 70cl",unmatched,,,
"Taketsuru - 竹鶴 Pure Malt Whisky NAS, 43%, 50ml",unmatched,,,
Talisker - 10y,matched,w032,탈리스커 10년,en
"Talisker - 18y, 45.8%",unmatched,,,
"Talisker - 25y, 45.8%",unmatched,,,
"Talisker - Storm, Single Malt, 70cl, 45.8%",matched,w243,탈리스커 다크 스톰,en
"Tamdhu - Speyside Single Malt Scotch Whisky, Aged 12 Years, 43%",unmatched,,,
"Tamdhu - Speyside Single Malt Scotch Whisky, Aged 15 Years, 46%",matched,w016,탐두 15년,en
"Tamdhu - Speyside Single Malt Scotch Whisky, Batch Strength 57.5%",unmatched,,,
"Tankyu Distillery - Whisky New Make, 63%, 10cl",unmatched,,,
"That Boutique-y Whisky Co. - American Bourbon Whiskey, 10y, 45.8%",unmatched,,,
"That Boutique-y Whisky Co. - Blended Grain, 30y, 45.8%",unmatched,,,
"That Boutique-y Whisky Co. - Canadian Corn Whisky, 8y, 45.8%",unmatched,,,
"That Boutique-y Whisky Co. - English Rye, 8y, 45.8%",unmatched,,,
"That Boutique-y Whisky Co. - Irish whiskey, 21y, 45.8%",unmatched,,,
"That Boutique-y Whisky Co. - Islay Single Malt, 45.8%",unmatched,,,
"That Boutique-y Whisky Co. - Peated HIghland Single Malt, 18y, 45.8%",unmatched,,,
"That Boutique-y Whisky Co. - Speyside Single Malt, 12y, 45.8%",unmatched,,,
"That Boutique-y Whisky Co. - World Whisky Blend, 41.6%",unmatched,,,
"The First Editions - Auchroisk 21y, 1994, 57.6%, 277b",unmatched,,,
"The First Editions - Auchroisk 25y, 1996, 48%, 541b",unmatched,,,
"The First Editions - Ben Nevis 24y, 1996, 57%, 258b",unmatched,,,
"The First Editions - Benrinnes 15y, 2007, 55.6%, 277b",unmatched,,,
"The First Editions - Bowmore 23y, 48%, 1996, 116b",unmatched,,,
"The First Editions - Bruichladdich 28y, 50.7%, 1991, 295b",unmatched,,,
"The First Editions - Cragganmore 26y, 1995, 54.7%, 590b",unmatched,,,
"The First Editions - Craigellachie 14y, 2008, 56.8%, 242b",unmatched,,,
"The First Editions - Craigellachie 15y, 2007, 56.3%, 561b",unmatched,,,
"The First Editions - Dailuaine 21y, 2000, 56.3%, 249b",unmatched,,,
"The First Editions - Fettercairn 14y, 2008, 58.1%, 214b",unmatched,,,
"The First Editions - Glen Keith 26y, 1993, 56.7%, 162b",unmatched,,,
"The First Editions - Glen Keith 28y, 1993, 56.4%, 149b",unmatched,,,
"The First Editions - Glenrothes 23y, 1997, 48.8%, 247b",unmatched,,,
"The First Editions - Macduff 21y, 1997, 54.4%, 288b",unmatched,,,
"The First Editions - North British (Single Grain) 33y, 1988, 48.9%, 157b",unmatched,,,
"The First Editions - Royal Brackla 15y, 2007, 56.6%, 162b",unmatched,,,
"The First Editions - Royal Lochnagar 19y, 55.5%, 2000, 384b",unmatched,,,
"The First Editions - Tamnavulin 27y, 47.6%, 1991, 255b",unmatched,,,
"The First Editions - Tomatin 25y, 1994, 47.9%, 402b",unmatched,,,
"The First Editions - Tormore 30y, 46.3%, 1988, 150b",unmatched,,,
"The First Editions Authors' Series - Ardbeg 21y, 1993, 56.4%, Rudyard Kipling",unmatched,,,
"The First Editions Authors' Series - Littlemill 30y, 1990, 47.8%, 263b",unmatched,,,
"The Maltman - Macallan 25y, 1989, 49.5%, 239b (Red Box)",unmatched,,,
"The Maltman - Master Series, Edition 1, Macallan 25y, 1989, 47.9%, 385b (Cream Box)",unmatched,,,
"The Maltman - Master Series, Edition 2, Glenrothes 25y, 1989, 48.2%(Brown Box)",unmatched,,,
"The Owner's Selection - Islay Single Malt, (Unnameable Laphroaig) 30y, (1993-2024), 48%, 350b",matched,w102,라프로익 오크 셀렉트,en
"The Portuguese - Small Batch Blended Whisky, 48%",unmatched,,,
"The Whisky Age - Laphroaig 16y, 2006, 56.9%, 108B ( Whisky Fest Takao 2022 )",unmatched,,,
"The Whisky Agency - Irish Single Malt, XO, 48.4 %",unmatched,,,
"The Whisky Agency - Pili Selection, Littlemil 25y, Bunnahabhain 34y (Set)",unmatched,,,
"The Whisky Agency - Pili Selection, Littlemill 25y",unmatched,,,
"Togouchi - Japanese Blended Whisky, Peated Cask Finish, 40%, 70cl",unmatched,,,
"Togouchi - Single Malt Japanese  Whisky, 43%, 70cl",unmatched,,,
"Venakki Woodwork - Portuguese Single Malt, Matured in 20y Port Tawny Cask N.1, 63.8%",unmatched,,,
"Venakki Woodwork - Portuguese Single Malt, Matured in Brandy Cask N.5, 65.5%",unmatched,,,
"Venakki Woodwork - Portuguese Single Malt, Matured in Douro Wine STR Cask N.9, 64.8%",unmatched,,,
"Venakki Woodwork - Portuguese Single Malt, Matured in Madeira Medium Rich Cask N.10, 63.5%",unmatched,,,
"Whisky Row - Blended Malt Scotch, Rich & Spicy, 46%",unmatched,,,
"Whisky Row - Blended Malt Scotch, Smooth & Sweet, 46%",unmatched,,,
"Woodrow's - Blended Malt Scotch Whisky, 50%ABV, 700ml",unmatched,,,
"Woodrow's - Bunnahabhain 16y, 54.2%",unmatched,,,
"Woodrow's - Girvan 30y, 53.7%, Single Grain Whisky",unmatched,,,
"Woodrow's - Mannochmore 15y, 54.1%",unmatched,,,
"Wormtub - Speyside, 10y, 56.1%",unmatched,,,
"Yamazaki - 12y, 43%",unmatched,,,
"Yamazaki - 12y, 50ml, 43%",unmatched,,,
"Yamazaki - 18y, 43%",unmatched,,,
"Yamazaki - 18y, Mizunara Cask 2025 Release, 48%, 70cl",unmatched,,,
"Yamazaki - Distiller's Reserve, NAS, 43%",unmatched,,,
"Yoichi - 余市 Single Malt Whisky 10YO, 45%, 70cl",unmatched,,,
"Yoichi - 余市 Single Malt Whisky NAS, 45%, 50ml",unmatched,,,
"Yoichi - 余市 Single Malt Whisky NAS, 45%, 70cl",unmatched,,,
三郎丸蒸餾所貯藏梅酒(紅),unmatched,,,
三隻猴子 100%麥芽威士忌,unmatched,,,
亞伯樂 12年,unmatched,,,
亞伯樂 12年 (非冷凝過濾),unmatched,,,
亞伯樂 14年初次填充波本桶單桶原酒 #27659,unmatched,,,
亞伯樂 14年雙桶,unmatched,,,
亞伯樂 15年小批次雙桶原酒,unmatched,,,
亞伯樂 16年雙桶,unmatched,,,
亞伯樂 17年小批次雙桶原酒,unmatched,,,
亞伯樂 18年雙桶,unmatched,,,
亞伯樂 A' Bunadh Alba 波本桶珍稀原酒,unmatched,,,
亞伯樂 首選原桶 #80,unmatched,,,
京都威士忌 西陣織 七寶琉璃,unmatched,,,
京都威士忌 西陣織 七寶琉璃 水楢桶 (藍),unmatched,,,
京都威士忌 西陣織 紫帶,unmatched,,,
京都威士忌 西陣織 赤帶,unmatched,,,
京都威士忌 西陣織 雪莉桶 午馬,unmatched,,,
京都威士忌 西陣織 黑帶,unmatched,,,
仕高利達 12年,unmatched,,,
仕高利達 經典(紅) (1L),unmatched,,,
仕高利達 金牌,unmatched,,,
低地之王 玫瑰河畔30年,unmatched,,,
余市 10年 單一麥芽威士忌 木盒珍藏版,unmatched,,,
余市 單一麥芽威士忌,unmatched,,,
信州藏 調和威士忌,unmatched,,,
傑克丹尼 田納西威士忌,unmatched,,,
傑克丹尼 田納西威士忌 迷你酒,unmatched,,,
傑克丹尼 田納西蘋果威士忌利口酒,unmatched,,,
傑克丹尼 田納西蘋果威士忌利口酒 迷你酒,unmatched,,,
傑克丹尼 田納西蜂蜜威士忌利口酒,unmatched,,,
傑克丹尼 田納西蜂蜜威士忌利口酒 迷你酒,unmatched,,,
克里尼基 10年限量原酒 爵士漸強 (帝亞吉歐2023臻選系列),unmatched,,,
克里尼基 12年限量原酒 金眸豹貓 (帝亞吉歐2022臻選系列),unmatched,,,
克里尼基 14年,unmatched,,,
凱利 40年限量原酒,unmatched,,,
卡斯可 2000 Dumbarton 單桶蘇格蘭威士忌原酒,unmatched,,,
卡杜 14年限量原酒 (帝亞吉歐2021臻選系列),unmatched,,,
卡杜 16年限量原酒 曜岩仙境 (帝亞吉歐2022臻選系列),unmatched,,,
卡爾里拉 11年限量原酒 騰雲饗宴 (帝亞吉歐2024臻選系列),unmatched,,,
卡爾里拉 12年,unmatched,,,
卡爾里拉 25年,unmatched,,,
厚岸蒸餾所 大寒 2022限定版調和威士忌,unmatched,,,
厚岸蒸餾所 立冬,unmatched,,,
厚岸蒸餾所 處暑,unmatched,,,
史塔其 古董收藏系列 波本威士忌 George T. Stagg Antique Collection Kentucky Straight Bourbon Whiskey,unmatched,,,
吉拉 12年雪莉桶,unmatched,,,
吉拉 15年雪莉桶,unmatched,,,
吉拉 18年 獨獻台灣特仕版禮盒,unmatched,,,
吉拉 桶藝系列 紅酒桶,unmatched,,,
君霸 特陳蘇格蘭威士忌,unmatched,,,
嘉之助蒸餾所 NEW POT (200ml),unmatched,,,
噶瑪蘭 15年 (2025版),unmatched,,,
噶瑪蘭 十五週年紀念版 Vintage 2009 Oloroso雪莉桶原酒,unmatched,,,
噶瑪蘭 層豐雪莉三桶,unmatched,,,
噶瑪蘭 山川首席 波特風味桶,unmatched,,,
噶瑪蘭 山川首席 葡萄酒風味桶,unmatched,,,
噶瑪蘭 山川首席 雪莉風味桶,unmatched,,,
噶瑪蘭 波特桶,unmatched,,,
噶瑪蘭 泥煤探尋者 OLOROSO 雪莉桶泥煤威士忌原酒,unmatched,,,
噶瑪蘭 泥煤探尋者 波本桶泥煤威士忌原酒,unmatched,,,
噶瑪蘭 珍選 NO.1,unmatched,,,
噶瑪蘭 珍選 NO.2,unmatched,,,
噶瑪蘭 珍選NO.1 迷你酒,unmatched,,,
噶瑪蘭 經典,unmatched,,,
噶瑪蘭 經典獨奏 FINO雪莉桶原酒,unmatched,,,
噶瑪蘭 經典獨奏 MOSCATEL雪莉桶原酒,unmatched,,,
噶瑪蘭 經典獨奏 OLOROSO雪莉桶原酒,unmatched,,,
噶瑪蘭 經典獨奏 VINHO葡萄桶原酒,unmatched,,,
噶瑪蘭 經典獨奏 波本桶原酒,unmatched,,,
噶瑪蘭 經典獨奏 波特桶原酒,unmatched,,,
噶瑪蘭 葡萄酒桶,unmatched,,,
噶瑪蘭山川首席雪莉風味桶單一麥芽威士忌禮盒,unmatched,,,
噶瑪蘭經典獨奏 波本原酒桶 0.7L,unmatched,,,
噶瑪蘭經典獨奏FINO雪莉桶威士忌 0.7L,unmatched,,,
噶瑪蘭經典獨奏Moscatel雪莉桶威士忌原酒 0.75L,unmatched,,,
噶瑪蘭經典獨奏VINHO葡萄酒桶威士忌原酒  0.7L,unmatched,,,
坦杜 12年雪莉桶,unmatched,,,
坦杜 15年雪莉桶,unmatched,,,
坦杜 18年雪莉桶,unmatched,,,
坦杜 2008年美洲橡木雪莉單桶 NO.5409 台灣限定版,unmatched,,,
坦杜 2009年歐洲橡木雪莉單桶 NO.4536 台灣限定版,unmatched,,,
坦杜 兔年生肖版 亞洲獨家限量版雪莉桶批次原酒,unmatched,,,
坦杜 時光雙璧系列 21年雪莉桶,unmatched,,,
坦杜 珍藏版雪茄原酒第三版,unmatched,,,
坦杜 珍藏版雪茄原酒第二版,unmatched,,,
坦杜 臻橡系列 美國白橡木雪莉桶,unmatched,,,
坦杜 限量批次雪莉桶原酒 NO.7,unmatched,,,
坦杜 雪莉桶原酒 生肖系列 火馬年限定版,unmatched,,,
坦杜 雪莉桶原酒 生肖系列 龍年限定版,unmatched,,,
塔木嶺 玩桶系列 德國黑皮諾紅酒桶,unmatched,,,
塔木嶺 玩桶系列 白蘇維濃葡萄酒桶,unmatched,,,
塔木嶺 玩桶系列 西班牙格那希紅酒桶,unmatched,,,
塔木嶺 雙桶威士忌,unmatched,,,
塔木嶺 雪莉三桶,unmatched,,,
塔木嶺 雪莉三桶 2026馬年限定包裝,unmatched,,,
大摩 12年,unmatched,,,
大摩 12年 雪莉三桶,unmatched,,,
大摩 15年,unmatched,,,
大摩 15年 2026限定版禮盒,unmatched,,,
大摩 18年,unmatched,,,
大摩 25年,unmatched,,,
大摩 三重奏,unmatched,,,
大摩 五重奏,unmatched,,,
大摩 亞歷山大紀念款,unmatched,,,
大摩 亞歷山大紀念款 蛇年奢藝版,unmatched,,,
大摩 亞歷山大紀念款 馬年新春禮盒,unmatched,,,
大摩 典藏珍稀年份 VINTAGE 2003,unmatched,,,
大摩 典藏珍稀年份 VINTAGE 2007,unmatched,,,
大摩 典藏珍稀年份 VINTAGE 2008,unmatched,,,
大摩 典藏珍稀年份 VINTAGE 2009,unmatched,,,
大摩 四重奏,unmatched,,,
大摩 極尊波特桶,unmatched,,,
大摩 璀璨21年,unmatched,,,
大摩 築光大師系列 NO.2 2024限定版,unmatched,,,
大摩 築光大師系列 NO.3 2025限定版,unmatched,,,
大摩 雪茄三桶,unmatched,,,
大摩璀璨18年 馬年新春禮盒,unmatched,,,
天空之島 12年,unmatched,,,
天空之島 18年,unmatched,,,
天空之島 21年,unmatched,,,
天空之島 21年 春節禮盒,unmatched,,,
天空之島 25年,unmatched,,,
天空之島 30年,unmatched,,,
奧德摩爾 單一麥芽威士忌,unmatched,,,
威勒 12年小麥波本威士忌 馬年限定禮盒,unmatched,,,
威勒 C.Y.P.B. 小麥波本威士忌 (白標),unmatched,,,
威勒 典藏小麥波本威士忌 (綠標),unmatched,,,
威勒 單桶小麥波本威士忌 (橘標),unmatched,,,
威勒 小麥原酒波本威士忌 (藍標),unmatched,,,
威斯克 限量62度愛爾蘭調和威士忌原酒,unmatched,,,
威雀 金冠威士忌,unmatched,,,
安努克 12年,unmatched,,,
宮城峽 單一麥芽威士忌,unmatched,,,
富特尼 12年,unmatched,,,
富特尼 25Y(新版),unmatched,,,
富特尼 HUDDART,unmatched,,,
尊美醇 愛爾蘭威士忌,unmatched,,,
尊美醇 黑桶 愛爾蘭威士忌,unmatched,,,
小磨坊 1990 #2581 33年珍稀單桶原酒,unmatched,,,
山崎 12年,unmatched,,,
山崎 12年 百年紀念款,unmatched,,,
山崎 12年 迷你酒,unmatched,,,
山崎 18年,unmatched,,,
山崎 2023年水楢桶限量版,unmatched,,,
山崎 職魂之作 2024,unmatched,,,
山崎+白州+響 2024限定套組,unmatched,,,
山崎12年+白州12年 百年紀念款套組,unmatched,,,
山蹄士 泥煤原酒 單一麥芽威士忌 (700ml),unmatched,,,
山蹄士 白雪公主系列 NO.13,unmatched,,,
巴特 波本威士忌,unmatched,,,
巴特 裸麥波本威士忌,unmatched,,,
巴素海頓 波本威士忌 (1L),unmatched,,,
布納哈本 12年,unmatched,,,
布納哈本 18年,unmatched,,,
布納哈本 25年,unmatched,,,
布納哈本 40年,unmatched,,,
布萊迪 12年,unmatched,,,
布萊迪 12年 馬年禮盒,unmatched,,,
布萊迪 15年,unmatched,,,
布萊迪 1990/27年 HB桶,unmatched,,,
布萊迪 初次填充波本單桶 CASK#0894 台灣獨享版,unmatched,,,
布萊迪 奧特摩 12.2,unmatched,,,
布萊迪 奧特摩 16.1 蘇格蘭大麥,unmatched,,,
布萊迪 奧特摩 16.2 蘇格蘭大麥,unmatched,,,
布萊迪 奧特摩 16.3 艾雷島大麥,unmatched,,,
布萊迪 波夏 10年 第二版,unmatched,,,
布萊迪 波夏 PMC波美侯紅酒桶,unmatched,,,
布萊迪 班努斯甜紅酒單桶 CASK#453 台灣獨享版,unmatched,,,
布魯克 裸麥威士忌,unmatched,,,
帝亞吉歐 2022年度原酒臻選系列套組 神話再現,unmatched,,,
帝亞吉歐 2023年度原酒臻選系列套組 無垠之旅,unmatched,,,
帝亞吉歐 2024年度原酒臻選系列套組 創藝新篇,unmatched,,,
帝亞吉歐 2025年度原酒臻選系列套組 四境珍釀,unmatched,,,
帝王 12年,unmatched,,,
帝王 15年,unmatched,,,
帝王 18年,unmatched,,,
帝王 25年,unmatched,,,
帝王 四重陳釀 21年限量版,unmatched,,,
帝王 四重陳釀 27年限量版,unmatched,,,
帝王 四重陳釀 32年限量版,unmatched,,,
帝王 白牌威士忌,unmatched,,,
忍 將軍 純麥威士忌,unmatched,,,
忍 將軍 調和威士忌,unmatched,,,
慕赫 12年,unmatched,,,
慕赫 12年 2026限定版禮盒,unmatched,,,
慕赫 14年,unmatched,,,
慕赫 15年 權力遊戲特別版 三眼烏鴉,unmatched,,,
慕赫 16年,unmatched,,,
慕赫 16年 2026限定版禮盒,unmatched,,,
慕赫 18年,unmatched,,,
慕赫 20年,unmatched,,,
慕赫 無界系列#1 破曉,unmatched,,,
慕赫 限量原酒 慕夜幻影 (帝亞吉歐2024臻選系列),unmatched,,,
慕赫 限量原酒 血月夜梟 (帝亞吉歐2022臻選系列),unmatched,,,
慕赫 限量原酒 闇夜武侍 (帝亞吉歐2023臻選系列),unmatched,,,
戶河内 8年調和威士忌,unmatched,,,
托摩 傳承系列 #44034 2009 VINTAGE 台灣單桶,unmatched,,,
托摩 傳承系列 #44038 2009 VINTAGE 台灣單桶,unmatched,,,
拉弗格 10年,unmatched,,,
拉弗格 10年雪莉桶,unmatched,,,
拉弗格 四分之一桶,unmatched,,,
拉弗格 特選桶,unmatched,,,
撒旦 肉桂威士忌利口酒,unmatched,,,
新山崎 威士忌,unmatched,,,
新白州 威士忌,unmatched,,,
新白州 迷你酒,unmatched,,,
新響 威士忌,unmatched,,,
日之丸 台灣限定版第一版 日本單一麥芽威士忌,unmatched,,,
日之丸 台灣限定版第二版 日本單一麥芽威士忌,unmatched,,,
日之丸 極選雙重奏單桶原酒 波本桶&櫻花木桶,unmatched,,,
星向 強度葡萄桶單一麥芽威士忌,unmatched,,,
星向 葡萄桶單一麥芽威士忌,unmatched,,,
星向 雙麥威士忌,unmatched,,,
星向 雪莉桶單一麥芽威士忌,unmatched,,,
本利林 21年限量原酒 飛揚樂章 (帝亞吉歐2024臻選系列),unmatched,,,
格蘭8年,unmatched,,,
格蘭傑 12年,unmatched,,,
格蘭傑 12年雪莉桶 2023新包裝,unmatched,,,
格蘭傑 14年波特桶 2023新包裝,unmatched,,,
格蘭傑 18年,unmatched,,,
格蘭傑 1996,unmatched,,,
格蘭傑 1997,unmatched,,,
格蘭傑 1998,unmatched,,,
格蘭傑 23年 森羅萬象限量版,unmatched,,,
格蘭傑 東京物語,unmatched,,,
格蘭傑 稀印,unmatched,,,
格蘭傑 稀印典藏,unmatched,,,
格蘭冠 12年,unmatched,,,
格蘭冠 18年,unmatched,,,
格蘭冠 DEVOTION 70年,unmatched,,,
格蘭冠 輕雪莉威士忌,unmatched,,,
格蘭冠 雪莉原酒 台灣限定版,unmatched,,,
格蘭利威 12年,unmatched,,,
格蘭利威 12年 (1L),unmatched,,,
格蘭利威 12年美國桶 200周年限定版,unmatched,,,
格蘭利威 12年首席三桶,unmatched,,,
格蘭利威 12年首席三桶 原酒限定版,unmatched,,,
格蘭利威 13年雪莉桶,unmatched,,,
格蘭利威 13年雪莉桶原酒 2025限量臻藏版,unmatched,,,
格蘭利威 15年法國桶,unmatched,,,
格蘭利威 15年雪莉桶,unmatched,,,
格蘭利威 15年雪莉桶原酒 2024年限定版,unmatched,,,
格蘭利威 18年,unmatched,,,
格蘭利威 21年,unmatched,,,
格蘭利威 25年,unmatched,,,
格蘭利威 40年雪莉桶原酒,unmatched,,,
格蘭哥尼 12年,unmatched,,,
格蘭哥尼 12年PluX 2024年台灣限量紫金版,unmatched,,,
格蘭哥尼 12年PluX 2025年小批次限量版,unmatched,,,
格蘭哥尼 15年,unmatched,,,
格蘭哥尼 16年水楢桶,unmatched,,,
格蘭哥尼 18年,unmatched,,,
格蘭哥尼 21年,unmatched,,,
格蘭哥尼 25年雪莉桶,unmatched,,,
格蘭哥尼 30年,unmatched,,,
格蘭哥尼 傳奇系列第三章,unmatched,,,
格蘭哥尼 傳奇系列第二章,unmatched,,,
格蘭哥尼 原酒 BATCH 9,unmatched,,,
格蘭哥尼 森藏雪莉單桶系列 2007美洲橡木單桶 CASK NO.1003,unmatched,,,
格蘭哥尼 森藏雪莉單桶系列 2011美洲橡木單桶 CASK NO.1236,unmatched,,,
格蘭哥尼 森藏雪莉單桶系列 2013歐洲橡木單桶 CASK NO.294,unmatched,,,
格蘭哥尼 穿越系列第一章 24年美洲甜白橡木桶限量版,unmatched,,,
格蘭哥尼 穿越系列第一章 美洲甜白橡木桶限量版,unmatched,,,
格蘭多納 12年,unmatched,,,
格蘭多納 12年 馬年紀念禮盒,unmatched,,,
格蘭多納 15年,unmatched,,,
格蘭多納 18年,unmatched,,,
格蘭多納 21年,unmatched,,,
格蘭多納 25年單桶原酒 1994#5079,unmatched,,,
格蘭多納 26年單桶原酒 1993#6733,unmatched,,,
格蘭多納 27年單桶原酒 1991#8024,unmatched,,,
格蘭多納 27年單桶原酒 1991#8025,unmatched,,,
格蘭多納 28年單桶原酒 1993#4198,unmatched,,,
格蘭多納 29年單桶原酒 1991 #7708,unmatched,,,
格蘭多納 30年單桶原酒 1992#6095,unmatched,,,
格蘭多納 30年單桶原酒 1993#7275,unmatched,,,
格蘭多納 31年單桶原酒 1990 #7423,unmatched,,,
格蘭多納 31年單桶原酒 1993#6325,unmatched,,,
格蘭多納 GRANDEUR系列 28年 BATCH 11,unmatched,,,
格蘭多納 GRANDEUR系列 29年 BATCH 12,unmatched,,,
格蘭多納 大師詠選系列第一樂章 臻選PX,unmatched,,,
格蘭多納 大師詠選系列第二樂章 雋永泥煤,unmatched,,,
格蘭多納 桶裝強度原酒 BATCH 11,unmatched,,,
格蘭多納 桶裝強度原酒 BATCH 12,unmatched,,,
格蘭帝 25年,unmatched,,,
格蘭帝 坎貝爾鎮嘉年華 2025,unmatched,,,
格蘭帝 坎貝爾鎮嘉年華 2026,unmatched,,,
格蘭帝 坎貝爾鎮嘉年華2024,unmatched,,,
格蘭帝 坎貝爾鎮圖騰系列 美人魚,unmatched,,,
格蘭帝 雙桶,unmatched,,,
格蘭昆奇 27年限量原酒 花卉寶藏 (帝亞吉歐2023臻選系列),unmatched,,,
格蘭花格 105原酒 22年,unmatched,,,
格蘭花格 15年,unmatched,,,
格蘭花格 17年,unmatched,,,
格蘭花格 21年精裝版,unmatched,,,
格蘭花格 25年,unmatched,,,
格蘭花格 30年,unmatched,,,
格蘭花格 50年,unmatched,,,
格蘭花格 特殊雪莉10年,unmatched,,,
格蘭花格 福爾摩沙精選第三批次 1989#13032 單桶原酒,unmatched,,,
格蘭花格 福爾摩沙精選第三批次 1990#9257 單桶原酒,unmatched,,,
格蘭花格 福爾摩沙精選第三批次 1991#5680 單桶原酒,unmatched,,,
格蘭花格 福爾摩沙精選第三批次 2022年度臻選限量典藏組,unmatched,,,
格蘭花格 紅門窖藏原酒系列 2005,unmatched,,,
格蘭花格 紅門窖藏原酒系列 2007,unmatched,,,
格蘭花格 紅門窖藏原酒系列 2012,unmatched,,,
格蘭花格 紅門窖藏原酒系列 EDITION 10 2014,unmatched,,,
格蘭花格 紅門窖藏原酒系列 EDITION 9 2013,unmatched,,,
格蘭花格 紅門窖藏原酒系列三入套組 (2005+2007+2012),unmatched,,,
格蘭花格 紅門窖藏原酒系列三入套組 (2013+2014+2015)(不含外盒),unmatched,,,
格蘭菲迪 12年 (1L),unmatched,,,
格蘭菲迪 12年天使雪莉,unmatched,,,
格蘭菲迪 16年 ASTON MARTIN 聯名限定版,unmatched,,,
格蘭菲迪 18年,unmatched,,,
格蘭菲迪 18年 小批次雪莉桶,unmatched,,,
格蘭菲迪 21年 福鹿限定版,unmatched,,,
格蘭菲迪 22年雪莉酒桶,unmatched,,,
格蘭菲迪 23年 頂級法國葡萄桶,unmatched,,,
格蘭菲迪 26年干邑桶,unmatched,,,
格蘭菲迪 時光臻藏系列 30年,unmatched,,,
格蘭菲迪 時光臻藏系列 40年,unmatched,,,
格蘭菲迪12年單一麥芽威士忌 40% 0.7L,unmatched,,,
格蘭菲迪12年天使雪莉單一麥芽威士忌禮盒,unmatched,,,
格蘭菲迪12年天使雪莉桶單一麥芽威士忌 43% 0.7L,unmatched,,,
格蘭菲迪15年,unmatched,,,
格蘭菲迪15年單一麥芽威士忌 40% 0.7L,unmatched,,,
格蘭菲迪18年單一麥芽威士忌 40% 0.7L,unmatched,,,
格蘭菲迪22年雪莉酒桶單一麥芽蘇格蘭威士忌 44.3% 0.7L,unmatched,,,
"格蘭菲迪23年法國葡萄酒桶 700ml 40%, Glenfiddich Grand Cru 23 Year Old Whisky 700ml 40%",unmatched,,,
格蘭路思 19年單桶原酒 #1433,unmatched,,,
格蘭路思 25年,unmatched,,,
格蘭路思 30年,unmatched,,,
格蘭路思 WHISKY MAKERS CUT,unmatched,,,
格蘭路思 時淬之藝 18年,unmatched,,,
格蘭路思 時淬之藝 25年,unmatched,,,
格蘭路思 雪莉單桶印象系列套組,unmatched,,,
樂加維林 12年限量原酒 傳奇之墨 (帝亞吉歐2023臻選系列),unmatched,,,
樂加維林 16年,unmatched,,,
樂加維林 28年單桶原酒 1991-2019,unmatched,,,
櫻尾 單一麥芽威士忌,unmatched,,,
歐佛斯特 特色100波本威士忌,unmatched,,,
歐佛斯特 經典86波本威士忌,unmatched,,,
歐本 10年限量原酒 極光聖使 (帝亞吉歐2022臻選系列),unmatched,,,
歐本 10年限量原酒 海濱盛豔 (帝亞吉歐2024臻選系列),unmatched,,,
歐本 11年限量原酒 海之女神 (帝亞吉歐2023臻選系列),unmatched,,,
歐本 12年限量原酒 (帝亞吉歐2021臻選系列),unmatched,,,
歐本 14年,unmatched,,,
歐肯 12年,unmatched,,,
歐肯 14年豐馥紫雪莉桶 台灣限定版,unmatched,,,
歐肯 18年,unmatched,,,
歐肯 21年,unmatched,,,
歐肯 24年,unmatched,,,
歐肯 三桶,unmatched,,,
歐肯 白蘇維濃桶,unmatched,,,
歐肯 美國桶,unmatched,,,
汀士頓 12年雪莉桶,unmatched,,,
汀士頓 1785傳承雪莉桶 二次陳釀,unmatched,,,
汀士頓 蛻變系列#3 蘊育者,unmatched,,,
汀士頓 蛻變系列#4 凝聚者,unmatched,,,
汀士頓 蛻變系列#5 織夢者,unmatched,,,
波摩 12年,unmatched,,,
波摩 12年 雪莉桶風味,unmatched,,,
波摩 15年,unmatched,,,
波摩 15年 雪莉桶風味,unmatched,,,
波摩 18年,unmatched,,,
波摩 18年 大師鉅作系列 Aston Martin 聯名款,unmatched,,,
波摩 18年 雪莉桶風味,unmatched,,,
波摩 21年 Aston Martin 大師鉅作系列 第一版,unmatched,,,
波摩 21年 Aston Martin 大師鉅作系列 第四版,unmatched,,,
波摩 21年 雪莉桶風味,unmatched,,,
波摩 22年 Aston Martin 大師鉅作系列 第三版,unmatched,,,
波摩 22年 Aston Martin 大師鉅作系列 第二版,unmatched,,,
波摩 25年,unmatched,,,
波摩 27年 時光永恆系列,unmatched,,,
泰斯卡 10年,unmatched,,,
泰斯卡 11年限量原酒 深海燦光 (帝亞吉歐2022臻選系列),unmatched,,,
泰斯卡 18年,unmatched,,,
泰斯卡 2022酒廠限定版,unmatched,,,
泰斯卡 25年,unmatched,,,
泰斯卡 41年 極奢原酒1979-2020,unmatched,,,
泰斯卡 8年限量原酒 (帝亞吉歐2021臻選系列),unmatched,,,
泰斯卡 8年限量原酒 湧恆潮汐 (帝亞吉歐2024臻選系列),unmatched,,,
泰斯卡 PARLEY聯名限量版,unmatched,,,
泰斯卡 X系列 44年限量原酒,unmatched,,,
泰斯卡 波特,unmatched,,,
泰斯卡 蔚藍之星,unmatched,,,
泰斯卡 限量原酒 狂野探險家 (帝亞吉歐2023臻選系列),unmatched,,,
泰斯卡 風暴,unmatched,,,
渥福 精選波本威士忌,unmatched,,,
渥福 精選裸麥威士忌,unmatched,,,
渥福 精醇雙桶威士忌,unmatched,,,
漢特 經典調和蘇格蘭威士忌,unmatched,,,
玫瑰 波本威士忌,unmatched,,,
班瑞克 10年,unmatched,,,
班瑞克 10年煙燻 新版白標,unmatched,,,
班瑞克 12年,unmatched,,,
班瑞克 12年煙燻,unmatched,,,
班瑞克 16年,unmatched,,,
班瑞克 21年,unmatched,,,
班瑞克 25年,unmatched,,,
班瑞克 25年 1994#1849 PX單桶原酒,unmatched,,,
班瑞克 30年,unmatched,,,
班瑞克 季節系列 地板發麥,unmatched,,,
班瑞克 季節系列 煙燻,unmatched,,,
瑰嶼 12年限量原酒 摺紙風箏 (帝亞吉歐2023臻選系列),unmatched,,,
瑰嶼 12年限量原酒 摺紙風箏II (帝亞吉歐2024臻選系列),unmatched,,,
留名溪 波本威士忌,unmatched,,,
白州 12年,unmatched,,,
白州 18年,unmatched,,,
白色石楠花系列 15年,unmatched,,,
白色石楠花系列 21年,unmatched,,,
白馬 調和式威士忌,unmatched,,,
白馬 調和式威士忌 (1L),unmatched,,,
百富 12年 DOUBLEWOOD,unmatched,,,
百富 13年蜜絲佳雪莉桶 台灣限定版,unmatched,,,
百富 15年 馬德拉桶,unmatched,,,
百富 16年 法國皮諾甜酒桶,unmatched,,,
百富 18年 PX雪莉桶,unmatched,,,
百富 21年,unmatched,,,
百富 25年 珍稀系列,unmatched,,,
百富 25年經典三桶,unmatched,,,
百富 30年,unmatched,,,
百富 40年 Batch 4 草寫版,unmatched,,,
百富 40年 Batch 5 草寫版,unmatched,,,
百富 40年 新版,unmatched,,,
百富 Tun 1509 蘇格蘭斯佩賽單一麥芽威士忌Batch 6  50.4% 0.7L,unmatched,,,
百富 加勒比海蘭姆桶14年,unmatched,,,
百富 故事系列 12年糖心橡木,unmatched,,,
百富 故事系列 14年美國波本桶,unmatched,,,
百富 故事系列 18年法國皮諾甜酒桶,unmatched,,,
百富 故事系列 19年桶錘之藝,unmatched,,,
百富 故事系列 21年傾城玫瑰,unmatched,,,
百富 故事系列 No.2 14年泥煤週,unmatched,,,
百富12年單一麥芽蘇格蘭威士忌 40% 0.7L,unmatched,,,
百富14年加勒比海蘭姆酒桶單一麥芽蘇格蘭威士忌 43% 0.7L,unmatched,,,
百富16年法國皮諾甜酒桶單一麥芽威士忌 47.6%  0.7L,unmatched,,,
百富21年單一麥芽蘇格蘭威士忌 43% 0.7L,unmatched,,,
百富故事系列 12年蒙地亞甜酒桶,unmatched,,,
百富故事系列 A CLASSIC 經典之作,unmatched,,,
百富故事系列: 12年糖心橡木單一麥芽威士忌 43% 0.7L,unmatched,,,
百富故事系列: 14年泥煤週單一麥芽威士忌 48.3% 0.7L,unmatched,,,
百樂門 10年,unmatched,,,
百樂門 15年,unmatched,,,
百樂門 2012泥煤煙燻波本桶,unmatched,,,
百樂門 三次蒸餾2011限量版,unmatched,,,
百樂門 臻選年份原桶強度2013 Batch 1,unmatched,,,
百齡罈 12年 格蘭伯吉 單一麥芽威士忌,unmatched,,,
百齡罈 15年 格蘭伯吉 單一麥芽威士忌,unmatched,,,
百齡罈 17年,unmatched,,,
百齡罈 18年 格蘭伯吉 單一麥芽威士忌,unmatched,,,
百齡罈 21年,unmatched,,,
百齡罈 30年,unmatched,,,
百齡罈 紅璽,unmatched,,,
皇冠 蘇格蘭調和威士忌,unmatched,,,
皇家柏克萊 12年,unmatched,,,
皇家柏克萊 18年,unmatched,,,
皇家柏克萊 21年,unmatched,,,
皇家柏克萊 25年 PX雪莉桶,unmatched,,,
皇家柏克萊 傑出桶陳系列 15年FINO雪莉桶,unmatched,,,
皇家禮炮 21年,unmatched,,,
皇家禮炮 21年 (3L/附陳列鐵架),unmatched,,,
皇家禮炮 21年 新奢時尚系列第三代 燦金羽冠與耀紫羽冠限定版,unmatched,,,
皇家禮炮 21年 王者之冠限定版 繁盛金冠與鋒芒金冠,unmatched,,,
皇家禮炮 21年(1L),unmatched,,,
皇家禮炮 21年(綠盒),unmatched,,,
皇家禮炮 23年,unmatched,,,
皇家禮炮 23年 福爾摩沙第三版,unmatched,,,
皇家禮炮 24年干邑桶 亞洲限定版,unmatched,,,
皇家禮炮 25年,unmatched,,,
皇家禮炮 26年 王者品桶系列第三代 COLHEITA波特桶,unmatched,,,
皇家禮炮 30年 王者之鑰,unmatched,,,
皇家禮炮 38年,unmatched,,,
皇家禮炮 62禮讚 (新版),unmatched,,,
皇家禮炮 王者加冕限定版 國王查爾斯三世紀念款,unmatched,,,
皇家禮炮21年 王者之鑽,unmatched,,,
皇家禮炮21年 王者之鑽 (1.08L),unmatched,,,
皇家禮炮21年 王者之鑽 2026限定組合,unmatched,,,
知多 單一穀物威士忌,unmatched,,,
神偷 小麥小批次波本威士忌 (白標),unmatched,,,
穀蘊 雪莉桶 原桶強度 單一穀類威士忌,unmatched,,,
竹鶴 調和麥芽威士忌,unmatched,,,
約翰走路 18年,unmatched,,,
約翰走路 200週年復刻限定版,unmatched,,,
約翰走路 ART DECO 大師典藏系列30年,unmatched,,,
約翰走路 BLONDE,unmatched,,,
約翰走路 VICTORIAN 大師典藏系列30年,unmatched,,,
約翰走路 XR 21年,unmatched,,,
約翰走路 XR 21年 馬年限定版,unmatched,,,
約翰走路 XR 23年,unmatched,,,
約翰走路 喬治五世紀念版,unmatched,,,
約翰走路 約翰華克 40年紀念版,unmatched,,,
約翰走路 約翰華克 50年紀念版,unmatched,,,
約翰走路 約翰華克紀念版,unmatched,,,
約翰走路 紅牌,unmatched,,,
約翰走路 綠牌15年,unmatched,,,
約翰走路 藍牌,unmatched,,,
約翰走路 藍牌 (1L),unmatched,,,
約翰走路 藍牌 幽靈第五版,unmatched,,,
約翰走路 藍牌 蛇年限定版,unmatched,,,
約翰走路 藍牌 豬年限定版,unmatched,,,
約翰走路 藍牌 跨界極選系列 龍蝦先生禮盒,unmatched,,,
約翰走路 藍牌 馬年限定版,unmatched,,,
約翰走路 藍牌 鼠年限定版,unmatched,,,
約翰走路 金牌珍藏,unmatched,,,
約翰走路 金牌珍藏 (1L),unmatched,,,
約翰走路 金牌珍藏 2026限定版禮盒,unmatched,,,
約翰走路 雙黑牌(1L),unmatched,,,
約翰走路 雪莉桶15年,unmatched,,,
約翰走路 黑牌 12年,unmatched,,,
約翰走路 黑牌12年 (1L),unmatched,,,
約翰走路 黑紅寶石 蘇格蘭威士忌,unmatched,,,
紅馥 12年 單一蒸餾器愛爾蘭威士忌,unmatched,,,
紅馥 15年 單一蒸餾器 愛爾蘭威士忌,unmatched,,,
紅馥 21年 單一蒸餾器 愛爾蘭威士忌,unmatched,,,
羅伊 13年加強桶愛爾蘭威士忌,unmatched,,,
美國 玫瑰單桶原酒,unmatched,,,
美國時代(白標)波本威士忌,unmatched,,,
美國時代(金標)波本威士忌,unmatched,,,
美格 46波本威士忌,unmatched,,,
美格 原桶強度波本威士忌,unmatched,,,
美格 波本威士忌,unmatched,,,
美金條納帕谷紅酒桶威士忌 禮盒,unmatched,,,
美金條納帕谷紅酒桶威士忌 迷你酒,unmatched,,,
美金條納帕谷紅酒桶威士忌 迷你酒禮盒,unmatched,,,
翰格俱樂部 穀物威士忌,unmatched,,,
老酋長 1998雪莉桶原酒,unmatched,,,
老酋長 2006炫紫版 限量批次原酒,unmatched,,,
老酋長 25年,unmatched,,,
老酋長 蒸餾廠國際版 DAILUAINE23年,unmatched,,,
艾倫 25年,unmatched,,,
艾倫 雪莉桶,unmatched,,,
艾德多爾 10年,unmatched,,,
艾德多爾 21年雪莉桶原酒,unmatched,,,
艾德多爾 泥煤13年原酒 BATCH 1,unmatched,,,
艾德多爾 泥煤18年原酒 BATCH 1,unmatched,,,
艾柏迪 12年,unmatched,,,
艾柏迪 16年,unmatched,,,
艾柏迪 21年,unmatched,,,
艾柏迪 21年 阿根廷馬爾貝克紅酒桶,unmatched,,,
艾柏迪 25年,unmatched,,,
艾柏迪 28年 Oloroso雪莉桶,unmatched,,,
艾樂奇 10年 原酒裝瓶核心系列 第9批次,unmatched,,,
艾樂奇 10年原味桶純麥威士忌,unmatched,,,
艾樂奇 11年 茶色波特桶 亞洲限定版原酒,unmatched,,,
艾樂奇 11年原酒 2023台灣限定版,unmatched,,,
艾樂奇 12年,unmatched,,,
艾樂奇 15年,unmatched,,,
艾樂奇 2011/11年 波特桶單桶原酒 #7460,unmatched,,,
艾樂奇 21年 原酒裝瓶核心系列 第三批次,unmatched,,,
艾樂奇 4年煙燻泥煤原酒 Billy Walker 50週年紀念款,unmatched,,,
艾樂奇 7年原味桶純麥威士忌,unmatched,,,
艾樂奇 8年原味桶純麥威士忌,unmatched,,,
艾樂奇 8年核心系列,unmatched,,,
艾樂奇 9年 精選葡萄萄酒桶特調,unmatched,,,
艾雷元素 經典版 艾雷島調和麥芽蘇格蘭威士忌,unmatched,,,
艾雷元素 雪莉版 艾雷島調和麥芽蘇格蘭威士忌,unmatched,,,
艾雷波濤 12年原酒 台灣限定批次,unmatched,,,
艾雷波濤 8年,unmatched,,,
艾雷波濤 小批次原酒,unmatched,,,
若鶴 Umesky 梅酒威士忌,unmatched,,,
"英國格蘭菲迪30年蘇格蘭單一麥芽威士忌 0.7L 43%,Glenfiddich 30YO  GBX 0.7L 43%",matched,w199,글렌피딕 30년,en
蒙面狄肯 蘇格蘭調和威士忌,unmatched,,,
薩澤拉 黑麥威士忌,unmatched,,,
蘇格登 12年,unmatched,,,
蘇格登 12年 (1L),unmatched,,,
蘇格登 12年 歐版,unmatched,,,
蘇格登 12年 甜醺三桶,unmatched,,,
蘇格登 12年雪莉桶,unmatched,,,
蘇格登 14年限量原酒 暖旭秋光 (帝亞吉歐2024臻選系列),unmatched,,,
蘇格登 15年,unmatched,,,
蘇格登 15年限量原酒 至日女巫 (帝亞吉歐2022臻選系列),unmatched,,,
蘇格登 18年,unmatched,,,
蘇格登 19年限量原酒 (帝亞吉歐2021臻選系列),unmatched,,,
蘇格登 25年 歐版,unmatched,,,
蘇格登 41年,unmatched,,,
蘇格登 42年,unmatched,,,
蘇格登 53年,unmatched,,,
蘇格登 時光協奏第一樂章 38年原酒,unmatched,,,
蘇格登 時光協奏第二樂章 39年原酒,unmatched,,,
蘇格登 深焙16年,unmatched,,,
蘇格登 深焙16年 2026限定版禮盒,unmatched,,,
蘇格登 醇金13年,unmatched,,,
蘇魔克 43單一純麥威士忌,unmatched,,,
蘇魔克 白金58單一純麥威士忌,unmatched,,,
蘇魔克 雪莉炸彈,unmatched,,,
蘇魔克 黃金蘭姆單一純麥威士忌,unmatched,,,
蘇魔克 黑啤酒桶,unmatched,,,
蘇魔克 龍舌蘭風味桶,unmatched,,,
裸鑽雪莉 初次雪莉桶 蘇格蘭威士忌,unmatched,,,
角瓶 威士忌,unmatched,,,
詩貝 12年原酒 金色薄霧處女桶,unmatched,,,
詩貝 × 畢卡索 最終章《奧莉維亞》1996年單一麥芽蘇格蘭威士忌原酒,unmatched,,,
詩貝 × 畢卡索 靈感系列《夢》2012,unmatched,,,
詩貝 × 畢卡索《繆思的禮讚》限量典藏木盒套組,unmatched,,,
諾亞工坊 波本威士忌,unmatched,,,
費特肯 18年,unmatched,,,
費特肯 18年 (2023年),unmatched,,,
費特肯 十四號秘藏系列 Batch 1 (2023年),unmatched,,,
費特肯 貳號密藏系列 Batch 2,unmatched,,,
費特肯 貳號密藏系列 Batch 3,unmatched,,,
費特肯12年,unmatched,,,
費特肯22年,unmatched,,,
赫文 第谷之星 單一麥芽威士忌,unmatched,,,
起瓦士 12年,unmatched,,,
道格拉斯蘭恩 大玩家 蘇格蘭調和麥芽威士忌,unmatched,,,
道格拉斯蘭恩 大玩家12年 蘇格蘭調和麥芽威士忌,unmatched,,,
道格拉斯蘭恩 泥煤哥 聖誕限量版,unmatched,,,
道格拉斯蘭恩 泥煤哥12年,unmatched,,,
道格拉斯蘭恩 風暴 第四批次,unmatched,,,
道格拉斯蘭恩 黃金鼠12年 蘇格蘭調和麥芽威士忌,unmatched,,,
達爾維尼 15年,unmatched,,,
達爾維尼 30年限量原酒 (帝亞吉歐2019臻選系列),unmatched,,,
遠慕 21年 HEATHER VALLEY 三桶熟成,unmatched,,,
遠慕 23年 ANCIENT MOORLAND 雪莉桶風味,unmatched,,,
遠慕 30年 RUGGED COAST 雪莉桶風味,unmatched,,,
酷狗 調和蘇格蘭威士忌,unmatched,,,
醉美珍稀調和原酒 1965/53年,unmatched,,,
野火雞 81 波本威士忌 11/12,unmatched,,,
野牛仙蹤 波本威士忌,unmatched,,,
金賓 波本威士忌 (1.75L),unmatched,,,
金賓 白牌波本威士忌,unmatched,,,
金車45週年紀念款 噶瑪蘭 PALO CORTADO 雪莉桶,unmatched,,,
金車噶瑪蘭山川首席單一麥芽威士忌 40% 0.7L,unmatched,,,
金車噶瑪蘭珍選單一麥芽威士忌 40% 0.7L,unmatched,,,
金車噶瑪蘭珍選單一麥芽威士忌NO. 2 40% 0.7L,unmatched,,,
金車噶瑪蘭經典單一麥芽威士忌 40% 0.7L,unmatched,,,
鉑仕麥 12年 瑪薩拉紅酒桶,unmatched,,,
鉑仕麥 25年 波特桶,unmatched,,,
鉑仕麥 原創愛爾蘭威士忌,unmatched,,,
鉑仕麥 黑樽愛爾蘭威士忌,unmatched,,,
雅墨 12年,unmatched,,,
雅墨 15年 珍稀選桶系列 干型瑪莎拉桶,unmatched,,,
雅墨 15年 珍稀選桶系列 甜型瑪莎拉桶,unmatched,,,
雅墨 15年 珍稀選桶系列 紅寶石瑪莎拉桶,unmatched,,,
雅墨 18年,unmatched,,,
雅墨 20年 珍稀選桶系列 蘋果白蘭地桶,unmatched,,,
雅墨 21年,unmatched,,,
雅柏 10年,unmatched,,,
雅柏 17年 傳奇回歸 委員會獨家限定版,unmatched,,,
雅柏 19年 第七版,unmatched,,,
雅柏 19年 第三版,unmatched,,,
雅柏 19年 第二版,unmatched,,,
雅柏 19年 第五版,unmatched,,,
雅柏 19年 第六版,unmatched,,,
雅柏 19年 第四版,unmatched,,,
雅柏 25年,unmatched,,,
雅柏 5年煙燻小野獸,unmatched,,,
雅柏 8年 議論紛紛 委員會限定版,unmatched,,,
雅柏 ANOA,unmatched,,,
雅柏 EUREKA! 委員會限定版,unmatched,,,
雅柏 VINTAGE Y2K 23年,unmatched,,,
雅柏 VINTAGE Y2K 24年,unmatched,,,
雅柏 怖思議限定版,unmatched,,,
雅柏 漩渦,unmatched,,,
雅柏 煙燻宇宙 2025,unmatched,,,
雅柏 特超新星 委員會限定版,unmatched,,,
雅柏 畸形歪像限定版,unmatched,,,
雅柏 神話選輯 傳奇三部曲「貝希爾」大蛇,unmatched,,,
雅柏 神話選輯 傳奇二部曲 獨角獸,unmatched,,,
雅柏 神話選輯 傳奇首部曲 鷹身女妖限定版,unmatched,,,
雅柏 黑暗神祕之地,unmatched,,,
雙人牌 綠標蘇格蘭威士忌,unmatched,,,
響 21年,unmatched,,,
響 30年,unmatched,,,
響 大師精選 100周年,unmatched,,,
響 大師精選調和威士忌,unmatched,,,
響 櫻花 2022限定版,unmatched,,,
響 花開富貴禮盒版,unmatched,,,
響 車輪限定版,unmatched,,,
領航者 波本威士忌,unmatched,,,
馬克白A1 兇手系列 馬爾島18年,unmatched,,,
馬克白A1 女巫系列 艾雷島19年,unmatched,,,
馬克白A1 家族系列-血腥中士 布萊爾阿蘇10年,unmatched,,,
馬克白A1 家族系列-西登 阿德莫爾12年,unmatched,,,
馬克白A1 幽靈系列 坎伯斯31年,unmatched,,,
馬克白A1 珍藏系列套組,unmatched,,,
馬克白A1 貴族系列-孟提斯 班瑞克31年,unmatched,,,
馬克白A1 貴族系列-安格斯 格蘭蓋瑞31年,unmatched,,,
馬克白A1 貴族系列-麥克德夫夫人 林克伍德31年,unmatched,,,
高原騎士 12年 御馬迎春禮盒,unmatched,,,
高原騎士 12年 新包裝,unmatched,,,
高原騎士 15年,unmatched,,,
高原騎士 15年 新包裝,unmatched,,,
高原騎士 15年 限量禮盒,unmatched,,,
高原騎士 18年 御馬迎春禮盒,unmatched,,,
高原騎士 18年 新包裝,unmatched,,,
高原騎士 18年單桶 #3165,unmatched,,,
高原騎士 21年 2019限量版,unmatched,,,
高原騎士 25年,unmatched,,,
高原騎士 40年,unmatched,,,
高原騎士 NO.1+NO.2+NO.3 原酒套組,unmatched,,,
高原騎士 NO.1+NO.2+NO.3+NO.4 原酒套組,unmatched,,,
高原騎士 NO.1+NO.2+NO.3+NO.4+NO.5 原酒套組,unmatched,,,
高原騎士 原酒 NO.1,unmatched,,,
高原騎士 原酒 NO.2,unmatched,,,
高原騎士 原酒 NO.4,unmatched,,,
高原騎士 原酒 NO.5,unmatched,,,
高原騎士 黑劍,unmatched,,,
魁列奇 19年,unmatched,,,
魁列奇 21年,unmatched,,,
魁列奇 23年,unmatched,,,
魁列奇 27年法國蘇玳桶,unmatched,,,
鷹睿 10年波本威士忌,unmatched,,,
麥卡倫 12年雪莉桶 (新包裝),unmatched,,,
麥卡倫 12年雪莉雙桶 (新包裝),unmatched,,,
麥卡倫 15年雪莉雙桶 (新包裝),unmatched,,,
麥卡倫 18年雪莉桶 (2024年),unmatched,,,
麥卡倫 18年雪莉桶 (2025年),unmatched,,,
麥卡倫 18年雪莉雙桶 (2023年),unmatched,,,
麥卡倫 18年雪莉雙桶 (2024年),unmatched,,,
麥卡倫 200週年限定「時空旅行系列－大師工藝」,unmatched,,,
麥卡倫 25年雪莉桶 (2021年),unmatched,,,
麥卡倫 25年雪莉桶 (2022年),unmatched,,,
麥卡倫 30年雪莉桶 (2018年),unmatched,,,
麥卡倫 30年雪莉桶 (2021年),unmatched,,,
麥卡倫 30年雪莉桶 (2022年),unmatched,,,
麥卡倫 30年雪莉雙桶 (2021年),unmatched,,,
麥卡倫 30年雪莉雙桶 (2022年),unmatched,,,
麥卡倫 CLASSIC CUT 2021,unmatched,,,
麥卡倫 CLASSIC CUT 2022,unmatched,,,
麥卡倫 CLASSIC CUT 2022-2024 限量套組,unmatched,,,
麥卡倫 CLASSIC CUT 2023,unmatched,,,
麥卡倫 CLASSIC CUT 2025,unmatched,,,
麥卡倫 CLASSIC CUT系列限量套組,unmatched,,,
麥卡倫 HARMONY系列 紫月橡木,unmatched,,,
麥卡倫 M BLACK 2022,unmatched,,,
麥卡倫 SIR PETER BLAKE 限量版,unmatched,,,
麥卡倫 可可協奏曲,unmatched,,,
麥卡倫 太陽橡木,unmatched,,,
麥卡倫 奢想 2020,unmatched,,,
麥卡倫 奢想 2021,unmatched,,,
麥卡倫 奢想 2022,unmatched,,,
麥卡倫 奢想 2023,unmatched,,,
麥卡倫 春宴 2023,unmatched,,,
麥卡倫 春宴 2024,unmatched,,,
麥卡倫 湛藍,unmatched,,,
麥卡倫 精萃世界 墨西哥,unmatched,,,
麥卡倫 精萃世界 香港,unmatched,,,
麥卡倫 絢儷系列 NO.6,unmatched,,,
麥卡倫 絢儷系列M 2020,unmatched,,,
麥卡倫 絢儷系列M 2022,unmatched,,,
麥卡倫 藝術即繁花,unmatched,,,
麥卡倫 詹姆士龐德60週年限量版 DECADE I,unmatched,,,
麥卡倫 詹姆士龐德60週年限量版 DECADE IV,unmatched,,,
麥卡倫 詹姆士龐德60週年限量版 DECADE VI,unmatched,,,
麥卡倫 酒莊珍藏,unmatched,,,
麥卡倫 阿拉比卡之旅,unmatched,,,
麥卡倫 鳳凰蜜蘭香茶韻,unmatched,,,
麥卡倫 黃金麥穗,unmatched,,,
麥卡倫12年雪莉桶單一純麥威士忌 40% 0.7L,unmatched,,,
麥卡倫18年SO單一純麥蘇格蘭威士忌 43% 0.7L,unmatched,,,
麥卡倫25年單一純麥蘇格蘭威士忌 43% 0.7L,unmatched,,,
麥卡倫Harmony Collection 阿拉比卡之旅 單一麥芽威士忌 44% 6X0.7L,unmatched,,,
麥卡倫雙桶12年單一麥芽蘇格蘭威士忌 40% 0.7L,unmatched,,,
齊侯門 100%艾拉 11年雪莉桶,unmatched,,,
齊侯門 100%艾拉 第15版,unmatched,,,
齊侯門 PX雪莉桶 2023版,unmatched,,,
齊侯門 SANAIG,unmatched,,,
齊侯門 VINTAGE 2010,unmatched,,,
齊侯門 五聖獸-玄武 單桶原酒2012#264,unmatched,,,
齊侯門 五聖獸-白虎 單桶原酒2013#852,unmatched,,,
齊侯門 五聖獸-青龍 單桶原酒2013#673,unmatched,,,
齊侯門 原桶強度波本桶2011#465,unmatched,,,
齊侯門 台灣限定單桶 第三批次,unmatched,,,
齊侯門 單桶原酒 2013#343,unmatched,,,
齊侯門 單桶原酒 2015#321,unmatched,,,
齊侯門 塞內桶裝強度原酒,unmatched,,,
齊侯門 馬齊爾灣,unmatched,,,
齊侯門 馬齊爾灣 桶裝強度原酒 2025,unmatched,,,
齊克倫 12年,unmatched,,,
齊克倫 16年,unmatched,,,
齊克倫 16年 2025版,unmatched,,,
齊克倫 重泥煤原酒系列 Batch 11,unmatched,,,
齊克倫 重泥煤原酒系列 Batch 12,unmatched,,,
齊克倫 限量發行原酒系列 8年波本桶原酒,unmatched,,,
齊克倫 限量發行原酒系列 8年雪莉桶原酒,unmatched,,,
가쿠빈 700ml,matched,w083,산토리 가쿠빈,rule
가쿠빈 700ml 두 개입 메가잔 패키지,matched,w083,산토리 가쿠빈,rule
골든 블루 사피루스,matched,w064,골든블루 사피루스,rule
골든 블루 사피루스 450ml,matched,w064,골든블루 사피루스,rule
골든블루 다이아몬드,matched,w063,골든블루 다이아몬드,rule
골든블루 사파이러스,matched,w064,골든블루 사피루스,rule
골든블루 사피루스,matched,w064,골든블루 사피루스,rule
골든블루 사피루스 450ml,matched,w064,골든블루 사피루스,rule
그란츠 트리플 우드 700ml,unmatched,,,
글랜 글라사 샌드엔드,unmatched,,,
글랜고인 18년 700ml,unmatched,,,
글랜고인 CS 배치 11,matched,w028,글렌고인 캐스크 스트렝스 배치171,rule
글랜그란트 12년 700ml,matched,w013,글렌그란트 12년,rule
글랜그란트 15년 700ml,matched,w014,글렌그란트 15년,rule
글랜그란트 아보랄리스 700ml,matched,w120,글렌그란트 아보랄리스,rule
글랜드러 오드더 엠버스,matched,w086,글렌드로낙 오드 투 더 엠버스,rule
글랜드로 12년 700ml,matched,w018,글렌드로낙 12년,rule
글랜드로 오드 to투더 엠버스 700ml,matched,w018,글렌드로낙 12년,rule
글랜드로 오드투더 다크 700ml,matched,w018,글렌드로낙 12년,rule
글랜드로 오드투더 밸리 700ml,matched,w018,글렌드로낙 12년,rule
글랜드로 오드트 더더밸리,matched,w018,글렌드로낙 12년,rule
글랜드로나 12년 700ml,matched,w018,글렌드로낙 12년,rule
글랜란트 12년,matched,w013,글렌그란트 12년,rule
글랜란트 15년,matched,w014,글렌그란트 15년,rule
글랜립의 15년,matched,w002,글렌리벳 15년,rule
글랜립의 17년 스몰 배치 2,matched,w003,글렌리벳 17년 스몰배치,rule
글랜립의 19년 스몰 배치,matched,w004,글렌리벳 19년 스몰배치,rule
글랜킨치 12년,unmatched,,,
글랜파 클라스 12년 700ml,unmatched,,,
글랜피딕 12년,matched,w005,글렌피딕 12년,rule
글랜피딕 14년,matched,w006,글렌피딕 14년 버번배럴,rule
글램 모렌지 D 오리지널 12년 700ml,matched,w020,글렌모렌지 12년,rule
글램피닉 15년,matched,w007,글렌피딕 15년,rule
글랭글라사 포트소이,unmatched,,,
글렌고인 미니어처 세트,unmatched,,,
글렌그란트 12년,matched,w013,글렌그란트 12년,rule
글렌그란트 12년 700ml,matched,w013,글렌그란트 12년,rule
글렌그란트 15년,matched,w014,글렌그란트 15년,rule
글렌그란트 15년 700ml,matched,w014,글렌그란트 15년,rule
글렌그란트 익스플로레이션 No.1 700ml,matched,w015,글렌그란트 익스플로레이션 No.1,rule
글렌글라사 샌드엔드 700ml,matched,w029,글렌글라사 샌드엔드,rule
글렌글라사 포트소이 700ml,matched,w030,글렌글라사 포트소이,rule
글렌드로(?) 오드 투 더 다크 700ml,matched,w087,글렌드로낙 오드 투 더 다크,rule
글렌드로(?) 오드 투 더 밸리 700ml,matched,w085,글렌드로낙 오드 투 더 밸리,rule
글렌드로(?) 오드 투 더 엠버스 700ml,matched,w086,글렌드로낙 오드 투 더 엠버스,rule
글렌드로낙 12년,matched,w018,글렌드로낙 12년,rule
글렌드로낙 12년 1L,matched,w018,글렌드로낙 12년,rule
글렌드로낙 12년 700ml,matched,w018,글렌드로낙 12년,rule
글렌드로낙 오드 투 더 다크 700ml,matched,w018,글렌드로낙 12년,rule
글렌드로낙 오드 투 더 엠버스 700ml,matched,w018,글렌드로낙 12년,rule
글렌라사 샌드엔드,matched,w029,글렌글라사 샌드엔드,rule
글렌라사 포트소이,matched,w030,글렌글라사 포트소이,rule
글렌라키 10년 루비 포트 700ml,matched,w096,글렌알라키 10년 루비 포트,rule
글렌리벳 12년,matched,w001,글렌리벳 12년,rule
글렌리벳 12년 1L,matched,w001,글렌리벳 12년,rule
글렌리벳 15년,matched,w002,글렌리벳 15년,rule
글렌리벳 15년 700ml,matched,w002,글렌리벳 15년,rule
글렌리벳 17년 스몰 배치 2,matched,w003,글렌리벳 17년 스몰배치,rule
글렌리벳 17년 스몰 배치 2 700ml,matched,w003,글렌리벳 17년 스몰배치,rule
글렌리벳 17년 스몰배치,matched,w003,글렌리벳 17년 스몰배치,rule
글렌리벳 19년 스몰 배치 2,matched,w004,글렌리벳 19년 스몰배치,rule
글렌리벳 19년 스몰 배치 2 700ml,matched,w004,글렌리벳 19년 스몰배치,rule
글렌리벳 19년 스몰배치,matched,w004,글렌리벳 19년 스몰배치,rule
글렌리벳 파운더스 리저브 700ml,unmatched,,,
글렌모렌지 12년,matched,w020,글렌모렌지 12년,rule
글렌모렌지 12년 700ml,matched,w020,글렌모렌지 12년,rule
글렌모렌지 15년,matched,w021,글렌모렌지 15년,rule
글렌모렌지 D 오리지널 12년,matched,w020,글렌모렌지 12년,rule
글렌모렌지 D 오리지널 12년 700ml,matched,w020,글렌모렌지 12년,rule
글렌모렌지 오리지널 10년 700ml,unmatched,,,
글렌모렌지 익스플로전 #1,matched,w022,글렌모렌지 익스플로전 No.1,rule
글렌알라키 10년 루비 포트,matched,w096,글렌알라키 10년 루비 포트,rule
글렌알라키 10년 루비 포트 700ml,matched,w096,글렌알라키 10년 루비 포트,rule
글렌알라키 10년 루비포트 700ml,matched,w096,글렌알라키 10년 루비 포트,rule
글렌킨치 12년,matched,w038,글렌킨치 12년,rule
글렌킨치 12년 700ml,matched,w038,글렌킨치 12년,rule
글렌파클라스 15년,matched,w093,글렌파클라스 15년,rule
글렌피딕 12년,matched,w005,글렌피딕 12년,rule
글렌피딕 12년 700ml,matched,w005,글렌피딕 12년,rule
글렌피딕 12년 쉐리 700ml,matched,w094,글렌피딕 12년 셰리 캐스크,rule
글렌피딕 12년 쉐리케스크 700ml,matched,w094,글렌피딕 12년 셰리 캐스크,rule
글렌피딕 14년,matched,w006,글렌피딕 14년 버번배럴,rule
글렌피딕 14년 버번 캐스크 700ml,matched,w006,글렌피딕 14년 버번배럴,rule
글렌피딕 14년 버번배럴,matched,w006,글렌피딕 14년 버번배럴,rule
글렌피딕 14년 버번배럴 700ml,matched,w006,글렌피딕 14년 버번배럴,rule
글렌피딕 14년 법원 캐스크,matched,w006,글렌피딕 14년 버번배럴,rule
글렌피딕 15년,matched,w007,글렌피딕 15년,rule
글렌피딕 15년 700ml,matched,w007,글렌피딕 15년,rule
글렌피딕 15년 솔레라 700ml,matched,w007,글렌피딕 15년,rule
글렌피딕 15년 싱글 몰트 위스키 700ml,matched,w007,글렌피딕 15년,rule
글렌피딕 15년 싱글트 위스키 700ml,matched,w007,글렌피딕 15년,rule
글렌피딕 18년 700ml,matched,w115,글렌피딕 18년,rule
네이키드 몰트 700ml,matched,w121,네이키드 몰트,rule
노마드 아울랜드 쉐리 피니시,matched,w060,노마드 아웃랜드 셰리 피니시,rule
노마드 아웃랜드 셰리 피니시,matched,w060,노마드 아웃랜드 셰리 피니시,rule
노마드 아웃랜드 셰리 피니시 700ml,matched,w060,노마드 아웃랜드 셰리 피니시,rule
니카 프롬 더 배럴 500ml,unmatched,,,
다카라 미아자키 망고,excluded,,,liqueur-shochu
달모어 12년,matched,w023,달모어 12년,rule
달모어 12년 700ml,matched,w023,달모어 12년,rule
달모어 12년 쉐리캐스크 700ml,matched,w146,달모어 12년 셰리캐스크,rule
달모어 12년 쉐리케스크 700ml,matched,w146,달모어 12년 셰리캐스크,rule
달모어 12년 쉐리케스크 싱글 모트 위스키 700ml,matched,w146,달모어 12년 셰리캐스크,rule
달모어 12년 쉐리케스크 싱글 몰트 위스키 700ml,matched,w146,달모어 12년 셰리캐스크,rule
달모어 12년 쉐리케스크 싱글트 위스키 700ml,matched,w146,달모어 12년 셰리캐스크,rule
달모어 2005 빈티지,matched,w024,달모어 2005 빈티지,rule
달모어 2005 빈티지 67만,matched,w024,달모어 2005 빈티지,rule
달모어 2005 빈티지 700ml,matched,w024,달모어 2005 빈티지,rule
더 글랜 그란트 12년 700ml,matched,w013,글렌그란트 12년,rule
더 글랜 그란트 익스플로레이션 넘버 1 700ml,matched,w015,글렌그란트 익스플로레이션 No.1,rule
더 글랜 그란트 익스플로레이션 넘버원 700ml,matched,w015,글렌그란트 익스플로레이션 No.1,rule
더 글랜드 로낙 12년 700ml,unmatched,,,
더 글랜드 로드투더 다크 700ml,matched,w087,글렌드로낙 오드 투 더 다크,rule
더 글랜드 로드투더 닥 700ml,matched,w087,글렌드로낙 오드 투 더 다크,rule
더 글렌 그란트 12년,matched,w013,글렌그란트 12년,rule
더 글렌 그란트 익스플로레이션 넘버 1,matched,w015,글렌그란트 익스플로레이션 No.1,rule
더 글렌그란트 15년 700ml,matched,w014,글렌그란트 15년,rule
더 글렌드로 오드 to투더 엠버스,matched,w086,글렌드로낙 오드 투 더 엠버스,rule
더 글렌드로 오드투더 다크,matched,w087,글렌드로낙 오드 투 더 다크,rule
더 글렌드로 오드투더 밸리,matched,w085,글렌드로낙 오드 투 더 밸리,rule
더 글렌리벳 15년,matched,w002,글렌리벳 15년,rule
더 글렌리벳 15년 싱글몰트 위스키,matched,w002,글렌리벳 15년,rule
더 글렌리벳 17년 스몰 배치 2,matched,w003,글렌리벳 17년 스몰배치,rule
더 글렌리벳 19년,matched,w004,글렌리벳 19년 스몰배치,rule
더 글렌리벳 19년 스몰 배치 2,matched,w004,글렌리벳 19년 스몰배치,rule
듀어스 12년,matched,w055,듀어스 12년,rule
듀어스 12년 700ml,matched,w055,듀어스 12년,rule
듀어스 12년 퍼스트필 버번 캐스크 700ml,matched,w055,듀어스 12년,rule
듀어스 12년 퍼스트필 법원 캐스크,matched,w055,듀어스 12년,rule
듀어스 12년 퍼스트필 법원 케스크 700ml,matched,w055,듀어스 12년,rule
듀어스 15년,matched,w056,듀어스 15년,rule
듀어스 15년 700ml,matched,w056,듀어스 15년,rule
듀어스 15년 파이노크 스페셜 리저브,matched,w056,듀어스 15년,rule
듀어스 15년 파이노크 스페셜 리저브 700ml,matched,w056,듀어스 15년,rule
듀어스 15년 파인노크 스페셜 리저브 700ml,matched,w056,듀어스 15년,rule
듀어스 18년,matched,w057,듀어스 18년,rule
듀어스 18년 750ml,matched,w057,듀어스 18년,rule
듀어스 18년 미즈나라 캐스크 700ml,matched,w057,듀어스 18년,rule
듀어스 캐리비안 스무스 8연 700ml,matched,w122,듀어스 캐리비안 스무스 8년,rule
듀어스 화이트랍에 700ml,unmatched,,,
라가불린 11년 스위트 피트,matched,w036,라가불린 11년 오퍼맨 스위트피트,rule
라가불린 11년 스위트피트,matched,w036,라가불린 11년 오퍼맨 스위트피트,rule
라가불린 11년 오퍼맨 스위트피트,matched,w036,라가불린 11년 오퍼맨 스위트피트,rule
라가불린 11년 오퍼맨 스위트피트 700ml,matched,w036,라가불린 11년 오퍼맨 스위트피트,rule
라가불린 8년 700ml,unmatched,,,
라가블린 11년,unmatched,,,
라벨 5오 스카치 위스키 700ml,matched,w123,라벨 5,rule
라프로익 10년,matched,w035,라프로익 10년,rule
라프로익 10년 750ml,matched,w035,라프로익 10년,rule
라프로익 10년 750mml,matched,w035,라프로익 10년,rule
라프로익 오크 셀렉트,matched,w102,라프로익 오크 셀렉트,rule
라프로익 오크셀렉트 700ml,matched,w102,라프로익 오크 셀렉트,rule
라프로잇 10년 750mml,matched,w035,라프로익 10년,rule
러셀 리저브 10년,matched,w095,러셀스 리저브 10년,rule
러셀 리저브 10년 750ml,matched,w095,러셀스 리저브 10년,rule
러셀 리저브 싱글 배럴,matched,w077,러셀스 리저브 싱글배럴,rule
러셀 리저브 싱글 배럴 750ml,matched,w077,러셀스 리저브 싱글배럴,rule
러셀 리저브 싱글 베럴,matched,w077,러셀스 리저브 싱글배럴,rule
러셀 리저브 싱글 베럴 750ml,matched,w077,러셀스 리저브 싱글배럴,rule
러셀스 리저브 싱글배럴,matched,w077,러셀스 리저브 싱글배럴,rule
러셀스 리저브 싱글배럴 750ml,matched,w077,러셀스 리저브 싱글배럴,rule
레미마틴 VSOP,excluded,,,cognac
로얄 브라클라 12년,matched,w026,로얄 브라클라 12년,rule
로얄 브라클라 12년 700ml,matched,w026,로얄 브라클라 12년,rule
로얄 살루트 21년,matched,w059,로얄 살루트 21년,rule
로얄 살루트 21년 700ml,matched,w059,로얄 살루트 21년,rule
로얄 살루트 21년 그레인,matched,w059,로얄 살루트 21년,rule
린도어스 1494 코어 위스키 700ml,matched,w103,린도어스 1494 코어,rule
맥캘란 12년 더블 캐스크,matched,w012,맥캘란 12년 더블캐스크,rule
맥캘란 12년 더블 캐스크 700ml,matched,w012,맥캘란 12년 더블캐스크,rule
맥캘란 12년 더블 캐스크 싱글 모트 위스키 700ml,matched,w012,맥캘란 12년 더블캐스크,rule
맥캘란 12년 더블캐스크,matched,w012,맥캘란 12년 더블캐스크,rule
맥캘란 12년 더블캐스크 700ml,matched,w012,맥캘란 12년 더블캐스크,rule
맥캘란 셰리 오크 12년 700ml,matched,w104,맥캘란 셰리 오크 12년,rule
맥캘란 쉐리오크 12년 700ml,matched,w104,맥캘란 셰리 오크 12년,rule
맥켈란 12년 더블 캐스크,matched,w012,맥캘란 12년 더블캐스크,rule
메이커스 마크,matched,w071,메이커스 마크,rule
메이커스 마크 1L,matched,w071,메이커스 마크,rule
메이커스 마크 200ml,matched,w071,메이커스 마크,rule
메이커스 마크 750ml,matched,w071,메이커스 마크,rule
메이커스 마크 750mml,matched,w071,메이커스 마크,rule
몰트락 20년,unmatched,,,
몽키 숄더,matched,w041,몽키숄더,rule
몽키 숄더 200ml,matched,w041,몽키숄더,rule
몽키 숄더 700ml,matched,w041,몽키숄더,rule
몽키숄더,matched,w041,몽키숄더,rule
몽키숄더 700ml,matched,w041,몽키숄더,rule
미스터 보스턴 스카치 위스키 1L,unmatched,,,
바카디 모이또,excluded,,,rum-cocktail
바카디 모이또 클래식,excluded,,,rum-cocktail
바톤 보드카,excluded,,,vodka
바톤진,excluded,,,gin
발렌타인 10년,matched,w044,발렌타인 10년,rule
발렌타인 10년 500ml,matched,w044,발렌타인 10년,rule
발렌타인 10년 700ml,matched,w044,발렌타인 10년,rule
발렌타인 17년,matched,w090,발렌타인 17년,rule
발렌타인 17년 500mml,matched,w090,발렌타인 17년,rule
발렌타인 17년 700ml,matched,w090,발렌타인 17년,rule
발렌타인 17년 말본 리미티드 에디션,matched,w090,발렌타인 17년,rule
발렌타인 17년 말본 리미티드 에디션 700ml,matched,w090,발렌타인 17년,rule
발렌타인 17년산,matched,w090,발렌타인 17년,rule
발렌타인 18년 싱글트 글램버기 700ml,matched,w124,발렌타인 싱글몰트 글렌버기 18년,rule
발렌타인 21년,matched,w047,발렌타인 21년,rule
발렌타인 21년 700ml,matched,w047,발렌타인 21년,rule
발렌타인 마스터즈 700ml,matched,w125,발렌타인 마스터즈,rule
발렌타인 싱글 몰트 글램버이 15년 700ml,matched,w046,발렌타인 싱글몰트 15년,rule
발렌타인 싱글램버이 16년,matched,w092,발렌타인 싱글몰트 글렌버기 16년,rule
발렌타인 싱글몰트 15년,matched,w046,발렌타인 싱글몰트 15년,rule
발렌타인 싱글몰트 글렌버기 16년,matched,w092,발렌타인 싱글몰트 글렌버기 16년,rule
발렌타인 싱글트 글램버기 12년 500ml,matched,w045,발렌타인 12년,rule
발렌타인 싱글트 글램버기 15년 700ml,matched,w046,발렌타인 싱글몰트 15년,rule
발렌타인 싱글트 글램버기 16년 스몰 배치,matched,w092,발렌타인 싱글몰트 글렌버기 16년,rule
발렌타인 싱글트 글램버이 16년 스몰 배치 700ml,matched,w092,발렌타인 싱글몰트 글렌버기 16년,rule
발렌타인 파이니스트,matched,w043,발렌타인 파이니스트,rule
발렌타인 파이니스트 1L,matched,w043,발렌타인 파이니스트,rule
발베니 12년,matched,w008,발베니 12년 더블우드,rule
발베니 12년 700ml,matched,w008,발베니 12년 더블우드,rule
발베니 12년 더블 우드 700ml,matched,w008,발베니 12년 더블우드,rule
발베니 12년 더블로드 700ml,matched,w008,발베니 12년 더블우드,rule
발베니 12년 더블우드,matched,w008,발베니 12년 더블우드,rule
발베니 12년 더블우드 700ml,matched,w008,발베니 12년 더블우드,rule
발베니 12년 더블우드 750ml,matched,w008,발베니 12년 더블우드,rule
발베니 12년 몬틸라 700ml,matched,w008,발베니 12년 더블우드,rule
발베니 12년 싱글트 위스키 700ml,matched,w008,발베니 12년 더블우드,rule
발베니 12년 아메리칸 오크,matched,w008,발베니 12년 더블우드,rule
발베니 12년 아메리칸 오크 700ml,matched,w008,발베니 12년 더블우드,rule
발베니 14년 캐리비안 캐스크,matched,w009,발베니 14년 캐리비안 캐스크,rule
발베니 14년 캐리비안 캐스크 700ml,matched,w009,발베니 14년 캐리비안 캐스크,rule
발베니 14년 캐리비안 케스크 700ml,matched,w009,발베니 14년 캐리비안 캐스크,rule
발베니 16년 프렌치 오크,matched,w105,발베니 16년 프렌치 오크,rule
발베니 16년 프렌치 오크 700ml,matched,w105,발베니 16년 프렌치 오크,rule
발베니 16년 프렌치오크 700ml,matched,w105,발베니 16년 프렌치 오크,rule
뱅콜 싱글트 위스키 700ml,matched,w040,뱅크홀 싱글몰트,rule
뱅크홀,matched,w040,뱅크홀 싱글몰트,rule
뱅크홀 싱글 모트 위스키 700ml,matched,w040,뱅크홀 싱글몰트,rule
뱅크홀 싱글 몰트 위스키 700ml,matched,w040,뱅크홀 싱글몰트,rule
뱅크홀 싱글몰트,matched,w040,뱅크홀 싱글몰트,rule
뱅크홀 싱글몰트 700ml,matched,w040,뱅크홀 싱글몰트,rule
뱅크홀 싱글몰트 위스키,matched,w040,뱅크홀 싱글몰트,rule
뱅크홀 싱글트 위스키 700ml,matched,w040,뱅크홀 싱글몰트,rule
버팔로 트레이스,matched,w069,버팔로 트레이스,rule
버팔로 트레이스 1L,matched,w069,버팔로 트레이스,rule
버팔로 트레이스 750ml,matched,w069,버팔로 트레이스,rule
버팔로 트레이스 750mml,matched,w069,버팔로 트레이스,rule
벤 10년,matched,w017,벤리악 10년,rule
벤니학 10년,matched,w017,벤리악 10년,rule
벤로막 15년,unmatched,,,
벤리악 10년 700ml,matched,w017,벤리악 10년,rule
벨즈 블렌디드 위스키,matched,w106,벨즈,rule
벨즈 스카치 위스키,matched,w106,벨즈,rule
벨즈 스카치 위스키 1L,matched,w106,벨즈,rule
보모어 18년,unmatched,,,
봄베이 사파이어 진,excluded,,,gin
부쉬밀 15년 싱글 몰트,matched,w062,부쉬밀 15년 싱글몰트,rule
부쉬밀 15년 싱글몰트,matched,w062,부쉬밀 15년 싱글몰트,rule
부쉬밀 15년 싱글몰트 700ml,matched,w062,부쉬밀 15년 싱글몰트,rule
부시밀 10년 싱글트 700ml,matched,w107,부쉬밀 10년 싱글몰트,rule
부시밀 12년 싱글트 700ml,matched,w108,부쉬밀 12년 싱글몰트,rule
부시밀 15년 싱글 몰트 700ml,matched,w062,부쉬밀 15년 싱글몰트,rule
부심일 15년,matched,w062,부쉬밀 15년 싱글몰트,rule
브라클라 12년 700ml,matched,w026,로얄 브라클라 12년,rule
블랙 앤 화이트 700ml,unmatched,,,
블랙보트 스카치 위스키 700ml,matched,w109,블랙보트,rule
블렌고인 CS 171,matched,w028,글렌고인 캐스크 스트렝스 배치171,rule
산토리 가쿠빈,matched,w083,산토리 가쿠빈,rule
산토리 가쿠빈 700ml,matched,w083,산토리 가쿠빈,rule
산토리 각쿠빈,matched,w083,산토리 가쿠빈,rule
산토리 각쿠빈 700ml,matched,w083,산토리 가쿠빈,rule
산토리 위스키 각쿠빈 700ml,matched,w083,산토리 가쿠빈,rule
스모크헤드 오리지널 700ml,matched,w126,스모크헤드 오리지널,rule
스모키 스컷 아일라 싱글모트 위스키 700ml,unmatched,,,
스카치 블로 17년 450ml,matched,w127,스카치블루 17년,rule
스카치 블루 클래식 700ml,matched,w128,스카치블루 클래식,rule
스카파 스키렌,unmatched,,,
스카파 스키렌 1750ml,unmatched,,,
스카파 스키렌 1L,unmatched,,,
시바스 리갈 12년,matched,w048,시바스 리갈 12년,rule
시바스리갈 12년 200ml,matched,w048,시바스 리갈 12년,rule
시바스리갈 12년산,matched,w048,시바스 리갈 12년,rule
시바스리갈 15년 리미티드 에디션 700ml,unmatched,,,
아란 셰리 캐스크,matched,w031,아란 셰리 캐스크,rule
아란 셰리 캐스크 700ml,matched,w031,아란 셰리 캐스크,rule
아란 쉐리케스크,matched,w031,아란 셰리 캐스크,rule
아란 쉐리케스크 700ml,matched,w031,아란 셰리 캐스크,rule
아란쉐리 캐스크,matched,w031,아란 셰리 캐스크,rule
아란쉐리 캐스크 700ml,matched,w031,아란 셰리 캐스크,rule
아벨라오 아브나우 쉐리케스 퀘디션,unmatched,,,
아벨라워 셰리 캐스크 에디션,matched,w011,아벨라워 아부나흐,rule
아벨라워 아부나흐,matched,w011,아벨라워 아부나흐,rule
아벨라워 아브나르 쉐리케스크 에디션,matched,w011,아벨라워 아부나흐,rule
아벨라워 아브나르 쉐리케스크 에디션 700ml,matched,w011,아벨라워 아부나흐,rule
아벨라워 아브나오 셰리케스크 에디션 700ml,matched,w011,아벨라워 아부나흐,rule
아벨라워 아브나후 쉐리케스크 에디션 700ml,matched,w011,아벨라워 아부나흐,rule
아벨라워 아브나흐 쉐리케스크 에디션 700ml,matched,w011,아벨라워 아부나흐,rule
앱솔루트,excluded,,,vodka
앱솔루트 보드카,excluded,,,vodka
업타운 마가리타,unmatched,,,
에반 윌리엄스 12년,matched,w081,에반 윌리엄스 12년,rule
에반 윌리엄스 12년 750ml,matched,w081,에반 윌리엄스 12년,rule
에반 윌리엄스 12년 750mml,matched,w081,에반 윌리엄스 12년,rule
에반 윌리엄스 12주년 에디션 50도,unmatched,,,
에반 윌리엄스 14년,matched,w082,에반 윌리엄스 14년,rule
에반 윌리엄스 BIB 12주년 에디션,matched,w111,에반 윌리엄스 BIB,rule
에반 윌리엄스 BIB 12주년 에디션 50도 1L,matched,w111,에반 윌리엄스 BIB,rule
에반 윌리엄스 BIB 1L,matched,w111,에반 윌리엄스 BIB,rule
에반 윌리엄스 블랙,matched,w080,에반 윌리엄스 블랙,rule
에반 윌리엄스 블랙 1.75L,matched,w080,에반 윌리엄스 블랙,rule
에반 윌리엄스 블랙 1750ml,matched,w080,에반 윌리엄스 블랙,rule
에반 윌리엄스 블랙 1L,matched,w080,에반 윌리엄스 블랙,rule
에반 윌리엄스 블랙 1l,matched,w080,에반 윌리엄스 블랙,rule
에반 윌리엄스 블랙 750mml,matched,w080,에반 윌리엄스 블랙,rule
에반 윌리엄스 싱글 베럴 750ml,matched,w110,에반 윌리엄스 싱글배럴,rule
에반윌리엄스 12년 750ml,matched,w081,에반 윌리엄스 12년,rule
에반윌리엄스 BIB 750ml,matched,w111,에반 윌리엄스 BIB,rule
에반윌리엄스 보트림본드 12주년 에디션 50도 1L,unmatched,,,
에반윌리엄스 블랙 1L플러스 잔세트,matched,w080,에반 윌리엄스 블랙,rule
에반율리엄스 블랙 1L,matched,w080,에반 윌리엄스 블랙,rule
에버펠 16년,matched,w027,에버펠디 16년,rule
에버펠 16년 700ml,matched,w027,에버펠디 16년,rule
에버펠디 16년 700ml,matched,w027,에버펠디 16년,rule
오반 14년,matched,w019,오반 14년,rule
오반 14년 700ml,matched,w019,오반 14년,rule
오반 싱글 몰트 14년 700ml,matched,w019,오반 14년,rule
오큰토션 10년,matched,w037,오큰토션 10년,rule
옥타브 스트레스 클라이드 1990 31년,matched,w039,스트라스클라이드 1990 31년 (옥타브),rule
와일드 터키 101 8년 700ml,matched,w073,와일드터키 8년,rule
와일드 터키 81 750mml,unmatched,,,
와일드 터키 레어 브리드 750ml,matched,w074,와일드터키 레어브리드,rule
와일드 터키 레어브리드,matched,w074,와일드터키 레어브리드,rule
와일드 터키 레어브리드 750ml,matched,w074,와일드터키 레어브리드,rule
와일드 터키 레어브리드 750mml,matched,w074,와일드터키 레어브리드,rule
와일드 터키 캔터키 스피릿 싱글 배럴,matched,w075,와일드터키 켄터키 스피릿 싱글배럴,rule
와일드 터키 캔터키 스피릿 싱글 배럴 750mml,matched,w075,와일드터키 켄터키 스피릿 싱글배럴,rule
와일드 터키 캔터키 스피릿 싱글 베럴 750ml,matched,w075,와일드터키 켄터키 스피릿 싱글배럴,rule
와일드 터키 켄터키 스피릿 싱글 배럴 750ml,matched,w075,와일드터키 켄터키 스피릿 싱글배럴,rule
와일드 터키 켄터키 스피릿 싱글 베럴 750ml,matched,w075,와일드터키 켄터키 스피릿 싱글배럴,rule
와일드터키 8년,matched,w073,와일드터키 8년,rule
와일드터키 8년 1L,matched,w073,와일드터키 8년,rule
와일드터키 레어브리드,matched,w074,와일드터키 레어브리드,rule
와일드터키 레어브리드 750ml,matched,w074,와일드터키 레어브리드,rule
와일드터키 켄터키 스피릿 싱글배럴,matched,w075,와일드터키 켄터키 스피릿 싱글배럴,rule
와일드터키 켄터키 스피릿 싱글배럴 750ml,matched,w075,와일드터키 켄터키 스피릿 싱글배럴,rule
우드포드 리저브,matched,w072,우드포드 리저브,rule
우드포드 리저브 1L,matched,w072,우드포드 리저브,rule
우드포드 리저브 1L 제품을 평소보다,matched,w072,우드포드 리저브,rule
우드포드 리저브 750ml,matched,w072,우드포드 리저브,rule
윈저 12년 500ml,matched,w129,윈저 12년,rule
윈저 17년 450mml,unmatched,,,
윈저 21년 500ml,unmatched,,,
윈저 450mml,unmatched,,,
윈저 W그니처ml,unmatched,,,
이글 레어 10년,matched,w076,이글 레어 10년,rule
이글 레어 10년 750ml,matched,w076,이글 레어 10년,rule
이글레어 10년,matched,w076,이글 레어 10년,rule
이글레어 10년 750ml,matched,w076,이글 레어 10년,rule
일라이저 크레이그 스몰 배치,unmatched,,,
잭 다니에 700ml,matched,w066,잭다니엘 No.7,rule
잭 다니엘스 200ml,matched,w066,잭다니엘 No.7,rule
잭 다니엘스 애플 1L,matched,w067,잭다니엘 애플,rule
잭 다니엘스 애플 200ml,matched,w067,잭다니엘 애플,rule
잭 다니엘스 애플 500mml,matched,w067,잭다니엘 애플,rule
잭 다니엘스 테네시 위스키 1L,matched,w066,잭다니엘 No.7,rule
잭 다니엘스 파이어 700ml,unmatched,,,
잭 다니엘스 허니 200ml,matched,w091,잭다니엘 허니,rule
잭 다니엘스 허니 700ml,matched,w091,잭다니엘 허니,rule
잭다니스 1L,matched,w066,잭다니엘 No.7,rule
잭다니에스 애플 1L,matched,w067,잭다니엘 애플,rule
잭다니엘 No.7,matched,w066,잭다니엘 No.7,rule
잭다니엘 라이,matched,w068,잭다니엘 라이,rule
잭다니엘 싱글배럴 잔패키지,matched,w066,잭다니엘 No.7,rule
잭다니엘 애플,matched,w067,잭다니엘 애플,rule
잭다니엘 애플 1L,matched,w067,잭다니엘 애플,rule
잭다니엘 애플 700ml 전용잔 패키지,matched,w067,잭다니엘 애플,rule
잭다니엘 애플 전용잔 패키지,matched,w067,잭다니엘 애플,rule
잭다니엘 테네시 700ml 전용잔 패키지,matched,w066,잭다니엘 No.7,rule
잭다니엘 테네시 애플 위스키 1L,matched,w067,잭다니엘 애플,rule
잭다니엘 테네시 위스키 1L 잔패키지,matched,w066,잭다니엘 No.7,rule
잭다니엘 테네시 전용잔 패키지,matched,w066,잭다니엘 No.7,rule
잭다니엘 허니,matched,w091,잭다니엘 허니,rule
잭다니엘 허니 1L,matched,w091,잭다니엘 허니,rule
잭다니엘스,matched,w066,잭다니엘 No.7,rule
잭다니엘스 1L,matched,w066,잭다니엘 No.7,rule
잭다니엘스 700ml 전용 패키지,matched,w066,잭다니엘 No.7,rule
잭다니엘스 BB라이 700ml,matched,w068,잭다니엘 라이,rule
잭다니엘스 애플 1L,matched,w067,잭다니엘 애플,rule
잭다니엘스 애플 700ml 전용잔 패키지,matched,w067,잭다니엘 애플,rule
잭다니엘스 테네시 700ml 전용잔 패키지,matched,w066,잭다니엘 No.7,rule
잭다니엘스 테네시 위스키 1L,matched,w066,잭다니엘 No.7,rule
잭다니엘시 700ml 전용잔 패키지,matched,w066,잭다니엘 No.7,rule
잭다니의 테네시 700ml 전용잔 패키지,matched,w066,잭다니엘 No.7,rule
저스트 포 하이브 리제르바,unmatched,,,
제임스 나이시 위스키 700ml,matched,w061,제임슨,rule
제임슨,matched,w061,제임슨,rule
제임슨 700ml,matched,w061,제임슨,rule
제임슨 블랙베럴 700ml,unmatched,,,
제임슨 스탠다드,matched,w061,제임슨,rule
제임슨 스탠더드,matched,w061,제임슨,rule
제임슨 스탠더드 700ml,matched,w061,제임슨,rule
제임슨 아이리시 위스키,matched,w061,제임슨,rule
제임슨 아이리시 위스키 700ml,matched,w061,제임슨,rule
조니 워커 블랙누비,unmatched,,,
조니 워커 블루라베,unmatched,,,
조니 워커 블루라베 750mml,unmatched,,,
조니어 그린,matched,w042,조니워커 그린라벨 15년,rule
조니어 레드 1.75l,matched,w049,조니워커 레드라벨,rule
조니어 블랙 루비,matched,w052,조니워커 블랙 루비,rule
조니어커 블랙,matched,w050,조니워커 블랙라벨 12년,rule
조니어커 블루,matched,w053,조니워커 블루라벨,rule
조니워커 골드 리저브 리미티드 에디션 750ml,unmatched,,,
조니워커 그린,matched,w042,조니워커 그린라벨 15년,rule
조니워커 그린 15년,matched,w042,조니워커 그린라벨 15년,rule
조니워커 그린 700ml,matched,w042,조니워커 그린라벨 15년,rule
조니워커 그린납,matched,w042,조니워커 그린라벨 15년,rule
조니워커 그린납L,matched,w042,조니워커 그린라벨 15년,rule
조니워커 그린라벨 15년 700ml,matched,w042,조니워커 그린라벨 15년,rule
조니워커 그린라벨 700ml,matched,w042,조니워커 그린라벨 15년,rule
조니워커 그린에 700ml,matched,w042,조니워커 그린라벨 15년,rule
조니워커 그인라 700ml,matched,w042,조니워커 그린라벨 15년,rule
조니워커 더블블랙,matched,w051,조니워커 더블블랙,rule
조니워커 더블블랙 1L,matched,w051,조니워커 더블블랙,rule
조니워커 레드,matched,w049,조니워커 레드라벨,rule
조니워커 레드 1.75L,matched,w049,조니워커 레드라벨,rule
조니워커 레드 700ml,matched,w049,조니워커 레드라벨,rule
조니워커 레드라벨 1750ml,matched,w049,조니워커 레드라벨,rule
조니워커 레드라벨 700ml,matched,w049,조니워커 레드라벨,rule
조니워커 블ml,unmatched,,,
조니워커 블랙,matched,w050,조니워커 블랙라벨 12년,rule
조니워커 블랙 1.75L,matched,w050,조니워커 블랙라벨 12년,rule
조니워커 블랙 200ml,matched,w050,조니워커 블랙라벨 12년,rule
조니워커 블랙 700ml,matched,w050,조니워커 블랙라벨 12년,rule
조니워커 블랙 누루비 700ml,matched,w052,조니워커 블랙 루비,rule
조니워커 블랙 루비,matched,w052,조니워커 블랙 루비,rule
조니워커 블랙 루비 700ml,matched,w052,조니워커 블랙 루비,rule
조니워커 블랙 루비 750ml,matched,w052,조니워커 블랙 루비,rule
조니워커 블랙 오징어 게임 에디션 750mml,unmatched,,,
조니워커 블랙라베 700ml,matched,w050,조니워커 블랙라벨 12년,rule
조니워커 블랙라벨,matched,w050,조니워커 블랙라벨 12년,rule
조니워커 블랙라벨 12년 1L,matched,w050,조니워커 블랙라벨 12년,rule
조니워커 블랙라벨 12년 700,matched,w050,조니워커 블랙라벨 12년,rule
조니워커 블랙라벨 12년 700ml,matched,w050,조니워커 블랙라벨 12년,rule
조니워커 블랙라벨 700ml,matched,w050,조니워커 블랙라벨 12년,rule
조니워커 블랙루비,matched,w052,조니워커 블랙 루비,rule
조니워커 블랙루비 700ml,matched,w052,조니워커 블랙 루비,rule
조니워커 블로라 750ml,matched,w053,조니워커 블루라벨,rule
조니워커 블루 500ml,matched,w053,조니워커 블루라벨,rule
조니워커 블루 700ml,matched,w053,조니워커 블루라벨,rule
조니워커 블루 750ml,matched,w053,조니워커 블루라벨,rule
조니워커 블루 750mml,matched,w053,조니워커 블루라벨,rule
조니워커 블루라 750ml,matched,w053,조니워커 블루라벨,rule
조니워커 블루라베 750mml,matched,w053,조니워커 블루라벨,rule
조니워커 블루라벨,matched,w053,조니워커 블루라벨,rule
조니워커 블루라벨 500ml,matched,w053,조니워커 블루라벨,rule
조니워커 블루라벨 750ml,matched,w053,조니워커 블루라벨,rule
조니워커블 블루,matched,w053,조니워커 블루라벨,rule
조니워커블 블루 750ml,matched,w053,조니워커 블루라벨,rule
주라 10년 700ml,matched,w116,주라 10년,rule
주라 12년 쉐리케스크 700ml,matched,w117,주라 12년 셰리 캐스크,rule
주라 18년,matched,w097,주라 18년,rule
주라 18년 700ml,matched,w097,주라 18년,rule
진빈 법원 유스키 1L,matched,w065,짐빔 화이트,rule
진빔,matched,w065,짐빔 화이트,rule
진빔 1L,matched,w065,짐빔 화이트,rule
진빔 700ml,matched,w065,짐빔 화이트,rule
진빔 버유스키 1L,matched,w065,짐빔 화이트,rule
진빔 법원이스키 1L,matched,w065,짐빔 화이트,rule
진빔 하이트 750ml,matched,w065,짐빔 화이트,rule
진빔 허니 750ml,unmatched,,,
진빔 화이트,matched,w065,짐빔 화이트,rule
진빔 화이트 750ml,matched,w065,짐빔 화이트,rule
진빔 화이트 750mml,matched,w065,짐빔 화이트,rule
짐빔,matched,w065,짐빔 화이트,rule
짐빔 화이트,matched,w065,짐빔 화이트,rule
짐빔 화이트 750ml,matched,w065,짐빔 화이트,rule
카발란 디스틸러 리셀레트 싱글 몰트 700ml,matched,w084,카발란 디스틸러리 셀렉트,rule
카발란 디스틸러리 셀렉트,matched,w084,카발란 디스틸러리 셀렉트,rule
카발란 디스틸러리 셀렉트 700ml,matched,w084,카발란 디스틸러리 셀렉트,rule
카발란 디스틸러리 셀렉트 싱글 700ml,matched,w084,카발란 디스틸러리 셀렉트,rule
카발란 디스틸러리 셀렉트 싱글 몰트,matched,w084,카발란 디스틸러리 셀렉트,rule
카발란 디스틸러리 셀렉트 싱글 몰트 700ml,matched,w084,카발란 디스틸러리 셀렉트,rule
카발란 디스틸러리 셀렉트 싱글몰트,matched,w084,카발란 디스틸러리 셀렉트,rule
카발란 디스틸러리 셀렉트 싱글트 700ml,matched,w084,카발란 디스틸러리 셀렉트,rule
카발란 솔리스트 700ml,unmatched,,,
칼라 1 블렌디드 스카치 위스키,matched,w130,칼라일,rule
칼라일 1500ml,matched,w130,칼라일,rule
칼라일 스카치 위스키 700ml,matched,w130,칼라일,rule
커클랜드 15년 하일랜드 싱글몰트 위스키,matched,w098,커클랜드 15년 하일랜드 싱글몰트,rule
커클랜드 런던 드라이진 1L,excluded,,,gin
커클랜드 시그니처 꼬약 XO 750ml,excluded,,,cognac
커클랜드 시그니처 런던 드라이진,excluded,,,gin
커클랜드 시그니처 바틀 인본드 버뉴스키 1L,matched,w112,커클랜드 바틀드 인 본드 버번,rule
커클랜드 시그니처 스카치 위스키 1.75L,matched,w099,커클랜드 시그니처 스카치,rule
커클랜드 시그니처 아일레이 싱글몰트 위스키,matched,w285,커클랜드 시그니처 아일레이 싱글몰트,rule
커클랜드 시그니처 캐나디안 위스키 1.75L,matched,w100,커클랜드 시그니처 캐나디안,rule
커클랜드 시그니처꽃 약 XO 750ml,matched,w099,커클랜드 시그니처 스카치,rule
커티 프로이비션,unmatched,,,
커티삭 프로히비션,matched,w058,커티삭 프로히비션,rule
커티삭 프로히비션 1L,matched,w058,커티삭 프로히비션,rule
커티삭 프로히비션 700ml,matched,w058,커티삭 프로히비션,rule
코발 밀레,matched,w113,코발 밀레,rule
코발 밀레 위스키 500ml,matched,w113,코발 밀레,rule
코발라이 위스키 500ml,matched,w114,코발 라이,rule
쿠티삭 프로히비션,matched,w058,커티삭 프로히비션,rule
클라이넬리시 14년,matched,w025,클라이넬리시 14년,rule
클라이넬리시 14년 700ml,matched,w025,클라이넬리시 14년,rule
클라인엘리시 14년,matched,w025,클라이넬리시 14년,rule
탈리스마 위스키 1L,matched,w088,탈리스만 9년 포르투기즈 캐스크,rule
탈리스만 9년,matched,w088,탈리스만 9년 포르투기즈 캐스크,rule
탈리스만 9년 포르투기즈 캐스크,matched,w088,탈리스만 9년 포르투기즈 캐스크,rule
탈리스만 9년 포르투기즈 캐스크 700ml,matched,w088,탈리스만 9년 포르투기즈 캐스크,rule
탈리스만 9년 포르투기즈 캐스크 에디션,matched,w088,탈리스만 9년 포르투기즈 캐스크,rule
탈리스만 위스키,matched,w088,탈리스만 9년 포르투기즈 캐스크,rule
탈리스만 위스키 1L,matched,w088,탈리스만 9년 포르투기즈 캐스크,rule
탈리스만 위스키 1l,matched,w088,탈리스만 9년 포르투기즈 캐스크,rule
탈리스커,unmatched,,,
탈리스커 10년,matched,w032,탈리스커 10년,rule
탈리스커 10년 700ml,matched,w032,탈리스커 10년,rule
탈리스커 1L,unmatched,,,
탈리스커 9년,matched,w033,탈리스커 9년,rule
탈리스커 디스틸러스 에디션 700ml,matched,w118,탈리스커 디스틸러스 에디션,rule
탈리스커 스톰 700ml,unmatched,,,
탈리스커 와일더시 700ml,matched,w034,탈리스커 와일더 시즈,rule
탈리스커 와일드 블루,matched,w089,탈리스커 와일드 블루,rule
탈리스커 와일드 블루 700ml,matched,w089,탈리스커 와일드 블루,rule
탈리스커 포트리 700ml,unmatched,,,
탐나불린 셰리캐스크,unmatched,,,
탐두 15년,matched,w016,탐두 15년,rule
탐두 15년 700ml,matched,w016,탐두 15년,rule
파이어볼 시나몬 위스키 500ml,excluded,,,liqueur-cinnamon
파클라스 15년 700ml,matched,w093,글렌파클라스 15년,rule
페로네 리몬첼,excluded,,,liqueur-limoncello
페이머스 그라우스 1L,matched,w054,페이머스 그라우스,rule
페이머스 그라우스 700ml,matched,w054,페이머스 그라우스,rule
포 로지스 스몰 배치 셀렉트 750ml,matched,w079,포 로지스 스몰배치 셀렉트,rule
포 로지스 스몰 배치 셀렉트 750mml,matched,w079,포 로지스 스몰배치 셀렉트,rule
포 로지스 스몰배치 셀렉트,matched,w079,포 로지스 스몰배치 셀렉트,rule
포 로지스 스몰배치 셀렉트 750ml,matched,w079,포 로지스 스몰배치 셀렉트,rule
포 로지스 싱글 베럴 750ml,matched,w078,포 로지스 싱글배럴,rule
포 로지스 싱글배럴,matched,w078,포 로지스 싱글배럴,rule
포 로지스 싱글배럴 750ml,matched,w078,포 로지스 싱글배럴,rule
포로지 지스 싱글 베럴 750ml,matched,w078,포 로지스 싱글배럴,rule
포로지스 스몰 배치 셀렉트,matched,w079,포 로지스 스몰배치 셀렉트,rule
포로지스 싱글 베럴,matched,w078,포 로지스 싱글배럴,rule
피치트리,excluded,,,liqueur-schnapps
호로지스 스몰 배치 셀렉트,matched,w079,포 로지스 스몰배치 셀렉트,rule
호세코에보 에스페셜 레포사도,excluded,,,tequila
