prd_no,prd_opt_no,name,brand,volume_ml,regular_price,sale_price,discount_pct,currency,krw_price,category,is_dutyfree,collected_at
20000959658,20001278582,발베니 12년 골든럼 캐스크 700ml,발베니,700,80.0,44.16,45.0,USD,61515,주류/위스키/싱글 몰트,True,2026-08-22T00:15:19Z
20000842088,20001086127,발베니 15년 마데이라 캐스크 700ml,발베니,700,164.0,90.52,45.0,USD,126094,주류/위스키/싱글 몰트,True,2026-08-22T00:15:19Z
20000978194,20001314231,글렌피딕 22년 그랑 코르테즈 700ml,글렌피딕,700,310.0,169.26,45.0,USD,235779,주류/위스키/싱글 몰트,True,2026-08-22T00:15:19Z
20000845220,20001090432,카발란 비노 바리끄 솔리스트 1000ml,카발란,1000,230.0,138.0,40.0,USD,192234,주류/위스키/싱글 몰트,True,2026-08-22T00:15:19Z
20000842082,20001086121,글렌피딕 18년 벳4 퍼페추얼 컬렉션 700ml,글렌피딕,700,145.0,79.17,45.0,USD,110284,주류/위스키/싱글 몰트,True,2026-08-22T00:15:19Z
20000842079,20001086118,글렌피딕 15년 벳 3 퍼페추얼 컬렉션 700ml,글렌피딕,700,99.0,54.05,45.0,USD,75292,주류/위스키/싱글 몰트,True,2026-08-22T00:15:19Z
20000845231,20001090462,카발란 EX-버번 솔리스트 1000ml,카발란,1000,154.0,92.4,40.0,USD,128713,주류/위스키/싱글 몰트,True,2026-08-22T00:15:19Z
20000842092,20001086136,발베니 18년 페드로 히메네즈 700ml,발베니,700,277.0,152.9,45.0,USD,212990,주류/위스키/싱글 몰트,True,2026-08-22T00:15:19Z
20000842087,20001086126,발베니 클래식 700ml,발베니,700,101.0,55.75,45.0,USD,77660,주류/위스키/싱글 몰트,True,2026-08-22T00:15:19Z
20001043555,20001437228,글렌모렌지 시그넷 700ml,글렌모렌지,700,198.0,168.3,15.0,USD,234442,주류/위스키/싱글 몰트,True,2026-08-22T00:15:19Z
20001046296,20001443047,발베니15 마데이라 캐스크 빅토 응아이 700ml,발베니,700,164.0,90.52,45.0,USD,126094,주류/위스키/싱글 몰트,True,2026-08-22T00:15:19Z
20000946344,20001256659,듀어스 15년 1000ml 뉴에디션,듀어스,1000,64.0,44.6,30.0,USD,62128,주류/위스키/싱글 몰트,True,2026-08-22T00:15:19Z
20001046303,20001443063,발베니18 쉐리 캐스크 빅토 응아이 700ml,발베니,700,277.0,152.9,45.0,USD,212990,주류/위스키/싱글 몰트,True,2026-08-22T00:15:19Z
20000844310,20001089253,라가불린 16년 700ml,라가불린,700,99.0,67.32,32.0,USD,93777,주류/위스키/싱글 몰트,True,2026-08-22T00:15:19Z
20000845232,20001090463,카발란 올로로소 쉐리오크 1000ml,카발란,1000,172.0,103.2,40.0,USD,143758,주류/위스키/싱글 몰트,True,2026-08-22T00:15:19Z
20000842073,20001086112,글렌피딕 23년 그랑 크루 700ml,글렌피딕,700,353.0,192.73,45.0,USD,268473,주류/위스키/싱글 몰트,True,2026-08-22T00:15:19Z
20000842076,20001086115,글렌피딕 벳 1 퍼페추얼 컬렉션 1000ml,글렌피딕,1000,78.0,42.58,45.0,USD,59314,주류/위스키/싱글 몰트,True,2026-08-22T00:15:19Z
20000842095,20001086140,발베니 19년 위크 오브 피트 700ml,발베니,700,315.0,173.88,45.0,USD,242215,주류/위스키/싱글 몰트,True,2026-08-22T00:15:19Z
20001006116,20001365795,아드벡 우거다일 700ml,아드벡,700,91.0,68.25,25.0,USD,95072,주류/위스키/싱글 몰트,True,2026-08-22T00:15:19Z
20001054259,20001456511,글렌모렌지 인피니타 18년 700ml,글렌모렌지,700,115.0,86.25,25.0,USD,120146,주류/위스키/싱글 몰트,True,2026-08-22T00:15:19Z
20000842074,20001086113,글렌피딕 21년 그랑 레제르바 700ml,글렌피딕,700,264.0,144.14,45.0,USD,200787,주류/위스키/싱글 몰트,True,2026-08-22T00:15:19Z
20000840579,20001083943,더 글렌그란트 15년 1000ml,더 글렌그란트,1000,128.0,67.96,47.0,USD,94668,주류/위스키/싱글 몰트,True,2026-08-22T00:15:19Z
20001007446,20001368303,글렌피딕 19년 애스턴마틴 F1 700ml,글렌피딕,700,165.0,115.5,30.0,USD,160892,주류/위스키/싱글 몰트,True,2026-08-22T00:15:19Z
20000919728,20001212989,글렌알라키 12년 뮈스카텔 우드 피니시 700ml,글렌알라키,700,137.0,61.65,55.0,USD,85878,주류/위스키/싱글 몰트,True,2026-08-22T00:15:19Z
20000844207,20001089091,글렌피딕 엑스엑스 700ml,글렌피딕,700,92.0,50.23,45.0,USD,69970,주류/위스키/싱글 몰트,True,2026-08-22T00:15:19Z
20000844203,20001089087,글렌피딕 26년 그랑 쿠론 700ml,글렌피딕,700,706.0,385.47,45.0,USD,536960,주류/위스키/싱글 몰트,True,2026-08-22T00:15:19Z
20001051309,20001451817,브룩라디 블랙아트 사페로 700ml,브룩라디,700,238.0,238.0,0.0,USD,331534,주류/위스키/싱글 몰트,True,2026-08-22T00:15:19Z
20000846018,20001214929,글렌파클라스 25년 위스키 700ml,글렌파클라스,700,378.0,208.27,45.0,USD,290120,주류/위스키/싱글 몰트,True,2026-08-22T00:15:19Z
20000929408,20001226684,로얄브라클라 21년 700ml,로얄 브라클라,700,348.0,250.56,28.0,USD,349030,주류/위스키/싱글 몰트,True,2026-08-22T00:15:19Z
20001055528,20001458876,카발란 솔리스트 마데이라 1000ml,카발란,1000,234.0,187.2,20.0,USD,260770,주류/위스키/싱글 몰트,True,2026-08-22T00:15:19Z
20001010328,20001373777,글렌피딕 23년 그랑 크루 슬림팩 700ml,글렌피딕,700,353.0,192.73,45.0,USD,268473,주류/위스키/싱글 몰트,True,2026-08-22T00:15:19Z
20001060875,20001467523,아드벡 19년 배치7 700ml,아드벡,700,315.0,252.0,20.0,USD,351036,주류/위스키/싱글 몰트,True,2026-08-22T00:15:19Z
20001043046,20001436610,글렌파클라스 15년 700ml,글렌파클라스,700,135.0,69.25,49.0,USD,96465,주류/위스키/싱글 몰트,True,2026-08-22T00:15:19Z
20001010060,20001373242,카발란 솔리스트 피노 1000mL,카발란,1000,380.0,304.0,20.0,USD,423472,주류/위스키/싱글 몰트,True,2026-08-22T00:15:19Z
20000845225,20001090442,카발란 클래식 1000ml,카발란,1000,109.0,65.4,40.0,USD,91102,주류/위스키/싱글 몰트,True,2026-08-22T00:15:19Z
20000957066,20001274588,맥캘란 컬러컬렉션 12년 700ml,맥캘란,700,83.0,83.0,0.0,USD,115619,주류/위스키/싱글 몰트,True,2026-08-22T00:15:19Z
20001053291,20001455105,기원 코리안 트래블 익스클루시브,기원 위스키,,118.0,71.15,40.0,USD,99112,주류/위스키/싱글 몰트,True,2026-08-22T00:15:19Z
20000842078,20001086117,글렌피딕 벳 2 퍼페추얼 컬렉션 1000ml,글렌피딕,1000,94.0,51.32,45.0,USD,71489,주류/위스키/싱글 몰트,True,2026-08-22T00:15:19Z
20000845222,20001090436,카발란 포트 솔리스트 1000ml,카발란,1000,218.0,130.8,40.0,USD,182204,주류/위스키/싱글 몰트,True,2026-08-22T00:15:19Z
20001029292,20001407357,기원 해 700ml,기원 위스키,700,66.0,39.79,40.0,USD,55427,주류/위스키/싱글 몰트,True,2026-08-22T00:15:19Z
20001009580,20001372427,더 글렌리벳 19년 700ml,글렌리벳,700,130.0,91.0,30.0,USD,126763,주류/위스키/싱글 몰트,True,2026-08-22T00:15:19Z
20000919520,20001212632,글렌모렌지 오리지널 1000ml,글렌모렌지,1000,60.0,39.0,35.0,USD,54327,주류/위스키/싱글 몰트,True,2026-08-22T00:15:19Z
20001043040,20001436590,글렌모렌지 시그넷 리저브 700ml,글렌모렌지,700,338.0,287.3,15.0,USD,400209,주류/위스키/싱글 몰트,True,2026-08-22T00:15:19Z
20000961588,20001281865,발렌타인 글렌버기 15년 700ml,발렌타인,700,81.0,51.75,36.0,USD,72088,주류/위스키/싱글 몰트,True,2026-08-22T00:15:19Z
20000959671,20001278602,카발란 그랜드 리져브 NO1 1000mL,카발란,1000,127.0,76.2,40.0,USD,106147,주류/위스키/싱글 몰트,True,2026-08-22T00:15:19Z
20001017022,20001385334,발베니 12 몬틸라 캐스크 700ml,발베니,700,88.0,48.57,45.0,USD,67658,주류/위스키/싱글 몰트,True,2026-08-22T00:15:19Z
20000970060,20001298625,발렌타인 글렌버기 18년 700ml,발렌타인,700,131.0,81.35,38.0,USD,113321,주류/위스키/싱글 몰트,True,2026-08-22T00:15:19Z
20001049986,20001449063,기원 달 기프트팩 700ml,기원 위스키,700,72.0,43.41,40.0,USD,60470,주류/위스키/싱글 몰트,True,2026-08-22T00:15:19Z
20000844159,20001089025,글렌파클라스 105 CS 1000ml,글렌파클라스,1000,126.0,119.7,5.0,USD,166742,주류/위스키/싱글 몰트,True,2026-08-22T00:15:19Z
20000842048,20001086085,글렌드로낙 10년 1000ml,글렌드로낙,1000,80.0,43.2,46.0,USD,60178,주류/위스키/싱글 몰트,True,2026-08-22T00:15:19Z
20000959673,20001278604,카발란 그랜드 리져브 NO2 1000mL,카발란,1000,127.0,76.2,40.0,USD,106147,주류/위스키/싱글 몰트,True,2026-08-22T00:15:19Z
20001055640,20001459070,글렌피딕 21년 그랑 레제르바 700ml [슬림팩버전],글렌피딕,700,264.0,144.14,45.0,USD,200787,주류/위스키/싱글 몰트,True,2026-08-22T00:15:19Z
20001026972,20001403029,[면세한정] 달모어 16년 PX 쉐리캐스크 700ml,달모어,700,165.0,156.75,5.0,USD,218353,주류/위스키/싱글 몰트,True,2026-08-22T00:15:19Z
20000957069,20001274591,맥캘란 컬러컬렉션 15년 700ml,맥캘란,700,168.0,168.0,0.0,USD,234024,주류/위스키/싱글 몰트,True,2026-08-22T00:15:19Z
20000929402,20001226674,올트모어 12년 1000ml,올트모어,1000,104.0,72.48,30.0,USD,100965,주류/위스키/싱글 몰트,True,2026-08-22T00:15:19Z
20000846000,20001091575,글렌알라키 8년 메타베브 에디션 위스키 700ml,글렌알라키,700,81.0,35.39,56.0,USD,49298,주류/위스키/싱글 몰트,True,2026-08-22T00:15:19Z
20001057638,20001462667,탐두 14년 엠버 빈티지 2009 700ml,탐두,700,139.0,72.28,48.0,USD,100686,주류/위스키/싱글 몰트,True,2026-08-22T00:15:19Z
20001054264,20001456516,부쉬밀 18년 트리플 캐스크 700ml,부쉬밀,700,140.0,75.6,46.0,USD,105311,주류/위스키/싱글 몰트,True,2026-08-22T00:15:19Z
20000955924,20001272912,잭다니엘 아메리칸 싱글몰트 1000ml,잭다니엘,1000,80.0,48.24,40.0,USD,67198,주류/위스키/싱글 몰트,True,2026-08-22T00:15:19Z
20000929409,20001226685,로얄브라클라 18년 700ml,로얄 브라클라,700,219.0,152.64,30.0,USD,212628,주류/위스키/싱글 몰트,True,2026-08-22T00:15:19Z
20000918652,20001211332,글렌파클라스 12년 700ml,글렌파클라스,700,90.0,43.6,52.0,USD,60735,주류/위스키/싱글 몰트,True,2026-08-22T00:15:19Z
20000842508,20001086699,달위니 15년 1000ml,달위니,1000,127.0,67.05,47.0,USD,93401,주류/위스키/싱글 몰트,True,2026-08-22T00:15:19Z
20000842098,20001086143,발베니 25년 레어메리지 700ml,발베니,700,998.0,550.89,45.0,USD,767390,주류/위스키/싱글 몰트,True,2026-08-22T00:15:19Z
20000842052,20001086089,벤리악 클래식 1000ml,벤리악,1000,70.0,28.35,60.0,USD,39492,주류/위스키/싱글 몰트,True,2026-08-22T00:15:19Z
20000845216,20001090427,아녹 12년 위스키 700ml,아녹,700,79.0,32.27,59.0,USD,44952,주류/위스키/싱글 몰트,True,2026-08-22T00:15:19Z
20000840670,20001084058,하이랜드파크 울프 14년 1000ml,하이랜드파크,1000,100.0,38.0,62.0,USD,52934,주류/위스키/싱글 몰트,True,2026-08-22T00:15:19Z
20001047724,20001445381,글렌모렌지 21년 700ml,글렌모렌지,700,245.0,183.75,25.0,USD,255964,주류/위스키/싱글 몰트,True,2026-08-22T00:15:19Z
20001023245,20001395824,아벨라워 아부나흐 700ml,아벨라워,700,115.0,80.73,30.0,USD,112457,주류/위스키/싱글 몰트,True,2026-08-22T00:15:19Z
20001009480,20001372252,오마르 캐스크 스트랭스 싱글 몰트 위스키 버진 오크 700ml,오마르,700,188.0,89.67,52.0,USD,124910,주류/위스키/싱글 몰트,True,2026-08-22T00:15:19Z
20001009477,20001372249,오마르 캐스크 스트랭스 싱글 몰트 위스키 리치 리큐르 배럴 피니시 700ml,오마르,700,253.0,120.68,52.0,USD,168107,주류/위스키/싱글 몰트,True,2026-08-22T00:15:19Z
20000845227,20001090450,카발란 콘서트마스터 1000ml,카발란,1000,88.0,70.4,20.0,USD,98067,주류/위스키/싱글 몰트,True,2026-08-22T00:15:19Z
20000936530,20001238663,올트모어 25년 700ml,올트모어,700,655.0,322.91,51.0,USD,449814,주류/위스키/싱글 몰트,True,2026-08-22T00:15:19Z
20000935489,20001236495,글렌알라키 15년 700ml,글렌알라키,700,169.0,104.94,38.0,USD,146181,주류/위스키/싱글 몰트,True,2026-08-22T00:15:19Z
20000929375,20001226641,글렌데브론 16년 1000ml,글렌데브론,1000,90.0,62.73,30.0,USD,87383,주류/위스키/싱글 몰트,True,2026-08-22T00:15:19Z
20000842511,20001086702,탈리스커 다크스톰 1000ml,탈리스커,1000,108.0,65.66,39.0,USD,91464,주류/위스키/싱글 몰트,True,2026-08-22T00:15:19Z
20001057644,20001462686,발베니 21 포트우드 빅토 응아이 700ml,발베니,700,360.0,288.0,20.0,USD,401184,주류/위스키/싱글 몰트,True,2026-08-22T00:15:19Z
20001057640,20001462680,탐두 그란 리제르바 700ml,탐두,700,269.0,161.4,40.0,USD,224830,주류/위스키/싱글 몰트,True,2026-08-22T00:15:19Z
20001057217,20001461901,올트모어 21년 (깔바도스) 500ml,올트모어,500,199.0,101.49,49.0,USD,141376,주류/위스키/싱글 몰트,True,2026-08-22T00:15:19Z
20001048175,20001445989,더 글렌그란트 16년 1000ml,더 글렌그란트,1000,115.0,71.41,38.0,USD,99474,주류/위스키/싱글 몰트,True,2026-08-22T00:15:19Z
20001043658,20001437361,글렌글라사 샌드엔드 700ml,글렌글라사,700,70.0,63.0,10.0,USD,87759,주류/위스키/싱글 몰트,True,2026-08-22T00:15:19Z
20001031315,20001411293,카발란 마스터 셀렉트 No2 1000ml(100cl),카발란,1000,135.0,81.0,40.0,USD,112833,주류/위스키/싱글 몰트,True,2026-08-22T00:15:19Z
20000969478,20001297427,보모어 16년 700ml,보모어,700,110.0,77.33,30.0,USD,107721,주류/위스키/싱글 몰트,True,2026-08-22T00:15:19Z
20000945270,20001255184,부쉬밀 싱글몰트 15년 버번 캐스크 700ml,부쉬밀,700,90.0,48.6,46.0,USD,67700,주류/위스키/싱글 몰트,True,2026-08-22T00:15:19Z
20000937916,20001241360,싱글톤 가든스 오브 어번던스 - 래디언트 스프링 가든 1000ml,싱글톤,1000,68.0,40.25,41.0,USD,56068,주류/위스키/싱글 몰트,True,2026-08-22T00:15:19Z
20000919722,20001212979,글렌알라키 10년 스패니시 버진 오크 피니시 700ml,글렌알라키,700,169.0,76.05,55.0,USD,105938,주류/위스키/싱글 몰트,True,2026-08-22T00:15:19Z
20000842862,20001087244,라프로익 PX 캐스크 1000ml,라프로익,1000,120.0,80.94,33.0,USD,112749,주류/위스키/싱글 몰트,True,2026-08-22T00:15:19Z
20000842054,20001086091,벤리악 피티드 1000ml,벤리악,1000,70.0,28.98,59.0,USD,40369,주류/위스키/싱글 몰트,True,2026-08-22T00:15:19Z
20001052918,20001454507,글렌모렌지 빈디마 16년 1000ml,글렌모렌지,1000,112.0,84.0,25.0,USD,117012,주류/위스키/싱글 몰트,True,2026-08-22T00:15:19Z
20001015439,20001383201,아벨라워 18년 700ml,아벨라워,700,215.0,150.93,30.0,USD,210245,주류/위스키/싱글 몰트,True,2026-08-22T00:15:19Z
20000980631,20001319331,블라드녹 14년 올로로소 셰리 700ml,블라드녹,700,192.0,87.55,54.0,USD,121957,주류/위스키/싱글 몰트,True,2026-08-22T00:15:19Z
20000842510,20001086701,싱글톤 글렌둘란 12년 1000ml,싱글톤,1000,68.0,40.25,41.0,USD,56068,주류/위스키/싱글 몰트,True,2026-08-22T00:15:19Z
20001057635,20001462660,탐두 콰트로 리제르바 700ml,탐두,700,75.0,52.2,30.0,USD,72715,주류/위스키/싱글 몰트,True,2026-08-22T00:15:19Z
20001014201,20001381025,부쉬밀 싱글몰트 쉐리 캐스크 12년 700ml,부쉬밀,700,70.0,63.0,10.0,USD,87759,주류/위스키/싱글 몰트,True,2026-08-22T00:15:19Z
20001000089,20001354222,벤리악 트리플 디스틸드 25년 700ml,벤리악,700,380.0,242.82,36.0,USD,338248,주류/위스키/싱글 몰트,True,2026-08-22T00:15:19Z
20000976675,20001310849,브룩라디 옥토모어 15.1 700ml,브룩라디,700,167.0,167.0,0.0,USD,232631,주류/위스키/싱글 몰트,True,2026-08-22T00:15:19Z
20000967552,20001293493,브룩라디 포트 샬롯 1000ml,브룩라디,1000,115.0,115.0,0.0,USD,160195,주류/위스키/싱글 몰트,True,2026-08-22T00:15:19Z
20000961829,20001282451,더 글렌리벳 12년 1000ml,글렌리벳,1000,75.0,52.2,30.0,USD,72715,주류/위스키/싱글 몰트,True,2026-08-22T00:15:19Z
20000929406,20001226680,로얄브라클라 12년 1000ml,로얄 브라클라,1000,97.0,67.6,30.0,USD,94167,주류/위스키/싱글 몰트,True,2026-08-22T00:15:19Z
20000922724,20001217520,싱글톤 글렌듈란 14년 SR FY24 700ml(2023 Special Release),싱글톤,700,158.0,93.53,41.0,USD,130287,주류/위스키/싱글 몰트,True,2026-08-22T00:15:19Z
20000842604,20001086795,탐나불린 1000ml,탐나불린,1000,56.0,56.0,0.0,USD,78008,주류/위스키/싱글 몰트,True,2026-08-22T00:15:19Z
20001053944,20001456015,글렌모렌지 16년 트리뷰트 1000ml,글렌모렌지,1000,99.0,74.25,25.0,USD,103430,주류/위스키/싱글 몰트,True,2026-08-22T00:15:19Z
20001047821,20001445544,아드벡 스모크트레일즈 배치3 1000ml,아드벡,1000,90.0,67.5,25.0,USD,94028,주류/위스키/싱글 몰트,True,2026-08-22T00:15:19Z
20001046977,20001444264,발베니 21 포트우드 700ml,발베니,700,360.0,288.0,20.0,USD,401184,주류/위스키/싱글 몰트,True,2026-08-22T00:15:19Z
20001030366,20001409567,올드 풀트니 허다트 위스키 700ml,올드풀트니,700,105.0,43.89,58.0,USD,61139,주류/위스키/싱글 몰트,True,2026-08-22T00:15:19Z
20001029294,20001407361,기원 달 700ml,기원 위스키,700,59.0,53.1,10.0,USD,73968,주류/위스키/싱글 몰트,True,2026-08-22T00:15:19Z
20001023251,20001395830,글렌모렌지 14년 엘레멘타 1000ml,글렌모렌지,1000,90.0,67.5,25.0,USD,94028,주류/위스키/싱글 몰트,True,2026-08-22T00:15:19Z
20001018200,20001387430,발베니 12 골든럼 캐스크 IGL 700ml,발베니,700,80.0,64.0,20.0,USD,89152,주류/위스키/싱글 몰트,True,2026-08-22T00:15:19Z
20001009578,20001372425,더 글렌리벳 14년 1000ml,글렌리벳,1000,85.0,59.5,30.0,USD,82884,주류/위스키/싱글 몰트,True,2026-08-22T00:15:19Z
20001003645,20001361757,닛카 미야기쿄 싱글 몰트 그란데 700ml,닛카 위스키,700,110.0,88.0,20.0,USD,122584,주류/위스키/싱글 몰트,True,2026-08-22T00:15:19Z
20000876673,20001142408,암룻 피티드 700ml,암룻,700,76.0,34.04,55.0,USD,47418,주류/위스키/싱글 몰트,True,2026-08-22T00:15:19Z
20000874710,20001139291,타운브랜치 7년 켄터키 싱글 몰트 위스키 750ml,타운브랜치,750,60.0,28.62,52.0,USD,39868,주류/위스키/싱글 몰트,True,2026-08-22T00:15:19Z
20000842612,20001086804,주라 아일랜더스 익스프레션 1000ml,주라,1000,69.0,69.0,0.0,USD,96117,주류/위스키/싱글 몰트,True,2026-08-22T00:15:19Z
20000842607,20001086799,주라 더 베이 1000ml,주라,1000,85.0,85.0,0.0,USD,118405,주류/위스키/싱글 몰트,True,2026-08-22T00:15:19Z
20000842512,20001086703,탈리스커 10년 1000ml,탈리스커,1000,80.0,53.12,34.0,USD,73996,주류/위스키/싱글 몰트,True,2026-08-22T00:15:19Z
20001054724,20001457667,글렌모렌지 12년 어코드 1000ml,글렌모렌지,1000,77.0,57.75,25.0,USD,80446,주류/위스키/싱글 몰트,True,2026-08-22T00:15:19Z
20001021530,20001393091,아드벡 21년 700ml,아드벡,700,440.0,352.0,20.0,USD,490336,주류/위스키/싱글 몰트,True,2026-08-22T00:15:19Z
20001021506,20001393007,발렌타인 글렌버기 21년 700ml,발렌타인,700,250.0,157.5,37.0,USD,219398,주류/위스키/싱글 몰트,True,2026-08-22T00:15:19Z
20001020339,20001390726,달모어 콰르텟 700ml,달모어,700,95.0,90.25,5.0,USD,125718,주류/위스키/싱글 몰트,True,2026-08-22T00:15:19Z
20001009479,20001372251,오마르 캐스크 스트랭스 싱글 몰트 위스키 쉐리 캐스크 700ml,오마르,700,205.0,184.5,10.0,USD,257009,주류/위스키/싱글 몰트,True,2026-08-22T00:15:19Z
20000980627,20001319327,린도어스 캐스크 오브 린도어스 셰리 벗 700ml,린도어스,700,80.0,37.76,53.0,USD,52600,주류/위스키/싱글 몰트,True,2026-08-22T00:15:19Z
20000975463,20001308968,브룩라디 포트 샬롯 PMC 700ml,브룩라디,700,138.0,138.0,0.0,USD,192234,주류/위스키/싱글 몰트,True,2026-08-22T00:15:19Z
20000969473,20001297421,보모어 14년 700ml,보모어,700,68.0,47.8,30.0,USD,66585,주류/위스키/싱글 몰트,True,2026-08-22T00:15:19Z
20000969469,20001297417,보모어 19년 700ml,보모어,700,204.0,143.41,30.0,USD,199770,주류/위스키/싱글 몰트,True,2026-08-22T00:15:19Z
20000939479,20001244358,주라 아일랜더스 익스프레션 No.3 1000ml,주라,1000,69.0,69.0,0.0,USD,96117,주류/위스키/싱글 몰트,True,2026-08-22T00:15:19Z
20000939098,20001243527,보모어 18년 700ml,보모어,700,155.0,147.25,5.0,USD,205119,주류/위스키/싱글 몰트,True,2026-08-22T00:15:19Z
20000937922,20001241367,싱글톤 가든스 오브 어번던스 - 골든 어텀 오차드 1000ml,싱글톤,1000,99.0,58.6,41.0,USD,81630,주류/위스키/싱글 몰트,True,2026-08-22T00:15:19Z
20000937380,20001240301,밀크앤허니 에이펙스 오렌지와인 캐스크 700ml,밀크앤허니,700,196.0,86.43,56.0,USD,120397,주류/위스키/싱글 몰트,True,2026-08-22T00:15:19Z
20000922006,20001216553,탈리스커 SR FY24 700ml(2023 Special Release),탈리스커,700,144.0,86.4,40.0,USD,120355,주류/위스키/싱글 몰트,True,2026-08-22T00:15:19Z
20000845552,20001214931,글렌파클라스 10년 위스키 700ml,글렌파클라스,700,72.0,34.88,52.0,USD,48588,주류/위스키/싱글 몰트,True,2026-08-22T00:15:19Z
20000899124,20001177894,에버펠디 16년 마데이라 캐스크 700ml,에버펠디,700,125.0,87.12,30.0,USD,121358,주류/위스키/싱글 몰트,True,2026-08-22T00:15:19Z
20000867262,20001126948,크라이겔라키33년 싱글몰트 위스키 700ml,크라이겔라키,700,3161.0,2203.21,30.0,USD,3069072,주류/위스키/싱글 몰트,True,2026-08-22T00:15:19Z
20000842524,20001086715,탈리스커 써지 700ml,탈리스커,700,123.0,70.84,42.0,USD,98680,주류/위스키/싱글 몰트,True,2026-08-22T00:15:19Z
20000841039,20001084525,스모크헤드 럼리엇 700ml,글렌고인,700,59.0,27.61,53.0,USD,38461,주류/위스키/싱글 몰트,True,2026-08-22T00:15:19Z
20000841037,20001084523,글렌고인 26년 리미티드 에디션 700ml,글렌고인,700,1811.0,733.45,60.0,USD,1021696,주류/위스키/싱글 몰트,True,2026-08-22T00:15:19Z
20001048185,20001446004,더 글렌그란트 오로라 1000ml,더 글렌그란트,1000,59.0,36.63,38.0,USD,51026,주류/위스키/싱글 몰트,True,2026-08-22T00:15:19Z
20001048165,20001445975,더 글렌그란트 13년 1000ml,더 글렌그란트,1000,80.0,49.68,38.0,USD,69204,주류/위스키/싱글 몰트,True,2026-08-22T00:15:19Z
20001043660,20001437363,글렌글라사 포트소이 700ml,글렌글라사,700,77.0,38.8,50.0,USD,54048,주류/위스키/싱글 몰트,True,2026-08-22T00:15:19Z
20001043657,20001437360,글렌글라사 12년 700ml,글렌글라사,700,63.0,31.75,50.0,USD,44228,주류/위스키/싱글 몰트,True,2026-08-22T00:15:19Z
20001043656,20001437359,벤리악 30년 1994 캐스크 에디션 700ml,벤리악,700,950.0,666.9,30.0,USD,928992,주류/위스키/싱글 몰트,True,2026-08-22T00:15:19Z
20001031314,20001411292,카발란 마스터 셀렉트 No1 1000ml(100cl),카발란,1000,135.0,81.0,40.0,USD,112833,주류/위스키/싱글 몰트,True,2026-08-22T00:15:19Z
20001015440,20001383202,아벨라워 16년 700ml,아벨라워,700,130.0,91.26,30.0,USD,127125,주류/위스키/싱글 몰트,True,2026-08-22T00:15:19Z
20000988240,20001333655,아벨라워 SUTHAINN 700ml,아벨라워,700,90.0,63.18,30.0,USD,88010,주류/위스키/싱글 몰트,True,2026-08-22T00:15:19Z
20000988237,20001333652,아벨라워 13년 700ml,아벨라워,700,75.0,52.65,30.0,USD,73341,주류/위스키/싱글 몰트,True,2026-08-22T00:15:19Z
20000980643,20001319361,글래스고 1770 트리플 디스틸드 700ml,글래스고,700,76.0,34.65,54.0,USD,48267,주류/위스키/싱글 몰트,True,2026-08-22T00:15:19Z
20000980633,20001319333,블라드녹 알린타 700ml,블라드녹,700,130.0,59.28,54.0,USD,82577,주류/위스키/싱글 몰트,True,2026-08-22T00:15:19Z
20000980629,20001319329,린도어스 캐스크 오브 린도어스 STR II 700ml,린도어스,700,80.0,37.76,53.0,USD,52600,주류/위스키/싱글 몰트,True,2026-08-22T00:15:19Z
20000967654,20001293671,오켄토션 아메리칸 오크 1000ml,오켄토션,1000,58.0,27.37,53.0,USD,38126,주류/위스키/싱글 몰트,True,2026-08-22T00:15:19Z
20000966699,20001291570,더 글렌그란트 익스플로레이션 No.1 700ml,더 글렌그란트,700,120.0,74.52,38.0,USD,103806,주류/위스키/싱글 몰트,True,2026-08-22T00:15:19Z
20000965025,20001288082,카발란 EX-버번 솔리스트 1000ml,카발란,1000,154.0,92.4,40.0,USD,128713,주류/위스키/싱글 몰트,True,2026-08-22T00:15:19Z
20000961822,20001282420,더 글렌리벳 그라운드브레이커스 700ml,글렌리벳,700,100.0,60.0,40.0,USD,83580,주류/위스키/싱글 몰트,True,2026-08-22T00:15:19Z
20000937929,20001241377,싱글톤 가든스 오브 어번던스 - 딥 포레스트 리치 700ml,싱글톤,700,280.0,165.76,41.0,USD,230904,주류/위스키/싱글 몰트,True,2026-08-22T00:15:19Z
20000937927,20001241375,싱글톤 가든스 오브 어번던스 – 이그저틱 스파이스 그로브 1000ml,싱글톤,1000,180.0,106.56,41.0,USD,148438,주류/위스키/싱글 몰트,True,2026-08-22T00:15:19Z
20000937385,20001240315,밀크앤허니 에이펙스 알바 캐스크 700ml,밀크앤허니,700,196.0,86.43,56.0,USD,120397,주류/위스키/싱글 몰트,True,2026-08-22T00:15:19Z
20000936534,20001238667,바카디 8년 라이캐스크 1000ml,럼,1000,59.0,26.57,55.0,USD,37012,주류/위스키/싱글 몰트,True,2026-08-22T00:15:19Z
20000934935,20001235343,더 글렌그란트 21년 700ml,더 글렌그란트,700,340.0,211.14,38.0,USD,294118,주류/위스키/싱글 몰트,True,2026-08-22T00:15:19Z
20000921997,20001216541,라가불린 12년 SR FY24 700ml(2023 Special Release),탈리스커,700,186.0,111.6,40.0,USD,155459,주류/위스키/싱글 몰트,True,2026-08-22T00:15:19Z
20000921990,20001216531,클라이넬리시 10년 SR FY24 700ml(2023 Special Release),탈리스커,700,198.0,118.8,40.0,USD,165488,주류/위스키/싱글 몰트,True,2026-08-22T00:15:19Z
20000918674,20001211358,글렌파클라스 35년 700ml,글렌파클라스,700,1346.0,882.3,34.0,USD,1229044,주류/위스키/싱글 몰트,True,2026-08-22T00:15:19Z
20000884447,20001153785,보모어 18년 차이니스 뉴이어 에디션 700ml,보모어,700,160.0,152.0,5.0,USD,211736,주류/위스키/싱글 몰트,True,2026-08-22T00:15:19Z
20000875655,20001140968,암룻 인디안 700ml,암룻,700,62.0,27.28,56.0,USD,38001,주류/위스키/싱글 몰트,True,2026-08-22T00:15:19Z
20000875300,20001140094,글렌알라키 8년 700ml,글렌알라키,700,91.0,65.52,28.0,USD,91269,주류/위스키/싱글 몰트,True,2026-08-22T00:15:19Z
20000867877,20001127697,캐퍼도닉 18년 피티드 700mL,캐퍼도닉,700,130.0,90.48,30.0,USD,126039,주류/위스키/싱글 몰트,True,2026-08-22T00:15:19Z
20000867131,20001126711,달모어 20년 700ml,달모어,700,675.0,641.25,5.0,USD,893261,주류/위스키/싱글 몰트,True,2026-08-22T00:15:19Z
20000865670,20001124692,폴존 클래식 1000ml,폴존,1000,95.0,41.89,56.0,USD,58353,주류/위스키/싱글 몰트,True,2026-08-22T00:15:19Z
20000842605,20001086796,탐나불린 올로로소 1000ml,탐나불린,1000,53.0,53.0,0.0,USD,73829,주류/위스키/싱글 몰트,True,2026-08-22T00:15:19Z
20000842085,20001086124,글렌피딕 29년 요자꾸라 700ml,글렌피딕,700,1850.0,1295.0,30.0,USD,1803935,주류/위스키/싱글 몰트,True,2026-08-22T00:15:19Z
20000840800,20001084197,더 글렌리벳 트리플 캐스크 머추어드 레어 캐스크 1000ml,글렌리벳,1000,141.0,98.13,30.0,USD,136695,주류/위스키/싱글 몰트,True,2026-08-22T00:15:19Z
20001054252,20001456504,더 글렌리벳 트리플 캐스크 머추어드 1000ml,글렌리벳,1000,65.0,45.24,30.0,USD,63019,주류/위스키/싱글 몰트,True,2026-08-22T00:15:19Z
20001026973,20001403030,[면세한정] 달모어 19년 PX 쉐리캐스크 700ml,달모어,700,350.0,332.5,5.0,USD,463173,주류/위스키/싱글 몰트,True,2026-08-22T00:15:19Z
20001021511,20001393067,발렌타인 글렌버기 25년 700ml,발렌타인,700,399.0,262.14,34.0,USD,365161,주류/위스키/싱글 몰트,True,2026-08-22T00:15:19Z
20001018540,20001387913,류카 싱글몰트 재패니스 위스키 700ml,류카,700,183.0,164.7,10.0,USD,229427,주류/위스키/싱글 몰트,True,2026-08-22T00:15:19Z
20001018051,20001387070,몰트락 SR FY24 700ml(2023 Special Release),몰트락,700,300.0,163.2,46.0,USD,227338,주류/위스키/싱글 몰트,True,2026-08-22T00:15:19Z
20001015916,20001383926,카발란 솔리스트 만자닐랴 셰리 750ml,카발란,750,320.0,256.0,20.0,USD,356608,주류/위스키/싱글 몰트,True,2026-08-22T00:15:19Z
20001015914,20001383904,카발란 솔리스트 모스카텔 셰리 750ml,카발란,750,320.0,256.0,20.0,USD,356608,주류/위스키/싱글 몰트,True,2026-08-22T00:15:19Z
20001014658,20001381792,"스카치 싱글몰트, 글렌포레스트 싱글몰트 위스키 700ml",글랜 포레스트,700,45.0,21.46,52.0,USD,29894,주류/위스키/싱글 몰트,True,2026-08-22T00:15:19Z
20001014657,20001381791,"아이리시 싱글몰트, 프라우드 아이리시 싱글뫁트 위스키 700ml",프라우드 아이리쉬,700,60.0,28.62,52.0,USD,39868,주류/위스키/싱글 몰트,True,2026-08-22T00:15:19Z
20001009749,20001372658,산토리 하쿠슈 디스틸러스 리저브 700ml,산토리,700,117.0,117.0,0.0,USD,162981,주류/위스키/싱글 몰트,True,2026-08-22T00:15:19Z
20001009579,20001372426,더 글렌리벳 16년 1000ml,글렌리벳,1000,115.0,80.5,30.0,USD,112137,주류/위스키/싱글 몰트,True,2026-08-22T00:15:19Z
20000996018,20001345944,글렌글라사 토르파 700ml,글렌글라사,700,55.0,29.7,46.0,USD,41372,주류/위스키/싱글 몰트,True,2026-08-22T00:15:19Z
20000995922,20001345840,글렌글라사 에볼루션 700ml,글렌글라사,700,52.0,31.35,40.0,USD,43671,주류/위스키/싱글 몰트,True,2026-08-22T00:15:19Z
20000995912,20001345830,글렌글라사 리바이벌 700ml,글렌글라사,700,47.0,28.34,40.0,USD,39478,주류/위스키/싱글 몰트,True,2026-08-22T00:15:19Z
20000990557,20001337668,아드벡 코리브레칸 700ml,아드벡,700,111.0,111.0,0.0,USD,154623,주류/위스키/싱글 몰트,True,2026-08-22T00:15:19Z
20000987283,20001332124,올드풀트니 12년 700ml,올드풀트니,700,66.0,29.1,56.0,USD,40536,주류/위스키/싱글 몰트,True,2026-08-22T00:15:19Z
20000980647,20001319373,글래스고 1770 오리지널 700ml,글래스고,700,76.0,34.65,54.0,USD,48267,주류/위스키/싱글 몰트,True,2026-08-22T00:15:19Z
20000980644,20001319362,글래스고 1770 피티드 700ml,글래스고,700,76.0,34.65,54.0,USD,48267,주류/위스키/싱글 몰트,True,2026-08-22T00:15:19Z
20000980642,20001319360,글래스고 1770  토카이 캐스크 피니시 700ml,글래스고,700,130.0,61.36,53.0,USD,85474,주류/위스키/싱글 몰트,True,2026-08-22T00:15:19Z
20000980640,20001319353,블라드녹 비나야 700ml,블라드녹,700,69.0,31.46,54.0,USD,43824,주류/위스키/싱글 몰트,True,2026-08-22T00:15:19Z
20000980634,20001319334,블라드녹 삼사라 700ml,블라드녹,700,130.0,59.28,54.0,USD,82577,주류/위스키/싱글 몰트,True,2026-08-22T00:15:19Z
20000980632,20001319332,블라드녹 리오라 700ml,블라드녹,700,112.0,51.07,54.0,USD,71141,주류/위스키/싱글 몰트,True,2026-08-22T00:15:19Z
20000980630,20001319330,블라드녹 30년 700ml,블라드녹,700,2292.0,1045.15,54.0,USD,1455894,주류/위스키/싱글 몰트,True,2026-08-22T00:15:19Z
20000980625,20001319325,린도어스 캐스크 오브 린도어스 버번 II 700ml,린도어스,700,80.0,37.76,53.0,USD,52600,주류/위스키/싱글 몰트,True,2026-08-22T00:15:19Z
20000980615,20001319315,린도어스 1494 700ml,린도어스,700,69.0,32.56,53.0,USD,45356,주류/위스키/싱글 몰트,True,2026-08-22T00:15:19Z
20000969476,20001297425,보모어 22년 700ml,보모어,700,399.0,280.49,30.0,USD,390723,주류/위스키/싱글 몰트,True,2026-08-22T00:15:19Z
20000967664,20001293696,글렌피딕 30년 타임시리즈 700ml,글렌피딕,700,1500.0,892.5,41.0,USD,1243253,주류/위스키/싱글 몰트,True,2026-08-22T00:15:19Z
20000967663,20001293695,오켄토션 다크 오크 1000ml,오켄토션,1000,77.0,36.34,53.0,USD,50622,주류/위스키/싱글 몰트,True,2026-08-22T00:15:19Z
20000967658,20001293687,오켄토션 블러드 오크  1000ml,오켄토션,1000,100.0,46.4,54.0,USD,64635,주류/위스키/싱글 몰트,True,2026-08-22T00:15:19Z
20000961827,20001282425,더 글렌리벳 캐스크메이커스 700ml,글렌리벳,700,99.0,79.2,20.0,USD,110326,주류/위스키/싱글 몰트,True,2026-08-22T00:15:19Z
20000953148,20001268426,달모어 28년 700ml,달모어,700,4550.0,4322.5,5.0,USD,6021243,주류/위스키/싱글 몰트,True,2026-08-22T00:15:19Z
20000945285,20001255203,부쉬밀 싱글몰트 31년 마데이라 캐스크 700ml,부쉬밀,700,2500.0,1395.0,44.0,USD,1943235,주류/위스키/싱글 몰트,True,2026-08-22T00:15:19Z
20000940650,20001247204,달모어 포트폴리오 시리즈2 2007 700ml,달모어,700,930.0,883.5,5.0,USD,1230716,주류/위스키/싱글 몰트,True,2026-08-22T00:15:19Z
20000940542,20001246917,주라 1993 빈티지 2023 에디션 700ml,주라,700,1000.0,1000.0,0.0,USD,1393000,주류/위스키/싱글 몰트,True,2026-08-22T00:15:19Z
20000939639,20001244718,달모어 20년 2024년 에디션 700ml,달모어,700,675.0,641.25,5.0,USD,893261,주류/위스키/싱글 몰트,True,2026-08-22T00:15:19Z
20000939637,20001244716,달모어 킹알렉산더 3세 TRX 700ml,달모어,700,313.0,297.35,5.0,USD,414209,주류/위스키/싱글 몰트,True,2026-08-22T00:15:19Z
20000937382,20001240305,밀크앤허니 에이펙스 데킬라 캐스크 700ml,밀크앤허니,700,196.0,86.43,56.0,USD,120397,주류/위스키/싱글 몰트,True,2026-08-22T00:15:19Z
20000937379,20001240300,밀크앤허니 에리먼츠 피티드 700ml,밀크앤허니,700,105.0,46.3,56.0,USD,64496,주류/위스키/싱글 몰트,True,2026-08-22T00:15:19Z
20000937376,20001240297,밀크앤허니 클래식 700ml,밀크앤허니,700,83.0,36.6,56.0,USD,50984,주류/위스키/싱글 몰트,True,2026-08-22T00:15:19Z
20000921978,20001216494,롱몬 23년 700mL,롱몬,700,290.0,208.8,28.0,USD,290858,주류/위스키/싱글 몰트,True,2026-08-22T00:15:19Z
20000899111,20001177873,에버펠디 12년 마데이라 캐스크 700ml,에버펠디,700,66.0,46.0,30.0,USD,64078,주류/위스키/싱글 몰트,True,2026-08-22T00:15:19Z
20000892638,20001165899,오켄토션 다크오크 차이니스 뉴이어 에디션 1000ml,오켄토션,1000,77.0,33.64,56.0,USD,46861,주류/위스키/싱글 몰트,True,2026-08-22T00:15:19Z
20000892042,20001164967,람베이 몰트 700ml,람베이,700,70.0,33.91,52.0,USD,47237,주류/위스키/싱글 몰트,True,2026-08-22T00:15:19Z
20000846845,20001093012,달모어 컨스텔레이션 1971 700ml,달모어,700,35000.0,33250.0,5.0,USD,46317250,주류/위스키/싱글 몰트,True,2026-08-22T00:15:19Z
20000845998,20001091573,씨앤씨 뀌베 캐스크 750ml,씨앤씨,750,125.0,57.0,54.0,USD,79401,주류/위스키/싱글 몰트,True,2026-08-22T00:15:19Z
20000842611,20001086803,주라 1988 700ml,주라,700,1030.0,1030.0,0.0,USD,1434790,주류/위스키/싱글 몰트,True,2026-08-22T00:15:19Z
20000842606,20001086798,주라 더 사운드 1000ml,주라,1000,65.0,65.0,0.0,USD,90545,주류/위스키/싱글 몰트,True,2026-08-22T00:15:19Z
20000842571,20001086762,오켄토션 다크 오크 1000ml,오켄토션,1000,81.0,37.7,53.0,USD,52516,주류/위스키/싱글 몰트,True,2026-08-22T00:15:19Z
20000842570,20001086761,오켄토션 아메리칸 오크 1000ml,오켄토션,1000,59.0,27.46,53.0,USD,38252,주류/위스키/싱글 몰트,True,2026-08-22T00:15:19Z
20000842051,20001086088,벤리악 10년 1000ml,벤리악,1000,77.0,42.27,45.0,USD,58882,주류/위스키/싱글 몰트,True,2026-08-22T00:15:19Z
20000840839,20001084248,롱몬 23년 700mL,롱몬,700,290.0,203.58,30.0,USD,283587,주류/위스키/싱글 몰트,True,2026-08-22T00:15:19Z
20000840835,20001084244,롱몬 18년 700mL,롱몬,700,100.0,72.0,28.0,USD,100296,주류/위스키/싱글 몰트,True,2026-08-22T00:15:19Z
20000840831,20001084240,캐퍼도닉 21년 피티드 700ml,캐퍼도닉,700,290.0,201.84,30.0,USD,281163,주류/위스키/싱글 몰트,True,2026-08-22T00:15:19Z
20000840666,20001084054,하이랜드파크 베어 1000ml,하이랜드파크,1000,63.0,28.35,55.0,USD,39492,주류/위스키/싱글 몰트,True,2026-08-22T00:15:19Z
20000840576,20001083940,더 글렌그란트 10년 1000ml,더 글렌그란트,1000,62.0,38.5,38.0,USD,53631,주류/위스키/싱글 몰트,True,2026-08-22T00:15:19Z
20001034317,20001417965,브룩라디 옥토모어 16.3 700ml,브룩라디,700,230.0,230.0,0.0,USD,320390,주류/위스키/싱글 몰트,True,2026-08-22T00:15:19Z
20001003642,20001361754,닛카 요이치 싱글 몰트 그란데 700ml,닛카 위스키,700,110.0,88.0,20.0,USD,122584,주류/위스키/싱글 몰트,True,2026-08-22T00:15:19Z
20001000031,20001354099,더 글렌리벳 트리플 캐스크 머추어드 화이트 오크 1L,글렌리벳,1000,88.0,61.24,30.0,USD,85307,주류/위스키/싱글 몰트,True,2026-08-22T00:15:19Z
20000929401,20001226673,에버펠디 21년 마데이라캐스크 700ml,에버펠디,700,248.0,172.85,30.0,USD,240780,주류/위스키/싱글 몰트,True,2026-08-22T00:15:19Z
20000904253,20001187257,동방명 맥캘란 1990 30년 700ml,동방명,700,6500.0,3224.0,50.0,USD,4491032,주류/위스키/싱글 몰트,True,2026-08-22T00:15:19Z
20000891860,20001164583,더 글렌그란트 12년 1000ml,더 글렌그란트,1000,78.0,48.43,38.0,USD,67463,주류/위스키/싱글 몰트,True,2026-08-22T00:15:19Z
20001019446,20001389417,더 글렌그란트 2006 프라이빗 캐스크 700ml,더 글렌그란트,700,199.0,123.57,38.0,USD,172133,주류/위스키/싱글 몰트,True,2026-08-22T00:15:19Z
20000935485,20001236491,글렌알라키 12년 700ml,글렌알라키,700,107.0,77.04,28.0,USD,107317,주류/위스키/싱글 몰트,True,2026-08-22T00:15:19Z
20000921981,20001216497,캐퍼도닉 21년 700mL,캐퍼도닉,700,250.0,174.0,30.0,USD,242382,주류/위스키/싱글 몰트,True,2026-08-22T00:15:19Z
20001054331,20001456616,브룩라디 옥토모어 15.2 700ML,브룩라디,700,190.0,190.0,0.0,USD,264670,주류/위스키/싱글 몰트,True,2026-08-22T00:15:19Z
20001025592,20001399773,브룩라디 옥토모어 16.1 700ML,브룩라디,700,167.0,167.0,0.0,USD,232631,주류/위스키/싱글 몰트,True,2026-08-22T00:15:19Z
20001025593,20001399774,브룩라디 옥토모어 14.3 700ML,브룩라디,700,230.0,230.0,0.0,USD,320390,주류/위스키/싱글 몰트,True,2026-08-22T00:15:19Z
20001025591,20001399772,브룩라디 옥토모어 14.2 700ML,브룩라디,700,190.0,190.0,0.0,USD,264670,주류/위스키/싱글 몰트,True,2026-08-22T00:15:19Z
20000842417,20001086603,조니워커 블루 라벨 750ml,조니워커,750,227.0,147.09,35.0,USD,204896,주류/위스키/블렌디드,True,2026-08-22T00:15:19Z
20000840754,20001084151,로얄살루트 21년 더 시그니처 블렌드 700ml,로얄살루트,700,176.0,123.55,30.0,USD,172105,주류/위스키/블렌디드,True,2026-08-22T00:15:19Z
20001042801,20001436178,발렌타인 30년 700ml,발렌타인,700,447.0,313.79,30.0,USD,437109,주류/위스키/블렌디드,True,2026-08-22T00:15:19Z
20000846273,20001091971,몽키숄더 1000ml,몽키숄더,1000,50.0,26.4,47.0,USD,36775,주류/위스키/블렌디드,True,2026-08-22T00:15:19Z
20000842405,20001086584,발렌타인 21년 700ml,발렌타인,700,170.0,119.34,30.0,USD,166241,주류/위스키/블렌디드,True,2026-08-22T00:15:19Z
20001042852,20001436274,조니워커 블루 라벨 1000ml,조니워커,1000,302.0,195.69,35.0,USD,272596,주류/위스키/블렌디드,True,2026-08-22T00:15:19Z
20000842406,20001086588,발렌타인 17년 700ml,발렌타인,700,94.0,65.98,30.0,USD,91910,주류/위스키/블렌디드,True,2026-08-22T00:15:19Z
20000842425,20001086611,조니워커 18년 750ml,조니워커,750,94.0,54.14,42.0,USD,75417,주류/위스키/블렌디드,True,2026-08-22T00:15:19Z
20001060865,20001467491,우드포드리저브 배치 프루프 700ml,우드포드 리저브,700,150.0,105.3,30.0,USD,146683,주류/위스키/블렌디드,True,2026-08-22T00:15:19Z
20000842231,20001086306,듀어스 18년 1000ml,듀어스,1000,106.0,73.88,30.0,USD,102915,주류/위스키/블렌디드,True,2026-08-22T00:15:19Z
20000993474,20001341995,조니워커 엑스알 21년 750ml,조니워커,750,114.0,71.13,38.0,USD,99084,주류/위스키/블렌디드,True,2026-08-22T00:15:19Z
20000949283,20001261392,조니워커 블랙 라벨 1000ml,조니워커,1000,48.0,31.1,35.0,USD,43322,주류/위스키/블렌디드,True,2026-08-22T00:15:19Z
20000840752,20001084149,로얄살루트 25년 더 트레저드 블렌드 700ml,로얄살루트,700,264.0,192.45,27.0,USD,268083,주류/위스키/블렌디드,True,2026-08-22T00:15:19Z
20000842402,20001086573,발렌타인 23년 700ml,발렌타인,700,210.0,147.42,30.0,USD,205356,주류/위스키/블렌디드,True,2026-08-22T00:15:19Z
20001043676,20001437401,이글레어 12년 750ml,버팔로 트레이스,750,72.0,64.8,10.0,USD,90266,주류/위스키/블렌디드,True,2026-08-22T00:15:19Z
20001002796,20001359746,버팔로 트레이스 1000ml,버팔로 트레이스,1000,30.0,16.47,45.0,USD,22943,주류/위스키/블렌디드,True,2026-08-22T00:15:19Z
20000977557,20001313046,로얄살루트 32년 500ml,로얄살루트,500,447.0,313.79,30.0,USD,437109,주류/위스키/블렌디드,True,2026-08-22T00:15:19Z
20001014203,20001381027,버팔로 트레이스 테일러 스몰 배치 750ml,버팔로 트레이스,750,84.0,67.2,20.0,USD,93610,주류/위스키/블렌디드,True,2026-08-22T00:15:19Z
20001043655,20001437358,잭다니엘 싱글배럴 헤리티지 배럴 1L,잭다니엘,1000,86.0,72.75,15.0,USD,101341,주류/위스키/블렌디드,True,2026-08-22T00:15:19Z
20001039366,20001428359,시바스리갈 18년 700ml,시바스리갈,700,88.0,61.24,30.0,USD,85307,주류/위스키/블렌디드,True,2026-08-22T00:15:19Z
20001045681,20001441491,조니워커 블루라벨 500ml,조니워커,500,160.0,103.68,35.0,USD,144426,주류/위스키/블렌디드,True,2026-08-22T00:15:19Z
20001006029,20001365696,조니워커 아일랜드 그린 1000ml,조니워커,1000,76.0,49.24,35.0,USD,68591,주류/위스키/블렌디드,True,2026-08-22T00:15:19Z
20000840751,20001084148,로얄살루트 21년 더 시그니처 블렌드 1000ml,로얄살루트,1000,251.0,176.2,30.0,USD,245447,주류/위스키/블렌디드,True,2026-08-22T00:15:19Z
20000842401,20001086572,발렌타인 파이니스트 1000ml,발렌타인,1000,25.0,17.55,30.0,USD,24447,주류/위스키/블렌디드,True,2026-08-22T00:15:19Z
20001054082,20001456276,조니워커 블루 아주르 750ml,조니워커,750,299.0,239.2,20.0,USD,333206,주류/위스키/블렌디드,True,2026-08-22T00:15:19Z
20000986459,20001330759,조니워커 골드 라벨 리저브 1000ml,조니워커,1000,76.0,48.03,37.0,USD,66906,주류/위스키/블렌디드,True,2026-08-22T00:15:19Z
20001057946,20001463156,발렌타인 21년 말본 에디션 700ml,발렌타인,700,200.0,140.4,30.0,USD,195577,주류/위스키/블렌디드,True,2026-08-22T00:15:19Z
20001015526,20001383298,잭다니엘 싱글배럴 100 프루프 700ml,잭다니엘,700,68.0,38.55,43.0,USD,53700,주류/위스키/블렌디드,True,2026-08-22T00:15:19Z
20001048274,20001446108,조니워커 엑스오디네어 1000ml,조니워커,1000,399.0,181.94,54.0,USD,253442,주류/위스키/블렌디드,True,2026-08-22T00:15:19Z
20001043674,20001437399,1792 스몰배치 1L,버팔로 트레이스,1000,49.0,24.69,50.0,USD,34393,주류/위스키/블렌디드,True,2026-08-22T00:15:19Z
20001042512,20001435587,잭다니엘 싱글배럴 배럴 스트렝스 700ml,잭다니엘,700,95.0,80.37,15.0,USD,111955,주류/위스키/블렌디드,True,2026-08-22T00:15:19Z
20000840757,20001084154,시바스리갈 12년 블렌디드 스카치 위스키 1000ml,시바스리갈,1000,48.0,33.4,30.0,USD,46526,주류/위스키/블렌디드,True,2026-08-22T00:15:19Z
20000945237,20001255137,부쉬밀 오리지널 아이리쉬 위스키 1000ml,부쉬밀,1000,30.0,15.12,50.0,USD,21062,주류/위스키/블렌디드,True,2026-08-22T00:15:19Z
20001057863,20001463005,잭다니엘 테네시 블랙베리 1000ml,잭다니엘,1000,35.0,28.03,20.0,USD,39046,주류/위스키/블렌디드,True,2026-08-22T00:15:19Z
20000978199,20001314242,와일드무어 23년 웨이킹 포레스트 700ml,와일드무어,700,188.0,97.76,48.0,USD,136180,주류/위스키/블렌디드,True,2026-08-22T00:15:19Z
20001003649,20001361761,닛카 타케츠루 퓨어 몰트 그란데 700ml,닛카 위스키,700,110.0,88.0,20.0,USD,122584,주류/위스키/블렌디드,True,2026-08-22T00:15:19Z
20001003497,20001361434,로얄살루트 21년 해리스 리드 에디션 700ml,로얄살루트,700,229.0,159.38,30.0,USD,222016,주류/위스키/블렌디드,True,2026-08-22T00:15:19Z
20001000924,20001355904,섀클턴 1000ml,섀클턴,1000,58.0,58.0,0.0,USD,80794,주류/위스키/블렌디드,True,2026-08-22T00:15:19Z
20000959434,20001278244,듀어스 더블더블 26년 500ml,듀어스,500,239.0,203.15,15.0,USD,282988,주류/위스키/블렌디드,True,2026-08-22T00:15:19Z
20000842415,20001086601,조니워커 더블 블랙 1000ml,조니워커,1000,57.0,38.76,32.0,USD,53993,주류/위스키/블렌디드,True,2026-08-22T00:15:19Z
20000961806,20001282402,로얄살루트 21년 마이애미 폴로 에디션 700ml,로얄살루트,700,211.0,148.12,30.0,USD,206331,주류/위스키/블렌디드,True,2026-08-22T00:15:19Z
20000937931,20001241379,조니워커 엑스오디네어 750ml,조니워커,750,262.0,171.87,34.0,USD,239415,주류/위스키/블렌디드,True,2026-08-22T00:15:19Z
20000893288,20001166985,로더스 15년 1000ml,로더스,1000,54.0,25.75,52.0,USD,35870,주류/위스키/블렌디드,True,2026-08-22T00:15:19Z
20000842427,20001086613,조니워커 킹조지 5세 750ml,조니워커,750,600.0,412.8,31.0,USD,575030,주류/위스키/블렌디드,True,2026-08-22T00:15:19Z
20000894060,20001168470,엘리먼츠오브아일라 캐스크에디트 700ml,엘리먼츠 오브 아일라,700,79.0,30.96,61.0,USD,43127,주류/위스키/블렌디드,True,2026-08-22T00:15:19Z
20000846003,20001091578,교토 쿠로오비 위스키 700ml,교토위스키,700,130.0,53.1,59.0,USD,73968,주류/위스키/블렌디드,True,2026-08-22T00:15:19Z
20000995913,20001345831,우드포드리저브 더블엑스오 700ml,우드포드 리저브,700,175.0,96.07,45.0,USD,133826,주류/위스키/블렌디드,True,2026-08-22T00:15:19Z
20000978246,20001314376,와일드무어 30년 트로피칼 코스트 700ml,와일드무어,700,388.0,211.07,46.0,USD,294021,주류/위스키/블렌디드,True,2026-08-22T00:15:19Z
20000920350,20001213784,발렌타인 10년 1L,발렌타인,1000,44.0,30.88,30.0,USD,43016,주류/위스키/블렌디드,True,2026-08-22T00:15:19Z
20000893275,20001166963,워터프루프 블렌디드 몰트 위스키 700ml,워터프루프,700,45.0,19.8,56.0,USD,27581,주류/위스키/블렌디드,True,2026-08-22T00:15:19Z
20000986199,20001330267,조니워커 블랙 루비 1000ml,조니워커,1000,57.0,37.84,34.0,USD,52711,주류/위스키/블렌디드,True,2026-08-22T00:15:19Z
20000842619,20001086812,쿠라 레키 750ml,쿠라,750,73.0,27.44,62.0,USD,38224,주류/위스키/블렌디드,True,2026-08-22T00:15:19Z
20000842426,20001086612,조니워커 블랙 라벨 트리플 캐스크 에디션 1000ml,조니워커,1000,57.0,39.21,31.0,USD,54620,주류/위스키/블렌디드,True,2026-08-22T00:15:19Z
20000995909,20001345827,잭다니엘 본디드 라이 1000ml,잭다니엘,1000,48.0,25.48,47.0,USD,35494,주류/위스키/블렌디드,True,2026-08-22T00:15:19Z
20000962224,20001283140,산토리 토키 1000ml,산토리,1000,51.0,27.54,46.0,USD,38363,주류/위스키/블렌디드,True,2026-08-22T00:15:19Z
20000867848,20001127650,탈버트 셀틱 몰트 위스키 700ml,탈버트,700,56.0,20.16,64.0,USD,28083,주류/위스키/블렌디드,True,2026-08-22T00:15:19Z
20000842428,20001086614,조니워커 킹조지 5세 500ml,조니워커,500,440.0,281.6,36.0,USD,392269,주류/위스키/블렌디드,True,2026-08-22T00:15:19Z
20000954856,20001271619,로얄살루트 21년 빈티지 블렌디드 스카치 위스키 700ml,로얄살루트,700,211.0,146.85,30.0,USD,204562,주류/위스키/블렌디드,True,2026-08-22T00:15:19Z
20000840758,20001084155,시바스리갈 25년 700ml,시바스리갈,700,389.0,270.74,30.0,USD,377141,주류/위스키/블렌디드,True,2026-08-22T00:15:19Z
20001059363,20001464989,잭다니엘 테네시 파이어 1L,잭다니엘,1000,35.0,24.57,30.0,USD,34226,주류/위스키/블렌디드,True,2026-08-22T00:15:19Z
20001043681,20001437409,웰러 싱글배럴 750ml,버팔로 트레이스,750,330.0,264.0,20.0,USD,367752,주류/위스키/블렌디드,True,2026-08-22T00:15:19Z
20001043677,20001437402,스태그 750ml,버팔로 트레이스,750,300.0,300.0,0.0,USD,417900,주류/위스키/블렌디드,True,2026-08-22T00:15:19Z
20001007659,20001368674,히비키 마스터즈 셀렉트 스페셜 에디션 700ml,산토리,700,238.0,238.0,0.0,USD,331534,주류/위스키/블렌디드,True,2026-08-22T00:15:19Z
20000894116,20001168549,엘리먼츠오브아일라 버번 700ml,엘리먼츠 오브 아일라,700,109.0,42.72,61.0,USD,59509,주류/위스키/블렌디드,True,2026-08-22T00:15:19Z
20000858698,20001112925,페이머스 그라우스 블랙알파 에디션 700ml,더 페이머스 그라우스,700,46.0,20.7,55.0,USD,28835,주류/위스키/블렌디드,True,2026-08-22T00:15:19Z
20000842230,20001086305,듀어스 12년 1000ml,듀어스,1000,52.0,36.24,30.0,USD,50482,주류/위스키/블렌디드,True,2026-08-22T00:15:19Z
20000840777,20001084174,시바스리갈 15년 1000ml,시바스리갈,1000,82.0,57.07,30.0,USD,79499,주류/위스키/블렌디드,True,2026-08-22T00:15:19Z
20000840756,20001084153,로얄살루트 21년 더 피티드 블렌드 700ml,로얄살루트,700,200.0,140.0,30.0,USD,195020,주류/위스키/블렌디드,True,2026-08-22T00:15:19Z
20001057235,20001461921,듀어스 더블더블 21년 스톤 토스티드 아메리칸 오크 750ml,듀어스,750,190.0,132.43,30.0,USD,184475,주류/위스키/블렌디드,True,2026-08-22T00:15:19Z
20001045682,20001441492,조니워커 레드라벨 1L,조니워커,1000,29.0,23.2,20.0,USD,32318,주류/위스키/블렌디드,True,2026-08-22T00:15:19Z
20001043682,20001437410,웰러 스페셜 리저브 750ml,버팔로 트레이스,750,96.0,57.88,40.0,USD,80627,주류/위스키/블렌디드,True,2026-08-22T00:15:19Z
20001043679,20001437404,웰러 CYPB 750ml,버팔로 트레이스,750,299.0,299.0,0.0,USD,416507,주류/위스키/블렌디드,True,2026-08-22T00:15:19Z
20000995893,20001345810,잭다니엘 본디드 1000ml,잭다니엘,1000,48.0,25.48,47.0,USD,35494,주류/위스키/블렌디드,True,2026-08-22T00:15:19Z
20000959438,20001278252,듀어스 더블더블 30년 500ml,듀어스,500,340.0,236.98,30.0,USD,330113,주류/위스키/블렌디드,True,2026-08-22T00:15:19Z
20000937242,20001240007,람베이 스몰 배치 블렌드 700ml,람베이,700,47.0,21.43,54.0,USD,29852,주류/위스키/블렌디드,True,2026-08-22T00:15:19Z
20000919212,20001212160,듀어스 더블더블 36년 500ml,듀어스,500,1800.0,1254.6,30.0,USD,1747658,주류/위스키/블렌디드,True,2026-08-22T00:15:19Z
20000894064,20001168474,맥네어스 럼릭 12년 700ml,맥네어스 럼 릭,700,106.0,44.94,58.0,USD,62601,주류/위스키/블렌디드,True,2026-08-22T00:15:19Z
20001061359,20001468480,뉴리프 싱글배럴 버번 750ml,뉴리프,750,88.0,61.77,30.0,USD,86046,주류/위스키/블렌디드,True,2026-08-22T00:15:19Z
20001061354,20001468473,뉴리프 8년 라이 750ml,뉴리프,750,98.0,68.79,30.0,USD,95824,주류/위스키/블렌디드,True,2026-08-22T00:15:19Z
20001043678,20001437403,웰러 18년 700ml,버팔로 트레이스,700,750.0,750.0,0.0,USD,1044750,주류/위스키/블렌디드,True,2026-08-22T00:15:19Z
20001010529,20001374084,닛카 더 닛카 리미티드 700ml,닛카 위스키,700,1500.0,1200.0,20.0,USD,1671600,주류/위스키/블렌디드,True,2026-08-22T00:15:19Z
20000893299,20001167006,아일레이 미스트 17년 700ml,아일레이 미스트,700,95.0,44.46,53.0,USD,61933,주류/위스키/블렌디드,True,2026-08-22T00:15:19Z
20000893293,20001166990,로더스 25년 700ml,로더스,700,249.0,121.01,51.0,USD,168567,주류/위스키/블렌디드,True,2026-08-22T00:15:19Z
20000867130,20001126710,듀어스 16년 1000ml,듀어스,1000,85.0,59.24,30.0,USD,82521,주류/위스키/블렌디드,True,2026-08-22T00:15:19Z
20000867116,20001126696,듀어스 25년 750ml,듀어스,750,357.0,248.82,30.0,USD,346606,주류/위스키/블렌디드,True,2026-08-22T00:15:19Z
20000842622,20001086817,쿠라 8년 아와모리 700ml,쿠라,700,202.0,103.42,49.0,USD,144064,주류/위스키/블렌디드,True,2026-08-22T00:15:19Z
20000842603,20001086794,우미키 750ml,우미키,750,73.0,35.62,51.0,USD,49619,주류/위스키/블렌디드,True,2026-08-22T00:15:19Z
20000840788,20001084185,시바스리갈 13년 셰리 캐스크 1000ml,시바스리갈,1000,58.0,40.36,30.0,USD,56221,주류/위스키/블렌디드,True,2026-08-22T00:15:19Z
20000840785,20001084182,시바스리갈 13년 럼 캐스크 1000ml,시바스리갈,1000,58.0,40.36,30.0,USD,56221,주류/위스키/블렌디드,True,2026-08-22T00:15:19Z
20000840775,20001084172,시바스리갈 얼티스 1000ml,시바스리갈,1000,235.0,163.56,30.0,USD,227839,주류/위스키/블렌디드,True,2026-08-22T00:15:19Z
20001061349,20001468467,뉴리프 8년 버번 750ml,뉴리프,750,98.0,68.79,30.0,USD,95824,주류/위스키/블렌디드,True,2026-08-22T00:15:19Z
20001054249,20001456501,제임슨 트리플 트리플 1000ml,제임슨,1000,47.0,34.26,27.0,USD,47724,주류/위스키/블렌디드,True,2026-08-22T00:15:19Z
20001049637,20001448524,사제락 라이 18년 750ml,버팔로 트레이스,750,1200.0,1200.0,0.0,USD,1671600,주류/위스키/블렌디드,True,2026-08-22T00:15:19Z
20001049632,20001448519,이글레어 17년 750ml,버팔로 트레이스,750,1200.0,1200.0,0.0,USD,1671600,주류/위스키/블렌디드,True,2026-08-22T00:15:19Z
20001049626,20001448513,1792 풀프루프 싱글배럴 셀렉트 750ml,버팔로 트레이스,750,88.0,79.2,10.0,USD,110326,주류/위스키/블렌디드,True,2026-08-22T00:15:19Z
20001030365,20001409566,레벨 켄터키 스트레이트 버번 위스키 750ml,레벨,750,42.0,17.95,57.0,USD,25004,주류/위스키/블렌디드,True,2026-08-22T00:15:19Z
20001015870,20001383680,크래프트브로스 라이프 체 53 500ml,크래프트브로스,500,70.0,44.1,37.0,USD,61431,주류/위스키/블렌디드,True,2026-08-22T00:15:19Z
20001015869,20001383679,크래프트브로스 라이프 먼로 48 500ml,크래프트브로스,500,70.0,44.1,37.0,USD,61431,주류/위스키/블렌디드,True,2026-08-22T00:15:19Z
20000991267,20001338629,더 디콘 1000ml,더 디콘,1000,49.0,30.87,37.0,USD,43002,주류/위스키/블렌디드,True,2026-08-22T00:15:19Z
20000903417,20001185633,티쳐스 하이랜드 크림 스카치 위스키 1000ml,티처스,1000,24.0,12.08,50.0,USD,16827,주류/위스키/블렌디드,True,2026-08-22T00:15:19Z
20000893297,20001167004,아일레이 미스트 10년 700ml,아일레이 미스트,700,65.0,30.42,53.0,USD,42375,주류/위스키/블렌디드,True,2026-08-22T00:15:19Z
20000846097,20001091760,더 와이즈맨 켄터키 스트레이트 라이 위스키 750ml,더와이즈맨,750,71.0,45.86,35.0,USD,63883,주류/위스키/블렌디드,True,2026-08-22T00:15:19Z
20000846089,20001091751,더 와이즈맨 켄터키 스트레이트 버번 위스키 750ml,더와이즈맨,750,71.0,45.86,35.0,USD,63883,주류/위스키/블렌디드,True,2026-08-22T00:15:19Z
20000842626,20001086825,쿠라 더 위스키 클래식 700ml,쿠라,700,125.0,66.0,47.0,USD,91938,주류/위스키/블렌디드,True,2026-08-22T00:15:19Z
20001049628,20001448515,1792 15년 1000ml,버팔로 트레이스,1000,250.0,250.0,0.0,USD,348250,주류/위스키/블렌디드,True,2026-08-22T00:15:19Z
20000841977,20001085987,우드포드리저브 1000ml,우드포드 리저브,1000,50.0,27.45,45.0,USD,38238,주류/위스키/기타 위스키,True,2026-08-22T00:15:19Z
20000917071,20001209177,노아스밀  750ml,노아스밀,750,117.0,66.69,43.0,USD,92899,주류/위스키/기타 위스키,True,2026-08-22T00:15:19Z
20000842019,20001086052,잭다니엘 블랙 1000ml,잭다니엘,1000,35.0,18.58,47.0,USD,25882,주류/위스키/기타 위스키,True,2026-08-22T00:15:19Z
20000842029,20001086062,잭다니엘 허니 1000ml,잭다니엘,1000,35.0,19.53,44.0,USD,27205,주류/위스키/기타 위스키,True,2026-08-22T00:15:19Z
20000921340,20001215153,이글레어 10년 700ml,버팔로 트레이스,700,58.0,31.84,45.0,USD,44353,주류/위스키/기타 위스키,True,2026-08-22T00:15:19Z
20000914684,20001205190,와일드터키 레어브리드 1000ml,와일드터키,1000,63.0,39.12,38.0,USD,54494,주류/위스키/기타 위스키,True,2026-08-22T00:15:19Z
20000841995,20001086025,우드포드리저브 더블오크 1000ml,우드포드 리저브,1000,75.0,41.17,45.0,USD,57350,주류/위스키/기타 위스키,True,2026-08-22T00:15:19Z
20000937248,20001240013,와일드터키 켄터키 스피릿 1000ml,와일드터키,1000,74.0,34.63,53.0,USD,48240,주류/위스키/기타 위스키,True,2026-08-22T00:15:19Z
20000891990,20001164835,와일드터키 아메리칸 허니 1000ml,와일드터키,1000,36.0,13.28,63.0,USD,18499,주류/위스키/기타 위스키,True,2026-08-22T00:15:19Z
20001045027,20001440171,짐빔 블랙 7년 1000ml,짐 빔,1000,39.0,19.26,51.0,USD,26829,주류/위스키/기타 위스키,True,2026-08-22T00:15:19Z
20000864934,20001123223,켄터키 아울 더 와이즈맨 스트레이트 버번 위스키 700ml,켄터키 아울,700,65.0,21.84,66.0,USD,30423,주류/위스키/기타 위스키,True,2026-08-22T00:15:19Z
20000881455,20001149022,사가모어 스피릿 캐스크 스트랭스 위스키 750ml,사가모어 스피릿,750,95.0,41.8,56.0,USD,58227,주류/위스키/기타 위스키,True,2026-08-22T00:15:19Z
20000842024,20001086057,잭다니엘 젠틀맨잭 1000ml,잭다니엘,1000,46.0,25.25,45.0,USD,35173,주류/위스키/기타 위스키,True,2026-08-22T00:15:19Z
20000996824,20001347545,레드브레스트 15년 아이리쉬 위스키 700ml,레드브레스트,700,102.0,71.6,30.0,USD,99739,주류/위스키/기타 위스키,True,2026-08-22T00:15:19Z
20000864953,20001123291,켄터키 아울 더 와이즈맨 스트레이트 라이 버번 위스키 700ml,켄터키 아울,700,65.0,21.84,66.0,USD,30423,주류/위스키/기타 위스키,True,2026-08-22T00:15:19Z
20001059354,20001464976,러셀 리저브 10년 750ml,러셀 리저브,750,40.0,24.84,38.0,USD,34602,주류/위스키/기타 위스키,True,2026-08-22T00:15:19Z
20000891994,20001164848,와일드터키 롱브랜치 1000ml,와일드터키,1000,58.0,27.66,52.0,USD,38530,주류/위스키/기타 위스키,True,2026-08-22T00:15:19Z
20000885323,20001154906,큐로 몰트 500ml,큐로,500,119.0,53.55,55.0,USD,74595,주류/위스키/기타 위스키,True,2026-08-22T00:15:19Z
20000874727,20001139308,타운브랜치 트루 캐스크 켄터키 스트레이트 버번 위스키 750ml,타운브랜치,750,67.0,31.95,52.0,USD,44506,주류/위스키/기타 위스키,True,2026-08-22T00:15:19Z
20000842573,20001086764,짐빔 블랙 1000ml,짐 빔,1000,39.0,17.78,54.0,USD,24768,주류/위스키/기타 위스키,True,2026-08-22T00:15:19Z
20000842028,20001086061,잭다니엘 시나트라 1000ml,잭다니엘,1000,170.0,90.27,47.0,USD,125746,주류/위스키/기타 위스키,True,2026-08-22T00:15:19Z
20000921334,20001215128,사제락 라이 750ml,버팔로 트레이스,750,46.0,25.25,45.0,USD,35173,주류/위스키/기타 위스키,True,2026-08-22T00:15:19Z
20000919210,20001212158,베리올드세인트닉 윈터라이 750ml,베리 올드 세인트 닉,750,375.0,171.0,54.0,USD,238203,주류/위스키/기타 위스키,True,2026-08-22T00:15:19Z
20000881453,20001149020,사가모어 스피릿 더블 오크 위스키 750ml,사가모어 스피릿,750,85.0,37.4,56.0,USD,52098,주류/위스키/기타 위스키,True,2026-08-22T00:15:19Z
20000867839,20001127640,스팀쉽 럼 캐스크 700ml,스팀쉽,700,187.0,70.68,62.0,USD,98457,주류/위스키/기타 위스키,True,2026-08-22T00:15:19Z
20001048342,20001446178,은하철도999 하록선장 500ml,크래프트브로스,500,70.0,44.1,37.0,USD,61431,주류/위스키/기타 위스키,True,2026-08-22T00:15:19Z
20001029023,20001406566,크래프트브로스 제기 사부로마루 500ml,크래프트브로스,500,128.0,80.64,37.0,USD,112332,주류/위스키/기타 위스키,True,2026-08-22T00:15:19Z
20000996828,20001347550,레드브레스트 18년 아이리쉬 위스키 700ml,레드브레스트,700,200.0,140.4,30.0,USD,195577,주류/위스키/기타 위스키,True,2026-08-22T00:15:19Z
20000996821,20001347542,레드브레스트 12년 아이리쉬 위스키 700ml,레드브레스트,700,64.0,44.92,30.0,USD,62574,주류/위스키/기타 위스키,True,2026-08-22T00:15:19Z
20000975608,20001309309,쿠지라 류쿠 INARI 700ml,쿠지라,700,59.0,30.79,48.0,USD,42890,주류/위스키/기타 위스키,True,2026-08-22T00:15:19Z
20000867833,20001127632,식스 아일리스 보야져 1000ml,식스 아일리스,1000,92.0,32.29,65.0,USD,44980,주류/위스키/기타 위스키,True,2026-08-22T00:15:19Z
20000842579,20001086770,놉 크릭 700ml,짐 빔,700,53.0,26.18,51.0,USD,36469,주류/위스키/기타 위스키,True,2026-08-22T00:15:19Z
20000842578,20001086769,캐나디언클럽 12년 1000ml,짐 빔,1000,47.0,21.87,53.0,USD,30465,주류/위스키/기타 위스키,True,2026-08-22T00:15:19Z
20000841994,20001086024,우드포드리저브 더비 1000ml,우드포드 리저브,1000,60.0,32.94,45.0,USD,45885,주류/위스키/기타 위스키,True,2026-08-22T00:15:19Z
20000840674,20001084064,제임슨 오리지널 아이리시 위스키 아일랜드 1000ml,제임슨,1000,39.0,28.43,27.0,USD,39603,주류/위스키/기타 위스키,True,2026-08-22T00:15:19Z
20000840572,20001083936,와일드터키 101 1000ml,와일드터키,1000,48.0,29.8,38.0,USD,41511,주류/위스키/기타 위스키,True,2026-08-22T00:15:19Z
20001029559,20001407891,잭다니엘 애플 1000ml,잭다니엘,1000,35.0,16.52,53.0,USD,23012,주류/위스키/기타 위스키,True,2026-08-22T00:15:19Z
20001019605,20001389642,크래프트브로스 은하철도999 52 500ml,크래프트브로스,500,70.0,44.1,37.0,USD,61431,주류/위스키/기타 위스키,True,2026-08-22T00:15:19Z
20001019600,20001389631,크래프트브로스 은하철도999 50 500ml,크래프트브로스,500,70.0,44.1,37.0,USD,61431,주류/위스키/기타 위스키,True,2026-08-22T00:15:19Z
20001001285,20001356670,"웰러SR, 버팔로 트레이스 듀오팩 750ml",버팔로 트레이스,750,74.0,41.95,43.0,USD,58436,주류/위스키/기타 위스키,True,2026-08-22T00:15:19Z
20000975606,20001309307,쿠지라 류쿠 10년 700ml,쿠지라,700,145.0,75.69,48.0,USD,105436,주류/위스키/기타 위스키,True,2026-08-22T00:15:19Z
20000940295,20001246265,리카 1000ml,제임슨,1000,22.0,16.03,27.0,USD,22330,주류/위스키/기타 위스키,True,2026-08-22T00:15:19Z
20000903414,20001185630,리젠트 버번 700ml,짐 빔,700,70.0,33.25,53.0,USD,46317,주류/위스키/기타 위스키,True,2026-08-22T00:15:19Z
20000881451,20001149018,사가모어 스피릿 라이 위스키 750ml,사가모어 스피릿,750,65.0,28.6,56.0,USD,39840,주류/위스키/기타 위스키,True,2026-08-22T00:15:19Z
20000842580,20001086771,베이커스 버번 750ml,짐 빔,750,90.0,45.31,50.0,USD,63117,주류/위스키/기타 위스키,True,2026-08-22T00:15:19Z
20000842577,20001086768,짐빔 싱글배럴 750ml,짐 빔,750,47.0,22.77,52.0,USD,31719,주류/위스키/기타 위스키,True,2026-08-22T00:15:19Z
20001059357,20001464980,람베이 싱글몰트 700ml,람베이,700,106.0,59.41,44.0,USD,82758,주류/위스키/기타 위스키,True,2026-08-22T00:15:19Z
20001048341,20001446177,은하철도999 에메랄다스 500ml,크래프트브로스,500,70.0,44.1,37.0,USD,61431,주류/위스키/기타 위스키,True,2026-08-22T00:15:19Z
20001008139,20001369892,크래프트브로스 제기 하이코스트 500ml,크래프트브로스,500,128.0,80.64,37.0,USD,112332,주류/위스키/기타 위스키,True,2026-08-22T00:15:19Z
20001005173,20001363875,크래프트브로스 제기 이파뉴본 화심 500ml,크래프트브로스,500,121.0,76.23,37.0,USD,106188,주류/위스키/기타 위스키,True,2026-08-22T00:15:19Z
20000993739,20001342382,크래프트브로스 제기 이파뉴본 수록 500ml,크래프트브로스,500,103.0,103.0,0.0,USD,143479,주류/위스키/기타 위스키,True,2026-08-22T00:15:19Z
20000975607,20001309308,쿠지라 류쿠 15년 700ml,쿠지라,700,231.0,120.58,48.0,USD,167968,주류/위스키/기타 위스키,True,2026-08-22T00:15:19Z
20000929387,20001226653,틸링 스몰배치 1000ml,틸링,1000,58.0,40.42,30.0,USD,56305,주류/위스키/기타 위스키,True,2026-08-22T00:15:19Z
20000895215,20001170815,헤븐스 도어 스트레이트 라이 위스키 750ml,헤븐스도어,750,80.0,38.16,52.0,USD,53157,주류/위스키/기타 위스키,True,2026-08-22T00:15:19Z
20000895212,20001170811,헤븐스 도어 더블 배럴 위스키 750ml,헤븐스도어,750,60.0,28.62,52.0,USD,39868,주류/위스키/기타 위스키,True,2026-08-22T00:15:19Z
20000895199,20001170790,헤븐스 도어 스트레이트 버번 위스키 750ml,헤븐스도어,750,60.0,27.54,54.0,USD,38363,주류/위스키/기타 위스키,True,2026-08-22T00:15:19Z
20000894189,20001168622,레벨 스트레이트 라이 750ml,레벨,750,46.0,20.28,56.0,USD,28250,주류/위스키/기타 위스키,True,2026-08-22T00:15:19Z
20000894185,20001168618,레벨 럭스로우 포그레인 더블배럴 750ml,레벨,750,198.0,89.1,55.0,USD,124116,주류/위스키/기타 위스키,True,2026-08-22T00:15:19Z
20000894180,20001168613,레벨 버번 까베르네소비뇽 피니쉬 700ml,레벨,700,67.0,30.15,55.0,USD,41999,주류/위스키/기타 위스키,True,2026-08-22T00:15:19Z
20000894165,20001168598,조지레무스 리필리저브 배치7 750ml,조지레무스,750,260.0,119.34,54.0,USD,166241,주류/위스키/기타 위스키,True,2026-08-22T00:15:19Z
20000894073,20001168489,로즈빌 유니언 마스터 크래프트 라이 750ml,로즈빌유니언,750,100.0,42.3,58.0,USD,58924,주류/위스키/기타 위스키,True,2026-08-22T00:15:19Z
20000842989,20001087424,바질 헤이든 700ml,짐 빔,700,58.0,27.55,53.0,USD,38377,주류/위스키/기타 위스키,True,2026-08-22T00:15:19Z
20001014411,20001381325,와일드터키 마스터스 킵 트라이엄프 750ml,와일드터키,750,175.0,166.25,5.0,USD,231586,주류/위스키/기타 위스키,True,2026-08-22T00:15:19Z
