제품명,용량ml,신라용량ml,롯데용량ml,신세계용량ml,신라_USD,신라_USD100ml,롯데_USD,롯데_USD100ml,신세계_USD,신세계_USD100ml,최저가_면세점,가격차_USD100ml,가격차_%,국내최저_₩,국내최저_₩100ml,국내최저_소스,국내수집일,면세최저_₩100ml,면세vs국내_%,최저처(면세vs국내),더싼곳,차이_USD100ml,신라상품명,롯데상품명,신세계상품명
더 글렌그란트 30년 700ml,700,700,,700,1800.0,257.14,,,1170.0,167.14,신세계,90.0,35.0,,,,,,,,,,더 글렌그란트 30년 700ml,,더 글렌그란트 30년 700ml
보모어 34년 프랭크 콰이어틀리 4 700ml,700,700,,700,2090.0,298.57,,,2470.0,352.86,신라,54.29,15.4,,,,,,,,,,보모어 34년 프랭크 콰이어틀리 4 700ml,,보모어 34년 프랭크 콰이어틀리 4 700ml
주라 1988 700ml,700,,700,700,,,1030.0,147.14,669.5,95.64,신세계,51.5,35.0,,,,,,,,,,,주라 1988 700ml,주라 1988 700ml
글렌파클라스 30년 700ml,700,700,700,700,577.2,82.46,843.6,120.51,590.52,84.36,신라,38.06,31.6,1590000,227143,데일리샷,2026-06-28,117826,48.1,면세,신라,38.06,글렌파클라스 30년 700ml,글렌파클라스 30년 700ml,글렌파클라스 30년 700ml
부쉬밀 싱글몰트 31년 마데이라 캐스크 700ml,700,,700,700,,,1395.0,199.29,1625.0,232.14,롯데,32.86,14.2,,,,,,,,,,,부쉬밀 싱글몰트 31년 마데이라 캐스크 700ml,부쉬밀 싱글몰트 31년 마데이라 캐스크 700ml
보모어 30년 700ml,700,700,,700,1495.2,213.6,,,1713.25,244.75,신라,31.15,12.7,2790000,398571,데일리샷,2026-06-28,305211,23.4,면세,,,보모어 30년 700ml,,보모어 30년 700ml
패터캐른 25년 700ml,700,700,700,700,339.32,48.47,474.05,67.72,299.4,42.77,신세계,24.95,36.8,,,,,,,,신라,19.25,패터캐른 25년 700ml,패터캐른 25년 700ml,패터캐른 25년 700ml
글렌고인 26년 리미티드 에디션 700ml,700,,700,700,,,749.75,107.11,880.0,125.71,롯데,18.61,14.8,,,,,,,,,,,글렌고인 26년 리미티드 에디션 700ml,글렌고인 26년 리미티드 에디션 700ml
듀어스 더블더블 36년 500ml,500,500,500,500,864.0,172.8,780.3,156.06,810.0,162.0,롯데,16.74,9.7,1940000,388000,데일리샷,2026-06-28,222993,42.5,면세,롯데,16.74,듀어스 더블더블 36년 500ml,듀어스 더블더블 36년 500ml,듀어스 더블더블 36년 500ml
주라 1993 700ml,700,700,,700,517.0,73.86,,,611.0,87.29,신라,13.43,15.4,,,,,,,,,,주라 1993 700ml,,주라 1993 700ml
올트모어 25년 700ml,700,700,700,700,354.68,50.67,311.78,44.54,404.46,57.78,롯데,13.24,22.9,649000,92714,데일리샷,2026-06-28,63643,31.4,면세,롯데,6.13,올트모어 25년 700ml,올트모어 25년 700ml,올트모어 25년 700ml
발베니 25년 레어메리지 700ml,700,,700,700,,,750.49,107.21,658.68,94.1,신세계,13.12,12.2,1190000,170000,데일리샷,2026-06-28,134459,20.9,면세,,,,발베니 25년 레어메리지 700ml,발베니 25년 레어메리지 700ml
브룩라디 블랙아트 사페로 700ml,700,700,700,700,147.56,21.08,238.0,34.0,214.2,30.6,신라,12.92,38.0,,,,,,,,신라,12.92,브룩라디 블랙아트 사페로 700ml,브룩라디 블랙아트 사페로 700ml,브룩라디 블랙아트 사페로 700ml
패터캐른 28년 700ml,700,700,,700,473.28,67.61,,,556.8,79.54,신라,11.93,15.0,,,,,,,,,,패터캐른 28년 700ml,,패터캐른 28년 700ml
몰트락 20년 750ml,750,750,,750,151.53,20.2,,,220.0,29.33,신라,9.13,31.1,,,,,,,,,,몰트락 20년 750ml,,몰트락 20년 750ml
보모어 25년 700ml,700,700,,700,476.0,68.0,,,412.16,58.88,신세계,9.12,13.4,649000,92714,데일리샷,2026-06-28,84133,9.3,면세,,,보모어 25년 700ml,,보모어 25년 700ml
글렌알라키 21년 배치5 700mL,700,700,,700,513.11,73.3,,,450.1,64.3,신세계,9.0,12.3,,,,,,,,,,글렌알라키 21년 배치5 700mL,,글렌알라키 21년 배치5 700ml
듀어스 25년 750ml,750,750,750,750,154.76,20.63,215.44,28.73,213.7,28.49,신라,8.09,28.2,439000,58533,데일리샷,2026-06-28,29478,49.6,면세,신라,8.09,듀어스 25년 750ml,듀어스 25년 750ml,듀어스 25년 750ml
조니워커 엑스오디네어 1000ml,1000,,1000,1000,,,181.94,18.19,259.35,25.94,롯데,7.74,29.8,,,,,,,,,,,조니워커 엑스오디네어 1000ml,조니워커 엑스오디네어 1000ml
더 글렌그란트 18년 700ml,700,700,700,700,74.12,10.59,127.8,18.26,75.54,10.79,신라,7.67,42.0,200000,28571,데일리샷,2026-06-28,15132,47.0,면세,신라,7.67,더 글렌그란트 18년 700ml,더 글렌그란트 18년 700ml,더 글렌그란트 18년 700ml
몰트락 SR FY24 700ml (2023 Special Release),700,700,700,700,210.9,30.13,165.6,23.66,165.0,23.57,신세계,6.56,21.8,,,,,,,,롯데,6.47,몰트락 SR FY24 700ml (2023 Special Release),몰트락 SR FY24 700ml(2023 Special Release),몰트락 SR FY24 700ml(2023 Special Release)
에버펠디 21년 마데이라 캐스크 700ml,700,700,700,700,127.22,18.17,172.85,24.69,136.4,19.49,신라,6.52,26.4,,,,,,,,신라,6.52,에버펠디 21년 마데이라 캐스크 700ml,에버펠디 21년 마데이라캐스크 700ml,에버펠디 21년 마데이라 캐스크 700ml
글렌파클라스 35년 700ml,700,700,700,700,901.82,128.83,856.72,122.39,895.09,127.87,롯데,6.44,5.0,,,,,,,,롯데,6.44,글렌파클라스 35년 700ml,글렌파클라스 35년 700ml,글렌파클라스 35년 700ml
로얄 브라클라 25년 700ml,700,700,,700,495.0,70.71,,,540.0,77.14,신라,6.43,8.3,,,,,,,,,,로얄 브라클라 25년 700ml,,로얄브라클라 25년 700ml
폴 존 피엑스 쉐리 700ml,700,700,,700,45.15,6.45,,,89.25,12.75,신라,6.3,49.4,,,,,,,,,,폴 존 피엑스 쉐리 700ml,,폴존 피엑스 쉐리 700ml
블라드녹 14년 올로로소 셰리 700ml,700,,700,700,,,87.55,12.51,126.0,18.0,롯데,5.49,30.5,,,,,,,,,,,블라드녹 14년 올로로소 셰리 700ml,블라드녹 14년 올로로소 셰리 700ml
글렌피딕 26년 GC 700ml,700,700,700,,423.6,60.51,385.47,55.07,,,롯데,5.45,9.0,,,,,,,,롯데,5.45,글렌피딕 26년 GC 700ml,글렌피딕 26년 그랑 쿠론 700ml,
와일드무어 30년 트로피칼 코스트 700ml,700,700,700,,248.32,35.47,211.07,30.15,,,롯데,5.32,15.0,675000,96429,데일리샷,2026-06-28,43081,55.3,면세,롯데,5.32,와일드무어 30년 트로피칼 코스트 700ml,와일드무어 30년 트로피칼 코스트 700ml,
더 글렌그란트 21년 700ml,700,700,700,700,174.08,24.87,211.14,30.16,178.5,25.5,신라,5.29,17.6,359000,51286,데일리샷,2026-06-28,35537,30.7,면세,신라,5.29,더 글렌그란트 21년 700ml,더 글렌그란트 21년 700ml,더 글렌그란트 21년 700ml
화이트헤더 21년 700ml,700,700,,700,131.22,18.75,,,166.8,23.83,신라,5.08,21.3,325900,46557,데일리샷,2026-06-28,26792,42.5,면세,,,화이트헤더 21년 700ml,,화이트헤더 21년 700ml
보모어 19년 700ml,700,700,700,700,112.2,16.03,143.41,20.49,108.53,15.5,신세계,4.98,24.3,295000,42143,데일리샷,2026-06-28,22148,47.4,면세,신라,4.46,보모어 19년 700ml,보모어 19년 700ml,보모어 19년 700ml
더 글렌그란트 18년 1000ml,1000,1000,,1000,115.78,11.58,,,163.2,16.32,신라,4.74,29.1,200000,28571,데일리샷,2026-06-28,16547,42.1,면세,,,더 글렌그란트 18년 1000ml,,더 글렌그란트 18년 1000ml
베리 올드 세인트 닉 윈터 라이 750ml,750,,750,750,,,171.0,22.8,206.25,27.5,롯데,4.7,17.1,,,,,,,,,,,베리올드세인트닉 윈터라이 750ml,베리 올드 세인트 닉 윈터 라이 750ml
주라 더 베이  1000ml,1000,1000,1000,1000,40.8,4.08,85.0,8.5,38.25,3.82,신세계,4.68,55.0,,,,,,,,신라,4.42,주라 더 베이  1000ml,주라 더 베이 1000ml,주라 더 베이 1000ml
글렌피딕 22년 그랑 코르테스 700ml,700,700,700,700,201.5,28.79,169.26,24.18,183.37,26.2,롯데,4.61,16.0,,,,,,,,롯데,4.61,글렌피딕 22년 그랑 코르테스 700ml,글렌피딕 22년 그랑 코르테즈 700ml,글렌피딕 22년 그랑 코르테즈 700ml
부나하벤 크루아모나 1000ml,1000,1000,,1000,51.84,5.18,,,96.0,9.6,신라,4.42,46.0,119000,11900,데일리샷,2026-06-28,7402,37.8,면세,,,부나하벤 크루아모나 1000ml,,부나하벤 크루아모나 1000ml
맥네어스 럼릭 21년 700ml,700,700,,700,159.77,22.82,,,190.2,27.17,신라,4.35,16.0,,,,,,,,,,맥네어스 럼릭 21년 700ml,,맥네어스 럼릭 21년 700ml
에버펠디 25년 700ml,700,700,,700,329.18,47.02,,,357.5,51.07,신라,4.05,7.9,,,,,,,,,,에버펠디 25년 700ml,,에버펠디 25년 700ml
레드브레스트 18년 700ml,700,700,,700,112.0,16.0,,,140.0,20.0,신라,4.0,20.0,,,,,,,,,,레드브레스트 18년 700ml,,레드브레스트 18년 700ml
캐퍼도닉 21년 피티드 700ml,700,,700,700,,,201.84,28.83,174.58,24.94,신세계,3.89,13.5,,,,,,,,,,,캐퍼도닉 21년 피티드 700ml,캐퍼도닉 21년 피티드 700ml
글렌피딕 21년 CNY 2026 리미티드 에디션 700ml,700,700,,700,145.2,20.74,,,171.6,24.51,신라,3.77,15.4,289000,41286,데일리샷,2026-06-28,29635,28.2,면세,,,글렌피딕 21년 CNY 2026 리미티드 에디션 700ml,,글렌피딕 21년 CNY 2026 리미티드 에디션 700ml
보모어 24년 프랭크 콰이어틀리 4 700ml,700,700,,700,295.8,42.26,,,321.3,45.9,신라,3.64,7.9,,,,,,,,,,보모어 24년 프랭크 콰이어틀리 4 700ml,,보모어 24년 프랭크 콰이어틀리 4 700ml
주라 더 사운드 1000ml,1000,1000,1000,1000,29.25,2.93,65.0,6.5,29.25,2.93,신라/신세계,3.57,55.0,,,,,,,,신라,3.57,주라 더 사운드 1000ml,주라 더 사운드 1000ml,주라 더 사운드 1000ml
더 글렌그란트 2006 프라이빗 캐스크 700ml,700,700,700,700,98.7,14.1,123.57,17.65,119.4,17.06,신라,3.55,20.1,,,,,,,,신라,3.55,더 글렌그란트 2006 프라이빗 캐스크 700ml,더 글렌그란트 2006 프라이빗 캐스크 700ml,더 글렌그란트 2006 프라이빗 캐스크 700ml
글렌알라키 12년 (24RB) 700ml,700,700,700,700,53.66,7.67,77.04,11.01,52.97,7.57,신세계,3.44,31.2,89900,12843,데일리샷,2026-06-28,10817,15.8,면세,신라,3.34,글렌알라키 12년 (24RB) 700ml,글렌알라키 12년 700ml,글렌알라키 12년 (24RB) 700mL
와일드터키 마스터스 킵 보야지 750ml,750,750,,750,122.32,16.31,,,147.9,19.72,신라,3.41,17.3,,,,,,,,,,와일드터키 마스터스 킵 보야지 750ml,,와일드터키 마스터스 킵 보야지 750ml
캐퍼도닉 21년 700ml,700,,700,700,,,174.0,24.86,150.5,21.5,신세계,3.36,13.5,,,,,,,,,,,캐퍼도닉 21년 700mL,캐퍼도닉 21년 700ml
브룩라디 옥토모어 14.3 700ml,700,,700,700,,,230.0,32.86,207.0,29.57,신세계,3.29,10.0,,,,,,,,,,,브룩라디 옥토모어 14.3 700ML,브룩라디 옥토모어 14.3 700ml
브룩라디 옥토모어 16.3 700ml,700,,700,700,,,230.0,32.86,207.0,29.57,신세계,3.29,10.0,,,,,,,,,,,브룩라디 옥토모어 16.3 700ml,브룩라디 옥토모어 16.3 700ml
아드벡 21년 700ml,700,700,700,,330.0,47.14,352.0,50.29,,,신라,3.14,6.3,,,,,,,,신라,3.14,아드벡 21년 700ml,아드벡 21년 700ml,
글렌알라키 8년 700ml,700,700,700,700,43.77,6.25,65.52,9.36,45.05,6.44,신라,3.11,33.2,,,,,,,,신라,3.11,글렌알라키 8년 700ml,글렌알라키 8년 700ml,글렌알라키 8년 700ml
탐나불린 1000ml,1000,1000,1000,,25.42,2.54,56.0,5.6,,,신라,3.06,54.6,39900,5700,데일리샷,2026-06-28,3629,36.3,면세,신라,3.06,탐나불린 1000ml,탐나불린 1000ml,
시바스리갈 25년 700ml,700,700,700,700,272.36,38.91,270.74,38.68,291.75,41.68,롯데,3.0,7.2,549000,78429,데일리샷,2026-06-28,55269,29.5,면세,롯데,0.23,시바스리갈 25년 700ml,시바스리갈 25년 700ml,시바스리갈 25년 700ml
글렌알라키 15년 (24RB) 700ml,700,700,700,700,84.5,12.07,104.94,14.99,88.3,12.61,신라,2.92,19.5,147900,21129,데일리샷,2026-06-28,17247,18.4,면세,신라,2.92,글렌알라키 15년 (24RB) 700ml,글렌알라키 15년 700ml,글렌알라키 15년 (24RB) 700ml
틸링 싱글 그레인 1000ml,1000,,1000,1000,,,62.05,6.2,33.73,3.37,신세계,2.83,45.6,,,,,,,,,,,틸링 싱글 그레인 1000ml,틸링 싱글 그레인 1000ml
탐나불린 올로로소 1000ml,1000,1000,1000,1000,26.5,2.65,53.0,5.3,24.91,2.49,신세계,2.81,53.0,,,,,,,,신라,2.65,탐나불린 올로로소 1000ml,탐나불린 올로로소 1000ml,탐나불린 올로로소 1000ml
싱글톤 가든스 오브 어번던스 - 딥 포레스트 리치 700ml,700,700,700,700,146.3,20.9,165.76,23.68,148.4,21.2,신라,2.78,11.7,,,,,,,,신라,2.78,싱글톤 가든스 오브 어번던스 - 딥 포레스트 리치 700ml,싱글톤 가든스 오브 어번던스 - 딥 포레스트 리치 700ml,싱글톤 가든스 오브 어번던스 - 딥 포레스트 리치700ml
섀클턴 1000ml,1000,1000,1000,1000,30.31,3.03,58.0,5.8,34.8,3.48,신라,2.77,47.8,34900,4986,데일리샷,2026-06-28,4330,13.2,면세,신라,2.77,섀클턴 1000ml,섀클턴 1000ml,섀클턴 1000ml
탈리스커 써지 700ml,700,700,700,,51.66,7.38,70.84,10.12,,,신라,2.74,27.1,149000,21286,데일리샷,2026-06-28,10545,50.5,면세,신라,2.74,탈리스커 써지 700ml,탈리스커 써지 700ml,
글렌피딕 23년 Grand Cru 700ml,700,700,700,,211.8,30.26,192.73,27.53,,,롯데,2.72,9.0,,,,,,,,롯데,2.72,글렌피딕 23년 Grand Cru 700ml,글렌피딕 23년 그랑 크루 슬림팩 700ml,
브룩라디 옥토모어 15.2 700ml,700,,700,700,,,190.0,27.14,171.0,24.43,신세계,2.71,10.0,,,,,,,,,,,브룩라디 옥토모어 15.2 700ML,브룩라디 옥토모어 15.2 700ml
보모어 16년 700ml,700,700,700,700,60.5,8.64,77.33,11.05,58.52,8.36,신세계,2.69,24.3,150000,21429,데일리샷,2026-06-28,11946,44.3,면세,신라,2.4,보모어 16년 700ml,보모어 16년 700ml,보모어 16년 700ml
맥네어스 럼릭 12년 700ml,700,700,700,700,52.47,7.5,44.94,6.42,63.6,9.09,롯데,2.67,29.3,,,,,,,,롯데,1.08,맥네어스 럼릭 12년 700ml,맥네어스 럼릭 12년 700ml,맥네어스 럼릭 12년 700ml
블라드녹 알린타 700ml,700,,700,700,,,59.28,8.47,78.0,11.14,롯데,2.67,24.0,110000,15714,데일리샷,2026-06-28,12103,23.0,면세,,,,블라드녹 알린타 700ml,블라드녹 알린타 700ml
블라드녹 삼사라 700ml,700,,700,700,,,59.28,8.47,78.0,11.14,롯데,2.67,24.0,102000,14571,데일리샷,2026-06-28,12103,16.9,면세,,,,블라드녹 삼사라 700ml,블라드녹 삼사라 700ml
카발란 페드로히메네즈 솔리스트 750ml,750,750,,750,319.2,42.56,,,339.15,45.22,신라,2.66,5.9,,,,,,,,,,카발란 페드로히메네즈 솔리스트 750ml,,카발란 페드로히메네즈 솔리스트 750ml
조니워커 킹조지 5세 500ml,500,500,500,,268.4,53.68,281.6,56.32,,,신라,2.64,4.7,,,,,,,,신라,2.64,조니워커 킹조지 5세 500ml,조니워커 킹조지 5세 500ml,
에버펠디 16년 마데이라 캐스크 700ml,700,,700,700,,,87.12,12.45,68.75,9.82,신세계,2.62,21.1,75800,10829,트레이더스,2026-05-27,14032,-29.6,국내,,,,에버펠디 16년 마데이라 캐스크 700ml,에버펠디 16년 마데이라 캐스크 700ml
화이트헤더 15년 700ml,700,700,,700,57.96,8.28,,,75.6,10.8,신라,2.52,23.3,137000,19571,데일리샷,2026-06-28,11831,39.5,면세,,,화이트헤더 15년 700ml,,화이트헤더 15년 700ml
로얄살루트 21년 루나 뉴이어 2026 700ml,700,700,,700,123.23,17.6,,,140.8,20.11,신라,2.51,12.5,185000,26429,데일리샷,2026-06-28,25148,4.8,면세,,,로얄살루트 21년 루나 뉴이어 2026 700ml,,로얄살루트 21년 루나 뉴이어 2026 700ml
라프로익 PX Cask 1000ml,1000,1000,1000,1000,59.28,5.93,80.94,8.09,56.76,5.68,신세계,2.42,29.9,,,,,,,,신라,2.17,라프로익 PX Cask 1000ml,라프로익 PX 캐스크 1000ml,라프로익 PX 캐스크 1000ml
브룩라디 옥토모어 15.1 700ml,700,700,700,700,167.0,23.86,167.0,23.86,150.3,21.47,신세계,2.39,10.0,,,,,,,,동일,0.0,브룩라디 옥토모어 15.1 700ml,브룩라디 옥토모어 15.1 700ml,브룩라디 옥토모어15.1 700ml
브룩라디 옥토모어 16.1 700ml,700,,700,700,,,167.0,23.86,150.3,21.47,신세계,2.39,10.0,,,,,,,,,,,브룩라디 옥토모어 16.1 700ML,브룩라디 옥토모어 16.1 700ml
듀어스 더블더블 21년 미즈나라캐스크 500ml,500,500,,500,92.57,18.51,,,104.4,20.88,신라,2.37,11.3,149000,29800,데일리샷,2026-06-28,26449,11.2,면세,,,듀어스 더블더블 21년 미즈나라캐스크 500ml,,듀어스 더블더블 21년 미즈나라 캐스크 500ml
와일드터키 마스터스 킵 트라이엄프 750ml,750,,750,750,,,166.25,22.17,148.75,19.83,신세계,2.33,10.5,,,,,,,,,,,와일드터키 마스터스 킵 트라이엄프 750ml,와일드터키 마스터스 킵 트라이엄프 750ml
로얄브라클라 21년 700ml,700,700,700,700,181.83,25.98,165.99,23.71,171.22,24.46,롯데,2.26,8.7,,,,,,,,롯데,2.26,로얄브라클라 21년 700ml,로얄브라클라 21년 700ml,로얄브라클라 21년 700ml
와일드무어 23년 웨이킹 포레스트 700ml,700,700,700,,109.04,15.58,93.24,13.32,,,롯데,2.26,14.5,278000,39714,데일리샷,2026-06-28,19033,52.1,면세,롯데,2.26,와일드무어 23년 웨이킹 포레스트 700ml,와일드무어 23년 웨이킹 포레스트 700ml,
타케츠루 퓨어 몰트 그란데 700ml,700,700,,700,87.78,12.54,,,72.16,10.31,신세계,2.23,17.8,,,,,,,,,,타케츠루 퓨어 몰트 그란데 700ml,,타케츠루 퓨어 몰트 그란데 700ml
요이치 싱글 몰트 그란데 700ml,700,700,,700,87.78,12.54,,,72.16,10.31,신세계,2.23,17.8,,,,,,,,,,요이치 싱글 몰트 그란데 700ml,,요이치 싱글 몰트 그란데 700ml
미야기쿄 싱글 몰트 그란데 700ml,700,700,,700,87.78,12.54,,,72.16,10.31,신세계,2.23,17.8,,,,,,,,,,미야기쿄 싱글 몰트 그란데 700ml,,미야기쿄 싱글 몰트 그란데 700ml
블라드녹 리오라 700ml,700,,700,700,,,51.07,7.3,66.0,9.43,롯데,2.13,22.6,135900,19414,데일리샷,2026-06-28,10431,46.3,면세,,,,블라드녹 리오라 700ml,블라드녹 리오라 700ml
로즈아일 12년 SR FY24 700ml (2023 Special Release),700,700,,700,100.8,14.4,,,86.4,12.34,신세계,2.06,14.3,,,,,,,,,,로즈아일 12년 SR FY24 700ml (2023 Special Release),,로즈아일 12년 SR FY24 700ml(2023 Special Release)
우미키 750ml,750,750,750,750,43.8,5.84,35.62,4.75,51.1,6.81,롯데,2.06,30.3,,,,,,,,롯데,1.09,우미키 750ml,우미키 750ml,우미키 750ml
노아스 밀 750ml,750,,750,750,,,66.69,8.89,81.9,10.92,롯데,2.03,18.6,155000,20667,데일리샷,2026-06-28,12703,38.5,면세,,,,노아스밀  750ml,노아스 밀 750ml
탈리스커 10년 1L,1000,1000,1000,1000,48.45,4.84,64.0,6.4,44.37,4.44,신세계,1.96,30.7,69000,9857,데일리샷,2026-07-31,6344,35.6,면세,신라,1.56,탈리스커 10년 1L,탈리스커 10년 1000ml,탈리스커 10년 1000ml
에버펠디 12년 마데이라 캐스크 700ml,700,700,700,700,33.23,4.75,46.0,6.57,33.03,4.72,신세계,1.85,28.2,,,,,,,,신라,1.82,에버펠디 12년 마데이라 캐스크 700ml,에버펠디 12년 마데이라 캐스크 700ml,에버펠디 12년 마데이라 캐스크 700ml
토마틴 12년 1000ml,1000,1000,,1000,31.32,3.13,,,49.3,4.93,신라,1.8,36.5,60000,8571,데일리샷,2026-06-28,4472,47.8,면세,,,토마틴 12년 1000ml,,토마틴 12년 1000ml
더 글렌리벳 21년 700ml,700,700,,700,184.19,26.31,,,196.5,28.07,신라,1.76,6.3,520000,74286,데일리샷,2026-06-28,37594,49.4,면세,,,더 글렌리벳 21년 700ml,,더 글렌리벳 21년 700ml
캐퍼도닉 18년 피티드 700ml,700,,700,700,,,90.48,12.93,78.26,11.18,신세계,1.75,13.5,,,,,,,,,,,캐퍼도닉 18년 피티드 700mL,캐퍼도닉 18년 피티드 700ml
씨앤씨 뀌베 캐스크 750ml,750,750,750,,70.0,9.33,57.0,7.6,,,롯데,1.73,18.6,,,,,,,,롯데,1.73,씨앤씨 뀌베 캐스크 750ml,씨앤씨 뀌베 캐스크 750ml,
보모어 14년 700ml,700,700,700,700,37.4,5.34,47.8,6.83,36.18,5.17,신세계,1.66,24.3,101900,14557,데일리샷,2026-06-28,7387,49.3,면세,신라,1.49,보모어 14년 700ml,보모어 14년 700ml,보모어 14년 700ml
듀어스 16년 1000ml,1000,1000,1000,1000,45.22,4.52,59.24,5.92,42.84,4.28,신세계,1.64,27.7,,,,,,,,신라,1.4,듀어스 16년 1000ml,듀어스 16년 1000ml,듀어스 16년 1000ml
토마틴 16년 700ml,700,700,,700,38.95,5.56,,,50.35,7.19,신라,1.63,22.6,,,,,,,,,,토마틴 16년 700ml,,토마틴 16년 700ml
듀어스 더블더블 27년 500ml,500,500,,500,151.05,30.21,,,159.0,31.8,신라,1.59,5.0,289000,57800,데일리샷,2026-06-28,43167,25.3,면세,,,듀어스 더블더블 27년 500ml,,듀어스 더블더블 27년 500ml
웰러 스페셜 리저브 750ml,750,750,750,750,54.45,7.26,57.88,7.72,66.05,8.81,신라,1.55,17.6,,,,,,,,신라,0.46,웰러 스페셜 리저브 750ml,웰러 스페셜 리저브 750ml,웰러 스페셜 리저브 750ml
더 글렌리벳 그라운드브레이커스 700ml,700,,700,700,,,60.0,8.57,70.0,10.0,롯데,1.43,14.3,,,,,,,,,,,더 글렌리벳 그라운드브레이커스 700ml,더 글렌리벳 그라운드브레이커스 700ml
글렌모렌지 16년 트리뷰트 1000ml,1000,1000,1000,1000,74.25,7.42,74.25,7.42,88.5,8.85,신라/롯데,1.42,16.1,,,,,,,,동일,0.0,글렌모렌지 16년 트리뷰트 1000ml,글렌모렌지 16년 트리뷰트 1000ml,글렌모렌지 16년 트리뷰트 1000ml
라프로익 포트우드 2023 700ml,700,700,,700,86.94,12.42,,,96.8,13.83,신라,1.41,10.2,194000,27714,데일리샷,2026-06-28,17747,36.0,면세,,,라프로익 포트우드 2023 700ml,,라프로익 포트우드 2023 700ml
발베니 클래식 700ml,700,,700,700,,,55.75,7.96,65.65,9.38,롯데,1.41,15.1,,,,,,,,,,,발베니 클래식 700ml,발베니 클래식 700ml
글렌데브론 40년 700ml,700,700,,700,2695.0,385.0,,,2704.8,386.4,신라,1.4,0.4,,,,,,,,,,글렌데브론 40년 700ml,,글렌데브론 40년 700ml
싱글톤 글렌듈란 14년 SR FY24 700ml(2023 Special Release),700,,700,700,,,93.53,13.36,83.74,11.96,신세계,1.4,10.5,,,,,,,,,,,싱글톤 글렌듈란 14년 SR FY24 700ml(2023 Special Release),싱글톤 글렌듈란 14년 SR FY24 700ml(2023 Special Release)
클라이넬리시 10년 SR FY24 700ml (2023 Special Release),700,700,700,700,109.1,15.59,118.8,16.97,118.8,16.97,신라,1.39,8.2,,,,,,,,신라,1.39,클라이넬리시 10년 SR FY24 700ml (2023 Special Release),클라이넬리시 10년 SR FY24 700ml(2023 Special Release),클라이넬리시 10년 SR FY24 700ml(2023 Special Release)
레드브레스트 12년 700ml,700,700,,700,35.2,5.03,,,44.8,6.4,신라,1.37,21.4,74800,10686,데일리샷,2026-06-28,7187,32.7,면세,,,레드브레스트 12년 700ml,,레드브레스트 12년 700ml
더 글렌그란트 13년 1000ml,1000,1000,1000,1000,46.4,4.64,49.68,4.97,60.0,6.0,신라,1.36,22.7,,,,,,,,신라,0.33,더 글렌그란트 13년 1000ml,더 글렌그란트 13년 1000ml,더 글렌그란트 13년 1000ml
아벨라워 16년 700ml,700,,700,700,,,91.26,13.04,81.9,11.7,신세계,1.34,10.3,149000,21286,데일리샷,2026-06-28,16718,21.5,면세,,,,아벨라워 16년 700ml,아벨라워 16년 700ml
더 글렌그란트 12년 1000ml,1000,1000,1000,1000,35.1,3.51,48.43,4.84,37.44,3.74,신라,1.33,27.5,59400,8486,트레이더스,2026-07-31,5015,40.9,면세,신라,1.33,더 글렌그란트 12년 1000ml,더 글렌그란트 12년 1000ml,더 글렌그란트 12년 1000ml
글렌피딕 23년 그랑크뤼 슬림팩 700ml,700,700,700,700,194.15,27.74,192.73,27.53,201.92,28.85,롯데,1.31,4.6,,,,,,,,롯데,0.2,글렌피딕 23년 그랑크뤼 슬림팩 700ml,글렌피딕 23년 그랑 크루 700ml,글렌피딕 23년 그랑 크루 700ml
뉴리프 8년 버번 750ml,750,750,,750,78.2,10.43,,,68.6,9.15,신세계,1.28,12.3,,,,,,,,,,뉴리프 8년 버번 750ml,,뉴리프 8년 버번 750ml
뉴리프 8년 라이 750ml,750,750,,750,78.2,10.43,,,68.6,9.15,신세계,1.28,12.3,,,,,,,,,,뉴리프 8년 라이 750ml,,뉴리프 8년 라이 750ml
싱글톤 가든스 오브 어번던스 - 이그저틱 스파이스 그로브 1000ml,1000,1000,,1000,82.8,8.28,,,95.4,9.54,신라,1.26,13.2,,,,,,,,,,싱글톤 가든스 오브 어번던스 - 이그저틱 스파이스 그로브 1000ml,,싱글톤 가든스 오브 어번던스 - 이그저틱 스파이스 그로브 1000ml
더 글렌리벳 트리플 캐스크 머추어드 1000ml,1000,1000,1000,1000,33.15,3.31,45.24,4.52,35.95,3.6,신라,1.21,26.7,,,,,,,,신라,1.21,더 글렌리벳 트리플 캐스크 머추어드 1000ml,더 글렌리벳 트리플 캐스크 머추어드 1000ml,더 글렌리벳 트리플 캐스크 머추어드 1000ml
부쉬밀 18년 트리플 캐스크 700ml,700,700,700,700,77.0,11.0,75.6,10.8,84.0,12.0,롯데,1.2,10.0,259000,37000,데일리샷,2026-06-28,15432,58.3,면세,롯데,0.2,부쉬밀 18년 트리플 캐스크 700ml,부쉬밀 18년 트리플 캐스크 700ml,부쉬밀 18년 트리플 캐스크 700ml
보모어 33년 타임리스 700ml,700,,700,700,,,1968.4,281.2,1960.0,280.0,신세계,1.2,0.4,,,,,,,,,,,보모어 33년 타임리스 700ml,보모어 33년 타임리스 700ml
글렌파클라스 25년 700ml,700,700,,700,219.24,31.32,,,227.56,32.51,신라,1.19,3.7,719000,102714,데일리샷,2026-06-28,44753,56.4,면세,,,글렌파클라스 25년 700ml,,글렌파클라스 25년 700ml
라가불린 16년 700ml,700,700,700,700,70.7,10.1,64.94,9.28,73.2,10.46,롯데,1.18,11.3,144000,19200,데일리샷,2026-06-28,13260,30.9,면세,롯데,0.82,라가불린 16년 700ml,라가불린 16년 700ml,라가불린 16년 700ml
오켄토션 24년 700ml,700,700,,700,139.1,19.87,,,147.38,21.05,신라,1.18,5.6,,,,,,,,,,오켄토션 24년 700ml,,오켄토션 24년 700ml
아드벡 우거다일 700ml,700,700,700,700,64.84,9.26,68.25,9.75,72.8,10.4,신라,1.14,10.9,134000,19143,데일리샷,2026-06-28,13232,30.9,면세,신라,0.49,아드벡 우거다일 700ml,아드벡 우거다일 700ml,아드벡 우거다일 700ml
글렌알라키 17Y 미즈나라 700mL,700,700,,700,296.02,42.29,,,304.0,43.43,신라,1.14,2.6,,,,,,,,,,글렌알라키 17Y 미즈나라 700mL,,글렌알라키 17Y 미즈나라 700ml
더 글렌리벳 16년 1000ml,1000,1000,1000,1000,80.52,8.05,80.5,8.05,69.23,6.92,신세계,1.13,14.0,,,,,,,,롯데,0.0,더 글렌리벳 16년 1000ml,더 글렌리벳 16년 1000ml,더 글렌리벳 16년 1000ml
로얄살루트 25년 더 트레저드 블렌드 700ml,700,,700,700,,,190.08,27.15,198.0,28.29,롯데,1.13,4.0,444000,63429,데일리샷,2026-06-28,38794,38.8,면세,,,,로얄살루트 25년 더 트레저드 블렌드 700ml,로얄살루트 25년 더 트레저드 블렌드 700ml
오켄토션 블러드 오크 1000ml,1000,1000,1000,1000,39.59,3.96,44.8,4.48,50.83,5.08,신라,1.12,22.1,,,,,,,,신라,0.52,오켄토션 블러드 오크 1000ml,오켄토션 블러드 오크  1000ml,오켄토션 블러드 오크 1000ml
벤리악 30년 1994 캐스크 에디션 700ml,700,,700,700,,,666.9,95.27,674.5,96.36,롯데,1.09,1.1,1289000,184143,데일리샷,2026-06-28,136130,26.1,면세,,,,벤리악 30년 1994 캐스크 에디션 700ml,벤리악 30년 1994 캐스크 에디션 700ml
블라드녹 비나야 700ml,700,,700,700,,,31.46,4.49,39.0,5.57,롯데,1.08,19.3,88000,12571,데일리샷,2026-06-28,6416,49.0,면세,,,,블라드녹 비나야 700ml,블라드녹 비나야 700ml
패터캐른 17년 700ml,700,700,,700,69.44,9.92,,,62.0,8.86,신세계,1.06,10.7,,,,,,,,,,패터캐른 17년 700ml,,패터캐른 17년 700ml
보모어 22년 700ml,700,700,,700,219.45,31.35,,,212.27,30.32,신세계,1.03,3.3,,,,,,,,,,보모어 22년 700ml,,보모어 22년 700ml
제임슨 트리플 트리플 1000ml,1000,1000,1000,1000,23.73,2.37,33.84,3.38,32.9,3.29,신라,1.01,29.9,26690,3813,코스트코,2026-06-30,3386,11.2,면세,신라,1.01,제임슨 트리플 트리플 1000ml,제임슨 트리플 트리플 1000ml,제임슨 트리플 트리플 1000ml
조니워커 킹조지 5세 750ml,750,750,750,,410.67,54.76,403.2,53.76,,,롯데,1.0,1.8,,,,,,,,롯데,1.0,조니워커 킹조지 5세 750ml,조니워커 킹조지 5세 750ml,
윌더니스 트레일 켄터키 스트레이트 하이 라이 버번 750ml,750,750,,750,24.2,3.23,,,31.57,4.21,신라,0.98,23.3,,,,,,,,,,윌더니스 트레일 켄터키 스트레이트 하이 라이 버번 750ml,,윌더니스 트레일 켄터키 스트레이트 하이 라이 버번 750ml
올트모어 19년 CS 한정판 (토니포트) 700ml,700,700,,700,198.36,28.34,,,205.2,29.31,신라,0.98,3.3,,,,,,,,,,올트모어 19년 CS 한정판 (토니포트) 700ml,,올트모어 19년 CS 한정판 (토니포트) 700ml
윌더니스 트레일 켄터키 스트레이트 휘티드 버번 750ml,750,750,,750,21.5,2.87,,,28.7,3.83,신라,0.96,25.1,,,,,,,,,,윌더니스 트레일 켄터키 스트레이트 휘티드 버번 750ml,,윌더니스 트레일 켄터키 스트레이트 휘티드 버번 750ml
큐로 몰트 500ml,500,500,500,,57.12,11.42,52.36,10.47,,,롯데,0.95,8.3,,,,,,,,롯데,0.95,큐로 몰트 500ml,큐로 몰트 500ml,
와일드터키 마스터스 킵 언포가튼 750ml,750,750,,750,126.0,16.8,,,119.0,15.87,신세계,0.93,5.6,,,,,,,,,,와일드터키 마스터스 킵 언포가튼 750ml,,와일드터키 마스터스 킵 언포가튼 750ml
더 글렌그란트 15년 1000ml,1000,1000,1000,1000,61.44,6.14,67.96,6.8,70.78,7.08,신라,0.93,13.2,89400,12771,트레이더스,2026-07-31,8773,31.3,면세,신라,0.65,더 글렌그란트 15년 1000ml,더 글렌그란트 15년 1000ml,더 글렌그란트 15년 1000ml
기원 달 기프트팩 700ml,700,700,700,700,43.55,6.22,40.4,5.77,46.9,6.7,롯데,0.93,13.9,,,,,,,,롯데,0.45,기원 달 기프트팩 700ml,기원 달 기프트팩 700ml,기원 달 기프트팩 700ml
보모어 11년 700ml,700,700,,700,35.75,5.11,,,29.26,4.18,신세계,0.93,18.2,,,,,,,,,,보모어 11년 700ml,,보모어 11년 700ml
아벨라워 SUTHAINN 700ml,700,,700,700,,,63.18,9.03,56.7,8.1,신세계,0.93,10.3,,,,,,,,,,,아벨라워 SUTHAINN 700ml,아벨라워 SUTHAINN 700ml
글렌피딕 19년 애스턴마틴 F1 700ml,700,,700,700,,,90.09,12.87,96.53,13.79,롯데,0.92,6.7,,,,,,,,,,,글렌피딕 19년 애스턴마틴 F1 700ml,글렌피딕 19년 애스턴마틴 F1 700ml
탈리스커 다크 스톰 1000ml,1000,1000,1000,1000,57.15,5.71,63.93,6.39,66.29,6.63,신라,0.91,13.8,129000,12900,데일리샷,2026-06-28,8159,36.8,면세,신라,0.68,탈리스커 다크 스톰 1000ml,탈리스커 다크스톰 1000ml,탈리스커 다크스톰 1000ml
싱글톤 가든스 오브 어번던스 - 래디언트 스프링 가든 1000ml,1000,1000,1000,1000,31.28,3.13,40.25,4.03,36.04,3.6,신라,0.9,22.3,,,,,,,,신라,0.9,싱글톤 가든스 오브 어번던스 - 래디언트 스프링 가든 1000ml,싱글톤 가든스 오브 어번던스 - 래디언트 스프링 가든 1000ml,싱글톤 가든스 오브 어번던스 - 래디언트 스프링 가든 1000ml
몰트락 네버바운드 700ml,700,700,,700,95.76,13.68,,,102.0,14.57,신라,0.89,6.1,240000,34286,데일리샷,2026-06-28,19547,43.0,면세,,,몰트락 네버바운드 700ml,,몰트락 네버바운드 700ml
쿠라 클래식 700ml,700,700,,700,62.5,8.93,,,68.75,9.82,신라,0.89,9.1,,,,,,,,,,쿠라 클래식 700ml,,쿠라 클래식 700ml
더 글렌그란트 10년 1000ml,1000,1000,1000,1000,29.76,2.98,38.5,3.85,35.59,3.56,신라,0.87,22.7,69000,6900,데일리샷,2026-06-28,4258,38.3,면세,신라,0.87,더 글렌그란트 10년 1000ml,더 글렌그란트 10년 1000ml,더 글렌그란트 10년 1000ml
기원 해 700ml,700,700,700,700,40.3,5.76,37.38,5.34,43.4,6.2,롯데,0.86,13.9,,,,,,,,롯데,0.42,기원 해 700ml,기원 해 700ml,기원 해 700ml
듀어스 더블더블 30년 500ml,500,500,500,500,177.65,35.53,173.4,34.68,173.4,34.68,롯데/신세계,0.85,2.4,,,,,,,,롯데,0.85,듀어스 더블더블 30년 500ml,듀어스 더블더블 30년 500ml,듀어스 더블더블 30년 500ml
아드모어 트리플 우드 1000ml,1000,1000,,1000,58.8,5.88,,,50.4,5.04,신세계,0.84,14.3,,,,,,,,,,아드모어 트리플 우드 1000ml,,아드모어 트리플우드 1000ml
더 글렌리벳 14년 1000ml,1000,1000,1000,1000,59.51,5.95,59.5,5.95,51.17,5.12,신세계,0.83,14.0,,,,,,,,롯데,0.0,더 글렌리벳 14년 1000ml,더 글렌리벳 14년 1000ml,더 글렌리벳 14년 1000ml
롱몬23년 700ml,700,,700,700,,,208.8,29.83,203.0,29.0,신세계,0.83,2.8,,,,,,,,,,,롱몬 23년 700mL,롱몬23년 700ml
와일드터키 아메리칸 허니 1000ml,1000,,1000,1000,,,13.28,1.33,21.6,2.16,롯데,0.83,38.5,25000,3333,데일리샷,2026-06-28,1900,43.0,면세,,,,와일드터키 아메리칸 허니 1000ml,와일드터키 아메리칸 허니 1000ml
브룩라디 21년 700ml,700,700,,700,151.25,21.61,,,156.75,22.39,신라,0.79,3.5,,,,,,,,,,브룩라디 21년 700ml,,브룩라디 21년 700ml
기원 코리안 트래블 익스클루시브 700ml,700,700,,700,71.5,10.21,,,77.0,11.0,신라,0.79,7.1,,,,,,,,,,기원 코리안 트래블 익스클루시브 700ml,,"기원 코리안 트래블 익스클루시브, 700ml"
제임슨 블랙배럴 1000ml,1000,1000,,1000,30.53,3.05,,,38.41,3.84,신라,0.79,20.5,36800,5257,데일리샷,2026-06-28,4358,17.1,면세,,,제임슨 블랙배럴 1000ml,,제임슨 블랙배럴 1000ml
잭다니엘 아메리칸 싱글몰트 1000ml,1000,1000,1000,1000,50.4,5.04,48.24,4.82,56.0,5.6,롯데,0.78,13.9,,,,,,,,롯데,0.22,잭다니엘 아메리칸 싱글몰트 1000ml,잭다니엘 아메리칸 싱글몰트 1000ml,잭다니엘 아메리칸 싱글몰트 1000ml
아벨라워 13년 700ml,700,,700,700,,,52.65,7.52,47.25,6.75,신세계,0.77,10.3,,,,,,,,,,,아벨라워 13년 700ml,아벨라워 13년 700ml
기원 달 700ml,700,700,700,700,35.75,5.11,33.16,4.74,38.5,5.5,롯데,0.76,13.9,,,,,,,,롯데,0.37,기원 달 700ml,기원 달 700ml,기원 달 700ml
글렌파클라스 15년 700ml,700,700,700,700,74.25,10.61,69.25,9.89,74.52,10.65,롯데,0.75,7.1,119400,17057,트레이더스,2026-07-31,14132,17.2,면세,롯데,0.71,글렌파클라스 15년 700ml,글렌파클라스 15년 700ml,글렌파클라스 15년 700ml
듀어스 더블더블 20년 500ml,500,500,,500,70.76,14.15,,,67.03,13.41,신세계,0.75,5.3,,,,,,,,,,듀어스 더블더블 20년 500ml,,듀어스 더블더블 20년 500ml
와일드터키 켄터키 스피릿 1L,1000,1000,1000,1000,37.0,3.7,33.96,3.4,41.44,4.14,롯데,0.75,18.1,,,,,,,,롯데,0.3,와일드터키 켄터키 스피릿 1L,와일드터키 켄터키 스피릿 1000ml,와일드터키 켄터키 스피릿 1000ml
조니워커 18년 750ml,750,750,750,750,56.0,7.47,52.64,7.02,58.24,7.77,롯데,0.75,9.6,169000,24143,데일리샷,2026-06-28,10031,58.5,면세,롯데,0.45,조니워커 18년 750ml,조니워커 18년 750ml,조니워커 18년 750ml
와일드터키 롱브랜치 1000ml,1000,,1000,1000,,,27.66,2.77,34.8,3.48,롯데,0.71,20.5,,,,,,,,,,,와일드터키 롱브랜치 1000ml,와일드터키 롱브랜치 1000ml
뉴리프 싱글배럴 버번 750ml,750,750,,750,66.88,8.92,,,61.6,8.21,신세계,0.7,7.9,,,,,,,,,,뉴리프 싱글배럴 버번 750ml,,뉴리프 싱글배럴 버번 750ml
싱글톤 가든스 오브 어번던스 - 골든 어텀 오차드 1000ml,1000,1000,1000,1000,51.73,5.17,58.6,5.86,52.47,5.25,신라,0.69,11.7,,,,,,,,신라,0.69,싱글톤 가든스 오브 어번던스 - 골든 어텀 오차드 1000ml,싱글톤 가든스 오브 어번던스 - 골든 어텀 오차드 1000ml,싱글톤 가든스 오브 어번던스 - 골든 어텀 오차드1000ml
글렌드로낙 10년 1000ml,1000,1000,1000,1000,47.88,4.79,43.2,4.32,41.4,4.14,신세계,0.65,13.5,95000,9500,데일리샷,2026-06-28,5916,37.7,면세,롯데,0.47,글렌드로낙 10년 1000ml,글렌드로낙 10년 1000ml,글렌드로낙 10년 1000ml
아드벡 10년 1000ml,1000,1000,,1000,51.3,5.13,,,57.6,5.76,신라,0.63,10.9,114000,11400,데일리샷,2026-06-28,7330,35.7,면세,,,아드벡 10년 1000ml,,아드벡 10년 1000ml
잭다니엘 시나트라 셀렉트 1000ml,1000,1000,,1000,87.21,8.72,,,93.5,9.35,신라,0.63,6.7,,,,,,,,,,잭다니엘 시나트라 셀렉트 1000ml,,잭다니엘 시나트라 셀렉트 1000ml
몽키숄더 1000ml,1000,1000,1000,1000,30.0,3.0,26.4,2.64,32.5,3.25,롯데,0.61,18.8,49790,7113,코스트코,2026-07-31,3772,47.0,면세,롯데,0.36,몽키숄더 1000ml,몽키숄더 1000ml,몽키숄더 1000ml
벤리악 트리플 디스틸드 25년 700ml,700,700,700,700,245.48,35.07,242.82,34.69,247.0,35.29,롯데,0.6,1.7,,,,,,,,롯데,0.38,벤리악 트리플 디스틸드 25년 700ml,벤리악 트리플 디스틸드 25년 700ml,벤리악 트리플 디스틸드 25년 700ml
아드벡 코리브레칸 700ml,700,700,700,700,79.09,11.3,83.25,11.89,83.25,11.89,신라,0.59,5.0,,,,,,,,신라,0.59,아드벡 코리브레칸 700ml,아드벡 코리브레칸 700ml,아드벡 코리브레칸 700ml
조니워커 블랙 루비 1000ml,1000,1000,1000,1000,31.95,3.19,37.84,3.78,36.92,3.69,신라,0.59,15.6,52900,7557,데일리샷,2026-07-31,4558,39.7,면세,신라,0.59,조니워커 블랙 루비 1000ml,조니워커 블랙 루비 1000ml,조니워커 블랙 루비 1000ml
패터캐른 14년 700ml,700,700,,700,41.5,5.93,,,37.35,5.34,신세계,0.59,10.0,,,,,,,,,,패터캐른 14년 700ml,,패터캐른 14년 700ml
1792 풀프루프 싱글배럴셀렉트 750ml,750,,750,750,,,79.2,10.56,74.8,9.97,신세계,0.59,5.6,145000,20714,데일리샷,2026-06-28,14246,31.2,면세,,,,1792 풀프루프 싱글배럴 셀렉트 750ml,1792 풀프루프 싱글배럴셀렉트 750ml
글렌드로낙 16년 700ml,700,700,,700,103.95,14.85,,,108.0,15.43,신라,0.58,3.7,350000,50000,데일리샷,2026-06-28,21219,57.6,면세,,,글렌드로낙 16년 700ml,,글렌드로낙 16년 700ml
더 글렌리벳 12년 1000ml,1000,1000,1000,1000,52.51,5.25,52.2,5.22,46.73,4.67,신세계,0.58,11.0,60900,8700,데일리샷,2026-07-31,6673,23.3,면세,롯데,0.03,더 글렌리벳 12년 1000ml,더 글렌리벳 12년 1000ml,더 글렌리벳 12년 1000ml
쿠라요시 레귤러 700ml,700,700,,700,52.64,7.52,,,56.73,8.1,신라,0.58,7.2,,,,,,,,,,쿠라요시 레귤러 700ml,,쿠라요시 레귤러 700ml
조니워커 더블 블랙 1000ml,1000,1000,1000,1000,32.16,3.22,37.84,3.78,34.84,3.48,신라,0.57,15.0,44000,6286,데일리샷,2026-06-28,4601,26.8,면세,신라,0.57,조니워커 더블 블랙 1000ml,조니워커 더블 블랙 1000ml,조니워커 더블블랙 1000ml
글렌파클라스 105 1000ml,1000,1000,1000,1000,68.04,6.8,63.44,6.34,62.37,6.24,신세계,0.57,8.3,,,,,,,,롯데,0.46,글렌파클라스 105 1000ml,글렌파클라스 105 CS 1000ml,글렌파클라스 105 1000ml
글렌데브론 16년 1000ml,1000,1000,1000,1000,47.03,4.7,41.31,4.13,45.0,4.5,롯데,0.57,12.2,,,,,,,,롯데,0.57,글렌데브론 16년 1000ml,글렌데브론 16년 1000ml,글렌데브론 16년 1000ml
오켄토션 다크 오크 1000ml,1000,1000,1000,1000,40.82,4.08,35.11,3.51,38.48,3.85,롯데,0.57,14.0,,,,,,,,롯데,0.57,오켄토션 다크 오크 1000ml,오켄토션 다크 오크 1000ml,오켄토션 다크 오크 1000ml
조니워커 아일랜드 그린 1000ml,1000,1000,1000,1000,43.0,4.3,48.64,4.86,44.72,4.47,신라,0.56,11.6,,,,,,,,신라,0.56,조니워커 아일랜드 그린 1000ml,조니워커 아일랜드 그린 1000ml,조니워커 아일랜드 그린 1000ml
더 글렌리벳 19년 700ml,700,700,700,700,91.39,13.06,91.0,13.0,94.9,13.56,롯데,0.56,4.1,,,,,,,,롯데,0.06,더 글렌리벳 19년 700ml,더 글렌리벳 19년 700ml,더 글렌리벳 19년 700ml
짐빔 싱글 배럴  750ml,750,750,,750,19.27,2.57,,,23.5,3.13,신라,0.56,18.0,,,,,,,,,,짐빔 싱글 배럴  750ml,,짐빔 싱글배럴 750ml
스카라버스 10년 700ml,700,700,,700,42.8,6.11,,,46.75,6.68,신라,0.56,8.5,,,,,,,,,,스카라버스 10년 700ml,,스카라버스 10년 700ml
글렌모렌지 인피니타 18년 700ml,700,700,700,,90.0,12.86,86.25,12.32,,,롯데,0.54,4.2,,,,,,,,롯데,0.54,글렌모렌지 인피니타 18년 700ml,글렌모렌지 인피니타 18년 700ml,
러셀 리저브 라이 6년 750ml,750,750,,750,27.84,3.71,,,31.9,4.25,신라,0.54,12.7,55900,7986,데일리샷,2026-06-28,5301,33.6,면세,,,러셀 리저브 라이 6년 750ml,,러셀 리저브 라이 6년 750ml
글렌모레이 12년 1000ml,1000,1000,,1000,36.25,3.63,,,30.96,3.1,신세계,0.53,14.6,,,,,,,,,,글렌모레이 12년 1000ml,,글렌모레이 12년 1000ml
잭다니엘 싱글배럴 100프루프 700ml,700,700,700,700,34.88,4.98,38.55,5.51,37.4,5.34,신라,0.52,9.5,,,,,,,,신라,0.52,잭다니엘 싱글배럴 100프루프 700ml,잭다니엘 싱글배럴 100 프루프 700ml,잭다니엘 싱글배럴 100프루프 700ml
마르스 몰티지 코스모 700ml,700,700,,700,79.49,11.36,,,75.9,10.84,신세계,0.51,4.5,,,,,,,,,,마르스 몰티지 코스모 700ml,,마르스 몰티지 코스모 700ml
주라 더 팹스 700ml,700,700,,700,62.96,8.99,,,59.4,8.49,신세계,0.51,5.7,,,,,,,,,,주라 더 팹스 700ml,,주라 더 팹스 700ml
라프로익 12년 700ml,700,700,,700,42.0,6.0,,,38.5,5.5,신세계,0.5,8.3,,,,,,,,,,라프로익 12년 700ml,,라프로익 12년 700ml
아벨라워 아부나흐 700ml,700,700,700,700,80.5,11.5,80.73,11.53,77.28,11.04,신세계,0.49,4.3,200000,28571,데일리샷,2026-07-31,15775,44.8,면세,신라,0.03,아벨라워 아부나흐 700ml,아벨라워 아부나흐 700ml,아벨라워 아부나흐 700ml
달위니 15년 1000ml,1000,1000,1000,1000,65.15,6.52,65.02,6.5,69.85,6.98,롯데,0.48,6.9,109900,15700,데일리샷,2026-06-28,9288,40.8,면세,롯데,0.01,달위니 15년 1000ml,달위니 15년 1000ml,달위니 15년 1000ml
와일드터키 101 1000ml,1000,1000,1000,1000,24.96,2.5,29.8,2.98,28.8,2.88,신라,0.48,16.2,,,,,,,,신라,0.48,와일드터키 101 1000ml,와일드터키 101 1000ml,와일드터키101 1000ml
카미키 사쿠라 750ml,750,750,,750,71.4,9.52,,,67.83,9.04,신세계,0.48,5.0,128000,18286,데일리샷,2026-06-28,12917,29.4,면세,,,카미키 사쿠라 750ml,,카미키 사쿠라 750ml
더 글렌그란트 16년 1000ml,1000,1000,1000,1000,66.7,6.67,71.41,7.14,69.0,6.9,신라,0.47,6.6,,,,,,,,신라,0.47,더 글렌그란트 16년 1000ml,더 글렌그란트 16년 1000ml,더 글렌그란트 16년 1000ml
윌더니스 트레일 켄터키 스트레이트 라이 750ml,750,750,,750,25.18,3.36,,,28.7,3.83,신라,0.47,12.3,,,,,,,,,,윌더니스 트레일 켄터키 스트레이트 라이 750ml,,윌더니스 트레일 켄터키 스트레이트 라이 750ml
뉴리프 바틀인본드 버번 750ml,750,750,,750,51.03,6.8,,,47.6,6.35,신세계,0.46,6.7,,,,,,,,,,뉴리프 바틀인본드 버번 750ml,,뉴리프 바틀인본드 버번 750ml
아드벡 스모크트레일즈 배치3 1000ml,1000,1000,1000,1000,67.69,6.77,67.5,6.75,72.0,7.2,롯데,0.45,6.2,,,,,,,,롯데,0.02,아드벡 스모크트레일즈 배치3 1000ml,아드벡 스모크트레일즈 배치3 1000ml,아드벡 스모크트레일즈 배치3 1000ml
오켄토션 18년 700ml,700,700,,700,52.92,7.56,,,49.88,7.13,신세계,0.43,5.7,,,,,,,,,,오켄토션 18년 700ml,,오켄토션 18년 700ml
조니워커 블랙라벨 트리플캐스크 에디션 1000ml,1000,,1000,1000,,,37.84,3.78,34.02,3.4,신세계,0.38,10.1,39000,5571,데일리샷,2026-06-28,4858,12.8,면세,,,,조니워커 블랙 라벨 트리플 캐스크 에디션 1000ml,조니워커 블랙라벨 트리플캐스크 에디션 1000ml
더 글렌그란트 익스플로레이션 NO.1 700ml,700,,700,700,,,74.52,10.65,72.0,10.29,신세계,0.36,3.4,99800,14257,트레이더스,2026-05-27,14703,-3.1,국내,,,,더 글렌그란트 익스플로레이션 No.1 700ml,더 글렌그란트 익스플로레이션 NO.1 700ml
오켄토션 다크 오크 CNY 1000ml,1000,1000,,1000,33.11,3.31,,,36.58,3.66,신라,0.35,9.5,,,,,,,,,,오켄토션 다크 오크 CNY 1000ml,,오켄토션 다크오크 CNY 1000ml
주라 28년 700ml,700,700,,700,395.35,56.48,,,397.8,56.83,신라,0.35,0.6,,,,,,,,,,주라 28년 700ml,,주라 28년 700ml
메이커스 마크 101 1000ml,1000,1000,,1000,37.26,3.73,,,40.7,4.07,신라,0.34,8.5,,,,,,,,,,메이커스 마크 101 1000ml,,메이커스 마크 101 1000ml
토마틴 21년 700ml,700,700,,700,128.52,18.36,,,126.14,18.02,신세계,0.34,1.9,359000,51286,데일리샷,2026-06-28,25749,49.8,면세,,,토마틴 21년 700ml,,토마틴 21년 700ml
더 글렌그란트 오로라 1000ml,1000,1000,1000,1000,34.22,3.42,36.63,3.66,37.61,3.76,신라,0.34,9.0,,,,,,,,신라,0.24,더 글렌그란트 오로라 1000ml,더 글렌그란트 오로라 1000ml,더 글렌그란트 오로라 1000ml
올트모어 23년 CS 한정판 (화이트포트) 700ml,700,700,,700,321.86,45.98,,,324.16,46.31,신라,0.33,0.7,,,,,,,,,,올트모어 23년 CS 한정판 (화이트포트) 700ml,,올트모어 23년 CS 한정판 (화이트포트) 700ml
마르스 이와이 트레디션 750ml,750,750,,750,43.16,5.75,,,45.65,6.09,신라,0.33,5.5,75000,10714,데일리샷,2026-06-28,8216,23.3,면세,,,마르스 이와이 트레디션 750ml,,마르스 이와이 트레디션 750ml
우드포드 리저브 더블 오크 1000ml,1000,1000,1000,1000,41.33,4.13,44.55,4.46,44.1,4.41,신라,0.32,7.2,58000,8286,데일리샷,2026-07-31,5901,28.8,면세,신라,0.32,우드포드 리저브 더블 오크 1000ml,우드포드리저브 더블오크 1000ml,우드포드리저브 더블오크 1000ml
와일드터키101 라이 1000ml,1000,1000,,1000,20.7,2.07,,,23.92,2.39,신라,0.32,13.5,39900,5320,데일리샷,2026-06-28,2958,44.4,면세,,,와일드터키101 라이 1000ml,,와일드터키101 라이 1000ml
산토리 토키 블랙 1000ml,1000,1000,,1000,27.17,2.72,,,30.25,3.02,신라,0.31,10.2,,,,,,,,,,산토리 토키 블랙 1000ml,,산토리 토키 블랙 1000ml
로얄브라클라 12년 1000ml,1000,1000,1000,1000,51.6,5.16,48.64,4.86,48.89,4.89,롯데,0.3,5.7,89800,12829,트레이더스,2026-07-31,6944,45.9,면세,롯데,0.3,로얄브라클라 12년 1000ml,로얄브라클라 12년 1000ml,로얄브라클라 12년 1000ml
폴 존 클래식 1000ml,1000,1000,1000,1000,39.9,3.99,41.89,4.19,38.95,3.9,신세계,0.29,7.0,,,,,,,,신라,0.2,폴 존 클래식 1000ml,폴존 클래식 1000ml,폴존 클래식 1000ml
글렌모렌지 12년 어코드 1000ml,1000,1000,1000,1000,54.86,5.49,57.75,5.78,57.75,5.78,신라,0.29,5.0,69800,9971,트레이더스,2026-07-31,7845,21.3,면세,신라,0.29,글렌모렌지 12년 어코드 1000ml,글렌모렌지 12년 어코드 1000ml,글렌모렌지 12년 어코드 1000ml
롱몬 18년 700ml,700,,700,700,,,72.0,10.29,70.0,10.0,신세계,0.29,2.8,,,,,,,,,,,롱몬 18년 700mL,롱몬 18년 700ml
우드포드 리저브 디스틸러 셀렉트 1000ml,1000,1000,,1000,26.6,2.66,,,29.4,2.94,신라,0.28,9.5,58000,8286,데일리샷,2026-07-31,3801,54.1,면세,,,우드포드 리저브 디스틸러 셀렉트 1000ml,,우드포드리저브 디스틸러 셀렉트 1000ml
오켄토션 아메리칸 오크 1000ml,1000,1000,1000,1000,25.37,2.54,26.44,2.64,28.03,2.8,신라,0.27,9.5,,,,,,,,신라,0.11,오켄토션 아메리칸 오크 1000ml,오켄토션 아메리칸 오크 1000ml,오켄토션 아메리칸 오크 1000ml
미클토어 친커핀 700ml,700,700,,700,47.32,6.76,,,45.5,6.5,신세계,0.26,3.8,,,,,,,,,,미클토어 친커핀 700ml,,미클토어 친커핀 700ml
더 글렌그란트 캐스크 헤이븐 1000ml,1000,1000,,1000,39.15,3.91,,,41.76,4.18,신라,0.26,6.3,,,,,,,,,,더 글렌그란트 캐스크 헤이븐 1000ml,,더 글렌그란트 캐스크 헤이븐 1000ml
더 디콘 1000ml,1000,,1000,1000,,,30.87,3.09,28.4,2.84,신세계,0.25,8.0,35900,3590,데일리샷,2026-06-28,4058,-13.0,국내,,,,더 디콘 1000ml,더 디콘 1000ml
리젠트 버번 700ml,700,,700,700,,,33.25,4.75,35.0,5.0,롯데,0.25,5.0,,,,,,,,,,,리젠트 버번 700ml,리젠트 버번 700ml
밀크앤허니 에이펙스 알바 캐스크 700ml,700,,700,700,,,86.43,12.35,88.2,12.6,롯데,0.25,2.0,,,,,,,,,,,밀크앤허니 에이펙스 알바 캐스크 700ml,밀크앤허니 에이펙스 알바 캐스크 700ml
밀크앤허니 에이펙스 데킬라 캐스크 700ml,700,,700,700,,,86.43,12.35,88.2,12.6,롯데,0.25,2.0,,,,,,,,,,,밀크앤허니 에이펙스 데킬라 캐스크 700ml,밀크앤허니 에이펙스 데킬라 캐스크 700ml
와일드 터키 레어브리드 1000ml,1000,1000,1000,1000,36.86,3.69,39.12,3.91,37.17,3.72,신라,0.23,5.8,75000,10714,데일리샷,2026-07-31,5273,50.8,면세,신라,0.23,와일드 터키 레어브리드 1000ml,와일드터키 레어브리드 1000ml,와일드터키 레어브리드 1000ml
글렌모렌지 14년 엘레멘타 1000ml,1000,1000,1000,1000,67.5,6.75,67.5,6.75,69.75,6.98,신라/롯데,0.23,3.2,,,,,,,,동일,0.0,글렌모렌지 14년 엘레멘타 1000ml,글렌모렌지 14년 엘레멘타 1000ml,글렌모렌지 14년 엘레멘타 1000ml
로얄브라클라 18년 700ml,700,700,700,700,110.27,15.75,111.69,15.96,110.38,15.77,신라,0.2,1.3,207000,29571,데일리샷,2026-06-28,22505,23.9,면세,신라,0.2,로얄브라클라 18년 700ml,로얄브라클라 18년 700ml,로얄브라클라 18년 700ml
짐빔 블랙 체커팩 1000ml,1000,1000,,1000,17.55,1.75,,,19.5,1.95,신라,0.2,10.0,,,,,,,,,,짐빔 블랙 체커팩 1000ml,,짐빔 블랙 체커팩 1000ml
메이커스 마크 46 1000ml,1000,1000,,1000,33.73,3.37,,,35.71,3.57,신라,0.2,5.5,,,,,,,,,,메이커스 마크 46 1000ml,,메이커스 마크 46 1000ml
듀어스 18년 1000ml,1000,1000,,1000,53.37,5.34,,,55.33,5.53,신라,0.2,3.5,109800,14640,트레이더스,2026-07-31,7630,47.9,면세,,,듀어스 18년 1000ml,,듀어스 18년 1000ml
골드바 위스키 1000ml,1000,1000,,1000,29.9,2.99,,,27.95,2.79,신세계,0.19,6.5,,,,,,,,,,골드바 위스키 1000ml,,골드바 위스키 1000ml
쿠라 럼 캐스크 700ml,700,700,,700,75.6,10.8,,,74.25,10.61,신세계,0.19,1.8,,,,,,,,,,쿠라 럼 캐스크 700ml,,쿠라 럼 캐스크 700ml
로얄살루트 32년 500ml,500,500,500,500,312.97,62.59,313.79,62.76,312.9,62.58,신세계,0.18,0.3,650000,130000,데일리샷,2026-06-28,89420,31.2,면세,신라,0.16,로얄살루트 32년 500ml,로얄살루트 32년 500ml,로얄살루트 32년 500ml
레드브레스트 15년 700ml,700,700,,700,72.68,10.38,,,71.4,10.2,신세계,0.18,1.8,135900,19414,데일리샷,2026-06-28,14575,24.9,면세,,,레드브레스트 15년 700ml,,레드브레스트 15년 700ml
캐나디언 클럽 12년 1000ml,1000,1000,1000,1000,23.66,2.37,21.87,2.19,23.5,2.35,롯데,0.18,7.6,,,,,,,,롯데,0.18,캐나디언 클럽 12년 1000ml,캐나디언클럽 12년 1000ml,캐나디언 클럽 12년 1000ml
라프로익 포오크 2023 1000ml,1000,1000,,1000,40.51,4.05,,,38.79,3.88,신세계,0.17,4.2,88000,8800,데일리샷,2026-06-28,5544,37.0,면세,,,라프로익 포오크 2023 1000ml,,라프로익 포오크 2023 1000ml
마르스 이와이 750ml,750,750,,750,34.45,4.59,,,35.75,4.77,신라,0.17,3.6,,,,,,,,,,마르스 이와이 750ml,,마르스 이와이 750ml
짐빔 화이트 1000ml,1000,1000,,1000,11.88,1.19,,,13.5,1.35,신라,0.16,12.0,19500,2600,데일리샷,2026-06-28,1700,34.6,면세,,,짐빔 화이트 1000ml,,짐빔 화이트 1000ml
글렌모렌지 시그넷 700ml,700,700,700,700,169.29,24.18,168.3,24.04,168.3,24.04,롯데/신세계,0.14,0.6,520000,74286,데일리샷,2026-06-28,34351,53.8,면세,롯데,0.14,글렌모렌지 시그넷 700ml,글렌모렌지 시그넷 700ml,글렌모렌지 시그넷 700ml
조니워커 엑스오디네어 750ml,750,750,750,750,169.25,22.57,169.77,22.64,170.3,22.71,신라,0.14,0.6,,,,,,,,신라,0.07,조니워커 엑스오디네어 750ml,조니워커 엑스오디네어 750ml,조니워커 엑스오디네어 750ml
로얄살루트 21년 해리스 리드 에디션 700ml,700,700,700,700,160.33,22.9,159.38,22.77,160.3,22.9,롯데,0.14,0.6,344000,49143,데일리샷,2026-06-28,32536,33.8,면세,롯데,0.14,로얄살루트 21년 해리스 리드 에디션 700ml,로얄살루트 21년 해리스 리드 에디션 700ml,로얄살루트 21년 해리스 리드 에디션 700ml
로얄살루트 21년 빈티지 블렌디드 스카치 위스키 700ml,700,700,700,,147.73,21.1,146.85,20.98,,,롯데,0.13,0.6,185000,26429,데일리샷,2026-06-28,29978,-13.4,국내,롯데,0.13,로얄살루트 21년 빈티지 블렌디드 스카치 위스키 700ml,로얄살루트 21년 빈티지 블렌디드 스카치 위스키 700ml,
조니워커 블루라벨 500ml,500,500,500,500,103.36,20.67,103.68,20.74,104.0,20.8,신라,0.13,0.6,245000,32667,데일리샷,2026-06-28,29535,9.6,면세,신라,0.06,조니워커 블루라벨 500ml,조니워커 블루라벨 500ml,조니워커 블루라벨 500ml
잭다니엘 본디드 라이 1000ml,1000,1000,1000,1000,25.08,2.51,25.48,2.55,26.4,2.64,신라,0.13,5.0,,,,,,,,신라,0.04,잭다니엘 본디드 라이 1000ml,잭다니엘 본디드 라이 1000ml,잭다니엘 본디드 라이 1000ml
발렌타인 30년 700ml,700,,700,700,,,313.79,44.83,312.9,44.7,신세계,0.13,0.3,544000,72533,데일리샷,2026-06-28,63871,11.9,면세,,,,발렌타인 30년 700ml,발렌타인 30년 700ml
조니워커 블루 750ml,750,750,750,750,146.64,19.55,147.09,19.61,147.55,19.67,신라,0.12,0.6,245000,32667,데일리샷,2026-06-28,27935,14.5,면세,신라,0.06,조니워커 블루 750ml,조니워커 블루 라벨 750ml,조니워커 블루라벨 750ml
조니워커 블루 1000ml,1000,1000,1000,1000,195.09,19.51,195.69,19.57,196.3,19.63,신라,0.12,0.6,245000,32667,데일리샷,2026-06-28,27878,14.7,면세,신라,0.06,조니워커 블루 1000ml,조니워커 블루 라벨 1000ml,조니워커 블루라벨 1000ml
조니워커 블랙 1000ml,1000,1000,,1000,30.32,3.03,,,29.12,2.91,신세계,0.12,4.0,39000,5571,데일리샷,2026-06-28,4158,25.4,면세,,,조니워커 블랙 1000ml,,조니워커 블랙 1000ml
발베니 클래식 VAP 700ml,700,700,,700,59.59,8.51,,,60.4,8.63,신라,0.12,1.3,,,,,,,,,,발베니 클래식 VAP 700ml,,발베니 클래식 VAP 700ml
쿠라 8년 아와모리 700ml,700,700,700,,101.0,14.43,100.19,14.31,,,롯데,0.12,0.8,,,,,,,,롯데,0.12,쿠라 8년 아와모리 700ml,쿠라 8년 아와모리 700ml,
메이커스 마크 1000ml,1000,1000,,1000,28.2,2.82,,,27.1,2.71,신세계,0.11,3.9,36990,4932,코스트코,2026-07-03,3872,21.5,면세,,,메이커스 마크 1000ml,,메이커스 마크 1000ml
듀어스 12년 1000ml,1000,1000,,1000,27.66,2.77,,,26.52,2.65,신세계,0.11,4.1,39980,5711,트레이더스,2026-07-31,3787,33.7,면세,,,듀어스 12년 1000ml,,듀어스 12년 1000ml
조니워커 레드 라벨 1000ml,1000,,1000,1000,,,14.84,1.48,15.95,1.59,롯데,0.11,7.0,49940,2854,트레이더스,2026-06-30,2115,25.9,면세,,,,조니워커 레드라벨 1L,조니워커 레드 라벨 1000ml
폴 존 피티드 1000ml,1000,1000,,1000,42.0,4.2,,,43.0,4.3,신라,0.1,2.3,,,,,,,,,,폴 존 피티드 1000ml,,폴존 피티드 1000ml
짐빔 블랙 7년 1000ml,1000,1000,1000,1000,18.72,1.87,18.52,1.85,19.5,1.95,롯데,0.1,5.0,,,,,,,,롯데,0.02,짐빔 블랙 7년 1000ml,짐빔 블랙 7년 1000ml,짐빔 블랙 7년 1000ml
잭다니엘 본디드 1000ml,1000,1000,1000,1000,26.45,2.64,25.48,2.55,26.4,2.64,롯데,0.1,3.7,,,,,,,,롯데,0.1,잭다니엘 본디드 1000ml,잭다니엘 본디드 1000ml,잭다니엘 본디드 1000ml
엘리먼츠오브아일라 캐스크에디션 700ml,700,700,,700,36.26,5.18,,,35.55,5.08,신세계,0.1,2.0,,,,,,,,,,엘리먼츠오브아일라 캐스크에디션 700ml,,엘리먼츠오브아일라 캐스크 에디션 700ml
글렌피딕 21년 700ml,700,700,,700,145.2,20.74,,,145.86,20.84,신라,0.09,0.5,289000,41286,데일리샷,2026-06-28,29635,28.2,면세,,,글렌피딕 21년 700ml,,글렌피딕 21년 700ml
글렌글라사 샌드엔드 700ml,700,700,700,,35.91,5.13,35.28,5.04,,,롯데,0.09,1.8,79800,11400,트레이더스,2026-06-16,7202,36.8,면세,롯데,0.09,글렌글라사 샌드엔드 700ml,글렌글라사 샌드엔드 700ml,
시바스리갈 얼티스 1000ml,1000,,1000,1000,,,163.56,16.36,164.5,16.45,롯데,0.09,0.6,,,,,,,,,,,시바스리갈 얼티스 1000ml,시바스리갈 얼티스 1000ml
듀어스 15년 (New Edition) 1000ml,1000,1000,,1000,32.83,3.28,,,32.0,3.2,신세계,0.08,2.5,59400,8486,트레이더스,2026-07-31,4572,46.1,면세,,,듀어스 15년 (New Edition) 1000ml,,듀어스 15년 뉴 에디션 1000ml
잭다니엘 블랙라벨 1000ml,1000,1000,,1000,18.62,1.86,,,17.9,1.79,신세계,0.07,3.9,,,,,,,,,,잭다니엘 블랙라벨 1000ml,,잭다니엘 블랙라벨 1000ml
페이머스 그라우스 1000ml,1000,1000,,1000,15.75,1.57,,,15.0,1.5,신세계,0.07,4.8,24000,2400,데일리샷,2026-06-28,2143,10.7,면세,,,페이머스 그라우스 1000ml,,페이머스 그라우스 1L
글렌글라사 12년 700ml,700,,700,700,,,31.75,4.54,32.22,4.6,롯데,0.07,1.5,79000,11286,데일리샷,2026-06-28,6487,42.5,면세,,,,글렌글라사 12년 700ml,글렌글라사 12년 700ml
잭다니엘 허니 1000ml,1000,1000,1000,,18.95,1.9,19.53,1.95,,,신라,0.06,3.0,57900,5790,코스트코,2026-07-31,2715,53.1,면세,신라,0.06,잭다니엘 허니 1000ml,잭다니엘 허니 1000ml,
발렌타인 23년 700ml,700,,700,700,,,147.42,21.06,147.0,21.0,신세계,0.06,0.3,,,,,,,,,,,발렌타인 23년 700ml,발렌타인 23년 700ml
아벨라워 18년 700ml,700,,700,700,,,150.93,21.56,150.5,21.5,신세계,0.06,0.3,,,,,,,,,,,아벨라워 18년 700ml,아벨라워 18년 700ml
마츠이 미즈나라 캐스크 700ml,700,700,,700,57.0,8.14,,,57.33,8.19,신라,0.05,0.6,,,,,,,,,,마츠이 미즈나라 캐스크 700ml,,마츠이 미즈나라 캐스크 700ml
마츠이 사쿠라 캐스크 700ml,700,700,,700,57.0,8.14,,,57.33,8.19,신라,0.05,0.6,,,,,,,,,,마츠이 사쿠라 캐스크 700ml,,마츠이 사쿠라 캐스크 700ml
발렌타인 21년 700ml,700,,700,700,,,119.34,17.05,119.0,17.0,신세계,0.05,0.3,182900,26129,코스트코,2026-07-31,24291,7.0,면세,,,,발렌타인 21년 700ml,발렌타인 21년 700ml
시바스리갈 18년 700ml,700,,700,700,,,61.24,8.75,61.6,8.8,롯데,0.05,0.6,99000,13200,데일리샷,2026-06-28,12503,5.3,면세,,,,시바스리갈 18년 700ml,시바스리갈 18년 700ml
잭다니엘 싱글배럴 배럴스트렝스 700ml,700,,700,700,,,80.37,11.48,80.75,11.54,롯데,0.05,0.5,,,,,,,,,,,잭다니엘 싱글배럴 배럴 스트렝스 700ml,잭다니엘 싱글배럴 배럴스트렝스 700ml
글렌피딕 벳 2 퍼페추얼 컬렉션 1000ml,1000,,1000,1000,,,51.32,5.13,51.7,5.17,롯데,0.04,0.7,,,,,,,,,,,글렌피딕 벳 2 퍼페추얼 컬렉션 1000ml,글렌피딕 벳 2 퍼페추얼 컬렉션 1000ml
발렌타인 17년 700ml,700,,700,700,,,65.98,9.43,65.8,9.4,신세계,0.03,0.3,95000,13571,데일리샷,2026-06-28,13432,1.0,면세,,,,발렌타인 17년 700ml,발렌타인 17년 700ml
글렌피딕 벳 1 퍼페추얼 컬렉션 1000ml,1000,,1000,1000,,,42.58,4.26,42.9,4.29,롯데,0.03,0.7,,,,,,,,,,,글렌피딕 벳 1 퍼페추얼 컬렉션 1000ml,글렌피딕 벳 1 퍼페추얼 컬렉션 1000ml
시바스리갈 15년 1000ml,1000,,1000,1000,,,57.07,5.71,57.4,5.74,롯데,0.03,0.6,68000,9714,데일리샷,2026-06-28,8159,16.0,면세,,,,시바스리갈 15년 1000ml,시바스리갈 15년 1000ml
글렌글라사 포트소이 700ml,700,700,,700,39.27,5.61,,,39.39,5.63,신라,0.02,0.3,93000,13286,데일리샷,2026-06-28,8016,39.7,면세,,,글렌글라사 포트소이 700ml,,글렌글라사 포트소이 700ml
시바스리갈 13년 셰리 캐스크 1000ml,1000,,1000,1000,,,40.36,4.04,40.6,4.06,롯데,0.02,0.6,,,,,,,,,,,시바스리갈 13년 셰리 캐스크 1000ml,시바스리갈 13년 셰리 캐스크 1000ml
시바스리갈 13년 럼 캐스크 1000ml,1000,,1000,1000,,,40.36,4.04,40.6,4.06,롯데,0.02,0.6,,,,,,,,,,,시바스리갈 13년 럼 캐스크 1000ml,시바스리갈 13년 럼 캐스크 1000ml
잭다니엘 젠틀맨 잭 1000ml,1000,1000,1000,1000,25.35,2.53,25.25,2.53,25.3,2.53,롯데,0.01,0.4,,,,,,,,롯데,0.01,잭다니엘 젠틀맨 잭 1000ml,잭다니엘 젠틀맨잭 1000ml,잭다니엘 젠틀맨 잭 1000ml
발렌타인 10년 1000ml,1000,1000,1000,1000,30.81,3.08,30.88,3.09,30.8,3.08,신세계,0.01,0.3,31980,4569,트레이더스,2026-07-31,4401,3.7,면세,신라,0.01,발렌타인 10년 1000ml,발렌타인 10년 1L,발렌타인 10년 1000ml
밀크앤허니 클래식 싱글몰트 700ml,700,700,,700,37.39,5.34,,,37.35,5.34,신세계,0.01,0.1,84000,12000,데일리샷,2026-06-28,7630,36.4,면세,,,밀크앤허니 클래식 싱글몰트 700ml,,밀크앤허니 클래식 싱글몰트 700ml
올트모어 12년 1000ml,1000,1000,1000,,46.02,4.6,45.96,4.6,,,롯데,0.01,0.1,73500,10500,데일리샷,2026-06-28,6573,37.4,면세,롯데,0.01,올트모어 12년 1000ml,올트모어 12년 1000ml,
짐빔 블랙 1000ml,1000,1000,,1000,19.64,1.96,,,19.5,1.95,신세계,0.01,0.7,38900,5557,데일리샷,2026-06-28,2786,49.9,면세,,,짐빔 블랙 1000ml,,짐빔 블랙 1000ml
카발란 비노바리끄 솔리스트 1000ml,1000,1000,1000,1000,138.0,13.8,138.0,13.8,138.0,13.8,신라/롯데/신세계,0.0,0.0,,,,,,,,동일,0.0,카발란 비노바리끄 솔리스트 1000ml,카발란 비노 바리끄 솔리스트 1000ml,카발란 비노바리끄 솔리스트 1000ml
달모어 45년 700ml,700,700,,700,23512.5,3358.93,,,23512.5,3358.93,신라/신세계,0.0,0.0,40000000,5714286,데일리샷,2026-06-28,4799542,16.0,면세,,,달모어 45년 700ml,,달모어 45년 2024년 에디션 700ml
카발란 솔리스트 마데이라 1000ml,1000,1000,1000,1000,187.2,18.72,187.2,18.72,187.2,18.72,신라/롯데/신세계,0.0,0.0,,,,,,,,동일,0.0,카발란 솔리스트 마데이라 1000ml,카발란 솔리스트 마데이라 1000ml,카발란 솔리스트 마데이라 1000ML
로얄살루트 21년 700ml,700,700,,700,123.23,17.6,,,123.2,17.6,신세계,0.0,0.0,179800,25686,트레이더스,2026-07-31,25148,2.1,면세,,,로얄살루트 21년 700ml,,로얄살루트 21년 700ml
카발란 피노 솔리스트 1000ml,1000,1000,,1000,304.0,30.4,,,304.0,30.4,신라/신세계,0.0,0.0,,,,,,,,,,카발란 피노 솔리스트 1000ml,,카발란 피노 솔리스트 1000ml
카발란 포트 솔리스트 1000ml,1000,1000,1000,1000,130.8,13.08,130.8,13.08,130.8,13.08,신라/롯데/신세계,0.0,0.0,,,,,,,,동일,0.0,카발란 포트 솔리스트 1000ml,카발란 포트 솔리스트 1000ml,카발란 포트 솔리스트 1000ml
카발란 올로로소 쉐리 오크 1000ml,1000,1000,1000,1000,103.2,10.32,103.2,10.32,103.2,10.32,신라,0.0,0.0,,,,,,,,신라,0.0,카발란 올로로소 쉐리 오크 1000ml,카발란 올로로소 쉐리오크 1000ml,카발란 올로로소 쉐리 오크 1000ml
발렌타인 21년 아티스트 에디션 5 700ml,700,700,,700,116.93,16.7,,,116.9,16.7,신세계,0.0,0.0,184000,26286,데일리샷,2026-06-28,23862,9.2,면세,,,발렌타인 21년 아티스트 에디션 5 700ml,,발렌타인 21년 아티스트 에디션 5 700ml
듀어스 더블더블 26년 500ml,500,500,,500,124.88,24.98,,,124.88,24.98,신라,0.0,0.0,,,,,,,,,,듀어스 더블더블 26년 500ml,,듀어스 더블더블 26년 500ml
NEW 올트모어 18년 (마데이라) 500ml,500,500,,500,65.31,13.06,,,65.31,13.06,신세계,0.0,0.0,178000,25429,데일리샷,2026-06-28,18661,26.6,면세,,,NEW 올트모어 18년 (마데이라) 500ml,,NEW 올트모어 18년 (마데이라) 500ml
글렌피딕 XX 700ml,700,700,,700,50.6,7.23,,,50.6,7.23,신라/신세계,0.0,0.0,,,,,,,,,,글렌피딕 XX 700ml,,글렌피딕 XX 700ml
달모어 퀸텟 700ml,700,700,,700,141.55,20.22,,,141.55,20.22,신라/신세계,0.0,0.0,,,,,,,,,,달모어 퀸텟 700ml,,달모어 퀸텟 700ml
발렌타인 21년 500ml,500,500,,500,84.72,16.94,,,84.7,16.94,신세계,0.0,0.0,182900,26129,코스트코,2026-07-31,24205,7.4,면세,,,발렌타인 21년 500ml,,발렌타인 21년 500ml
로얄살루트 21년 1000ml,1000,1000,,1000,175.74,17.57,,,175.7,17.57,신세계,0.0,0.0,179800,25686,트레이더스,2026-07-31,25106,2.3,면세,,,로얄살루트 21년 1000ml,,로얄살루트 21년 1000ml
히비키 마스터즈 셀렉트 스페셜 에디션 700ml,700,700,700,700,238.0,34.0,238.0,34.0,238.0,34.0,신라/롯데/신세계,0.0,0.0,,,,,,,,동일,0.0,히비키 마스터즈 셀렉트 스페셜 에디션 700ml,히비키 마스터즈 셀렉트 스페셜 에디션 700ml,히비키 마스터즈 셀렉트 스페셜 에디션 700ml
산토리 야마자키 코게이 700ml,700,700,,700,230.0,32.86,,,230.0,32.86,신라/신세계,0.0,0.0,,,,,,,,,,산토리 야마자키 코게이 700ml,,산토리 야마자키 코게이 700ml
달모어 12년 1000ml,1000,1000,,1000,111.15,11.12,,,111.15,11.12,신라/신세계,0.0,0.0,99800,14257,트레이더스,2026-07-31,15889,-11.4,국내,,,달모어 12년 1000ml,,달모어 12년 1000ml
NEW 올트모어 21년 (깔바도스) 500ml,500,500,,500,103.98,20.8,,,103.98,20.8,신라,0.0,0.0,242000,34571,데일리샷,2026-06-28,29721,14.0,면세,,,NEW 올트모어 21년 (깔바도스) 500ml,,NEW 올트모어 21년 (깔바도스) 500ml
카발란 마스터 셀렉트 넘버 1 1000ml,1000,1000,,1000,81.0,8.1,,,81.0,8.1,신라/신세계,0.0,0.0,,,,,,,,,,카발란 마스터 셀렉트 넘버 1 1000ml,,카발란 마스터 셀렉트 넘버 1 1000ml
NEW 올트모어 12년 (올로로소 쉐리) 500ml,500,500,,500,27.17,5.43,,,27.17,5.43,신라/신세계,0.0,0.0,73500,10500,데일리샷,2026-06-28,7759,26.1,면세,,,NEW 올트모어 12년 (올로로소 쉐리) 500ml,,NEW 올트모어 12년 (올로로소 쉐리) 500ml
시바스리갈 12년 1000ml,1000,1000,,1000,33.61,3.36,,,33.6,3.36,신세계,0.0,0.0,49900,6653,데일리샷,2026-06-28,4801,27.8,면세,,,시바스리갈 12년 1000ml,,시바스리갈 12년 1000ml
카발란 마스터 셀렉트 넘버 2 1000ml,1000,1000,,1000,81.0,8.1,,,81.0,8.1,신라/신세계,0.0,0.0,,,,,,,,,,카발란 마스터 셀렉트 넘버 2 1000ml,,카발란 마스터 셀렉트 넘버 2 1000ml
카발란 콘서트마스터 1000ml,1000,1000,1000,1000,52.8,5.28,52.8,5.28,52.8,5.28,신라/롯데/신세계,0.0,0.0,,,,,,,,동일,0.0,카발란 콘서트마스터 1000ml,카발란 콘서트마스터 1000ml,카발란 콘서트마스터 1000ml
카발란 클래식 1000ml,1000,1000,1000,1000,65.4,6.54,65.4,6.54,65.4,6.54,신라/롯데/신세계,0.0,0.0,,,,,,,,동일,0.0,카발란 클래식 1000ml,카발란 클래식 1000ml,카발란 클래식 1000ml
글렌데브론 20년 1000ml,1000,1000,,1000,63.5,6.35,,,63.5,6.35,신라/신세계,0.0,0.0,,,,,,,,,,글렌데브론 20년 1000ml,,글렌데브론 20년 1000ml
부쉬밀 오리지널 아이리쉬 위스키 1000ml,1000,1000,1000,,13.5,1.35,13.5,1.35,,,신라/롯데,0.0,0.0,,,,,,,,동일,0.0,부쉬밀 오리지널 아이리쉬 위스키 1000ml,부쉬밀 오리지널 아이리쉬 위스키 1000ml,
달모어 시가몰트 리저브 700ml,700,700,,700,118.75,16.96,,,118.75,16.96,신라/신세계,0.0,0.0,205000,29286,데일리샷,2026-06-28,24234,17.2,면세,,,달모어 시가몰트 리저브 700ml,,달모어 시가몰트 리저브 700ml
로얄브라클라 24년 익셉셔널 캐스크 CS (올로로소) 700ml,700,700,,700,629.3,89.9,,,629.3,89.9,신라/신세계,0.0,0.0,,,,,,,,,,로얄브라클라 24년 익셉셔널 캐스크 CS (올로로소) 700ml,,로얄브라클라 24년 익셉셔널 캐스크 CS (올로로소) 700ml
NEW 올트모어 25년 (1st Fill 올로로소 쉐리) 500ml,500,500,,500,231.47,46.29,,,231.47,46.29,신라,0.0,0.0,649000,92714,데일리샷,2026-06-28,66143,28.7,면세,,,NEW 올트모어 25년 (1st Fill 올로로소 쉐리) 500ml,,NEW 올트모어 25년 (1st fill 올로로소 쉐리) 500ml
달모어 40년 2024년 에디션 700ml,700,700,,700,14440.0,2062.86,,,14440.0,2062.86,신라/신세계,0.0,0.0,,,,,,,,,,달모어 40년 2024년 에디션 700ml,,달모어 40년 2024년 에디션 700ml
달모어 컨스텔레이션 1991 캐스크 27 700ml,700,700,,700,5633.5,804.79,,,5633.5,804.79,신라/신세계,0.0,0.0,,,,,,,,,,달모어 컨스텔레이션 1991 캐스크 27 700ml,,달모어 컨스텔레이션 1991 캐스크 27 700ml
달모어 20년 700ml,700,700,700,700,641.25,91.61,641.25,91.61,641.25,91.61,신라/롯데/신세계,0.0,0.0,789000,112714,데일리샷,2026-06-28,130901,-16.1,국내,동일,0.0,달모어 20년 700ml,달모어 20년 700ml,달모어 20년 700ml
달모어 28년 700ml,700,700,700,700,4322.5,617.5,4322.5,617.5,4322.5,617.5,신라/롯데/신세계,0.0,0.0,,,,,,,,동일,0.0,달모어 28년 700ml,달모어 28년 700ml,달모어 28년 700ml
달모어 루미너리 No.2 700ml,700,700,,700,332.5,47.5,,,332.5,47.5,신라/신세계,0.0,0.0,,,,,,,,,,달모어 루미너리 No.2 700ml,,달모어 루미나리 No.2 700ml
엘리먼츠오브아일라 버번캐스크 700ml,700,700,,700,49.05,7.01,,,49.05,7.01,신라/신세계,0.0,0.0,127000,18143,데일리샷,2026-06-28,10017,44.8,면세,,,엘리먼츠오브아일라 버번캐스크 700ml,,엘리먼츠오브아일라 버번 캐스크 700ml
글렌모렌지 오리지널 1000ml,1000,1000,1000,1000,39.0,3.9,39.0,3.9,39.0,3.9,신라/롯데/신세계,0.0,0.0,,,,,,,,동일,0.0,글렌모렌지 오리지널 1000ml,글렌모렌지 오리지널 1000ml,글렌모렌지 오리지널 1000ml
달모어 18년 2024년 에디션 700ml,700,700,,700,332.5,47.5,,,332.5,47.5,신라/신세계,0.0,0.0,499000,71286,데일리샷,2026-06-28,67872,4.8,면세,,,달모어 18년 2024년 에디션 700ml,,달모어 18년 2024년 에디션 700ml
달모어 콰르텟 1000ml,1000,1000,,1000,127.3,12.73,,,127.3,12.73,신라/신세계,0.0,0.0,,,,,,,,,,달모어 콰르텟 1000ml,,달모어 콰르텟 1000ml
니카 테일러드 700ml,700,700,,700,81.0,11.57,,,81.0,11.57,신라/신세계,0.0,0.0,,,,,,,,,,니카 테일러드 700ml,,니카 테일러드 700ml
달모어 2008 빈티지 700ml,700,700,,700,213.75,30.54,,,213.75,30.54,신라/신세계,0.0,0.0,,,,,,,,,,달모어 2008 빈티지 700ml,,달모어 2008 빈티지 700ml
달모어 트리오 1000ml,1000,1000,,1000,99.75,9.98,,,99.75,9.98,신라/신세계,0.0,0.0,205000,20500,데일리샷,2026-06-28,14260,30.4,면세,,,달모어 트리오 1000ml,,달모어 트리오 1000ml
달모어 시가 몰트 1000ml,1000,1000,,1000,173.85,17.39,,,173.85,17.39,신라/신세계,0.0,0.0,205000,29286,데일리샷,2026-06-28,24848,15.2,면세,,,달모어 시가 몰트 1000ml,,달모어 시가몰트 1000ml
달모어 15년 1000ml,1000,1000,,1000,174.8,17.48,,,174.8,17.48,신라/신세계,0.0,0.0,229000,32714,데일리샷,2026-06-28,24977,23.7,면세,,,달모어 15년 1000ml,,달모어 15년 1000ml
[면세한정] 달모어 19년 PX 쉐리캐스크 700ml,700,,700,700,,,332.5,47.5,332.5,47.5,롯데/신세계,0.0,0.0,,,,,,,,,,,[면세한정] 달모어 19년 PX 쉐리캐스크 700ml,[면세한정] 달모어 19년 PX 쉐리캐스크 700ml
[면세한정]달모어 16년 PX 쉐리캐스크 700ml,700,,700,700,,,156.75,22.39,156.75,22.39,롯데/신세계,0.0,0.0,,,,,,,,,,,[면세한정] 달모어 16년 PX 쉐리캐스크 700ml,[면세한정]달모어 16년 PX 쉐리캐스크 700ml
카발란 EX 버번 솔리스트 1000ml,1000,,1000,1000,,,92.4,9.24,92.4,9.24,롯데/신세계,0.0,0.0,,,,,,,,,,,카발란 EX-버번 솔리스트 1000ml,카발란 EX 버번 솔리스트 1000ml
발베니 21 포트우드 700ml,700,,700,700,,,288.0,41.14,288.0,41.14,롯데/신세계,0.0,0.0,,,,,,,,,,,발베니 21 포트우드 700ml,발베니 21 포트우드 700ml
달모어 포트폴리오 시리즈1 2015 700ml,700,,700,700,,,593.75,84.82,593.75,84.82,롯데/신세계,0.0,0.0,,,,,,,,,,,달모어 포트폴리오 시리즈1 2015 700ml,달모어 포트폴리오 시리즈1 2015 700ml
발렌타인 파이니스트 1000ml,1000,,1000,1000,,,17.55,1.75,17.5,1.75,신세계,0.0,0.3,26000,2600,데일리샷,2026-06-28,2501,3.8,면세,,,,발렌타인 파이니스트 1000ml,발렌타인 파이니스트 1000ml
달모어 포트폴리오 시리즈2 2007 700ml,700,,700,700,,,883.5,126.21,883.5,126.21,롯데/신세계,0.0,0.0,,,,,,,,,,,달모어 포트폴리오 시리즈2 2007 700ml,달모어 포트폴리오 시리즈2 2007 700ml
달모어 킹 알렉산더 3세 TRX 700ml,700,,700,700,,,297.35,42.48,297.35,42.48,롯데/신세계,0.0,0.0,369000,52714,데일리샷,2026-06-28,60699,-15.1,국내,,,,달모어 킹알렉산더 3세 TRX 700ml,달모어 킹 알렉산더 3세 TRX 700ml
[면세한정] 달모어 13년 PX 쉐리캐스크 700ml,700,,700,700,,,76.0,10.86,76.0,10.86,롯데/신세계,0.0,0.0,,,,,,,,,,,[면세한정] 달모어 13년 PX 쉐리캐스크 700ml,[면세한정] 달모어 13년 PX 쉐리캐스크 700ml
탈리스커 SR FY24 700ml(2023 Special Release),700,,700,700,,,86.4,12.34,86.4,12.34,롯데/신세계,0.0,0.0,,,,,,,,,,,탈리스커 SR FY24 700ml(2023 Special Release),탈리스커 SR FY24 700ml(2023 Special Release)
